#Combined_Mesh_(root:_scene).obj

v 59 -7 18
v 56 -7 18
v 59 -4 18
v 56 -4 18
v 56 -7 18
v 56 -7 13
v 56 -4 18
v 56 -4 13
v 56 -7 13
v 59 -7 13
v 56 -4 13
v 59 -4 13
v 59 -7 13
v 59 -7 18
v 59 -4 13
v 59 -4 18
v 59 -4 18
v 56 -4 18
v 59 -4 13
v 56 -4 13
v 59 -7 13
v 56 -7 13
v 59 -7 18
v 56 -7 18
v 20 -4 24
v 19 -4 24
v 20 -3.950164 24
v 19 -3.950164 24
v 19 -4 24
v 19 -4 23
v 19 -3.950164 24
v 19 -3.950164 23
v 19 -4 23
v 20 -4 23
v 19 -3.950164 23
v 20 -3.950164 23
v 20 -4 23
v 20 -4 24
v 20 -3.950164 23
v 20 -3.950164 24
v 20 -3.950164 24
v 19 -3.950164 24
v 20 -3.950164 23
v 19 -3.950164 23
v 20 -4 23
v 19 -4 23
v 20 -4 24
v 19 -4 24
v 38 -5 -26
v 37 -5 -26
v 38 -4.950164 -26
v 37 -4.950164 -26
v 37 -5 -26
v 37 -5 -29
v 37 -4.950164 -26
v 37 -4.950164 -29
v 37 -5 -29
v 38 -5 -29
v 37 -4.950164 -29
v 38 -4.950164 -29
v 38 -5 -29
v 38 -5 -26
v 38 -4.950164 -29
v 38 -4.950164 -26
v 38 -4.950164 -26
v 37 -4.950164 -26
v 38 -4.950164 -29
v 37 -4.950164 -29
v 38 -5 -29
v 37 -5 -29
v 38 -5 -26
v 37 -5 -26
v 37 -4 -26
v 36 -4 -26
v 37 -3.950164 -26
v 36 -3.950164 -26
v 36 -4 -26
v 36 -4 -27
v 36 -3.950164 -26
v 36 -3.950164 -27
v 36 -4 -27
v 37 -4 -27
v 36 -3.950164 -27
v 37 -3.950164 -27
v 37 -4 -27
v 37 -4 -26
v 37 -3.950164 -27
v 37 -3.950164 -26
v 37 -3.950164 -26
v 36 -3.950164 -26
v 37 -3.950164 -27
v 36 -3.950164 -27
v 37 -4 -27
v 36 -4 -27
v 37 -4 -26
v 36 -4 -26
v 39 -6 -25
v 38 -6 -25
v 39 -5.950164 -25
v 38 -5.950164 -25
v 38 -6 -26
v 38 -6 -29
v 38 -5.950164 -26
v 38 -5.950164 -29
v 38 -6 -29
v 39 -6 -29
v 38 -5.950164 -29
v 39 -5.950164 -29
v 39 -6 -29
v 39 -6 -26
v 39 -5.950164 -29
v 39 -5.950164 -26
v 39 -5.950164 -26
v 38 -5.950164 -26
v 39 -5.950164 -29
v 38 -5.950164 -29
v 39 -6 -29
v 38 -6 -29
v 39 -6 -26
v 38 -6 -26
v 39 -6 -26
v 38 -6 -26
v 39 -6 -25
v 38 -6 -25
v 39 -5.950164 -26
v 39 -6 -26
v 39 -5.950164 -25
v 39 -6 -25
v 36 -6 -26
v 36 -5.950164 -26
v 36 -6 -25
v 36 -5.950164 -25
v 38 -5.950164 -26
v 39 -5.950164 -26
v 38 -5.950164 -25
v 39 -5.950164 -25
v 38 -6 -26
v 38 -5.950164 -26
v 36 -6 -26
v 36 -5.950164 -26
v 38 -6 -25
v 38 -6 -26
v 36 -6 -25
v 36 -6 -26
v 38 -5.950164 -26
v 38 -5.950164 -25
v 36 -5.950164 -26
v 36 -5.950164 -25
v 38 -5.950164 -25
v 38 -6 -25
v 36 -5.950164 -25
v 36 -6 -25
v 20 -3 23
v 19 -3 23
v 20 -2.950164 23
v 19 -2.950164 23
v 19 -3 23
v 19 -3 21
v 19 -2.950164 23
v 19 -2.950164 21
v 19 -3 21
v 20 -3 21
v 19 -2.950164 21
v 20 -2.950164 21
v 20 -3 21
v 20 -3 23
v 20 -2.950164 21
v 20 -2.950164 23
v 20 -2.950164 23
v 19 -2.950164 23
v 20 -2.950164 21
v 19 -2.950164 21
v 20 -3 21
v 19 -3 21
v 20 -3 23
v 19 -3 23
v 63 -5 -21
v 61 -5 -21
v 63 -4.950164 -21
v 61 -4.950164 -21
v 61 -5 -21
v 61 -5 -23
v 61 -4.950164 -21
v 61 -4.950164 -23
v 61 -5 -23
v 63 -5 -23
v 61 -4.950164 -23
v 63 -4.950164 -23
v 63 -5 -23
v 63 -5 -21
v 63 -4.950164 -23
v 63 -4.950164 -21
v 63 -4.950164 -21
v 61 -4.950164 -21
v 63 -4.950164 -23
v 61 -4.950164 -23
v 63 -5 -23
v 61 -5 -23
v 63 -5 -21
v 61 -5 -21
v 20 -5 25
v 19 -5 25
v 20 -4.950164 25
v 19 -4.950164 25
v 19 -5 25
v 19 -5 24
v 19 -4.950164 25
v 19 -4.950164 24
v 19 -5 24
v 20 -5 24
v 19 -4.950164 24
v 20 -4.950164 24
v 21 -5 24
v 21 -5 25
v 21 -4.950164 24
v 21 -4.950164 25
v 20 -4.950164 25
v 19 -4.950164 25
v 20 -4.950164 24
v 19 -4.950164 24
v 20 -5 24
v 19 -5 24
v 20 -5 25
v 19 -5 25
v 20 -5 24
v 20 -5 25
v 21 -5 24
v 21 -5 25
v 20 -4.950164 21
v 20 -5 21
v 21 -4.950164 21
v 21 -5 21
v 20 -5 25
v 20 -4.950164 25
v 21 -5 25
v 21 -4.950164 25
v 20 -4.950164 25
v 20 -4.950164 24
v 21 -4.950164 25
v 21 -4.950164 24
v 20 -4.950164 24
v 20 -5 24
v 20 -4.950164 21
v 20 -5 21
v 21 -4.950164 24
v 20 -4.950164 24
v 21 -4.950164 21
v 20 -4.950164 21
v 20 -5 24
v 21 -5 24
v 20 -5 21
v 21 -5 21
v 21 -5 24
v 21 -4.950164 24
v 21 -5 21
v 21 -4.950164 21
v 37 -3 -27
v 36 -3 -27
v 37 -2.950164 -27
v 36 -2.950164 -27
v 36 -3 -27
v 36 -3 -29
v 36 -2.950164 -27
v 36 -2.950164 -29
v 36 -3 -29
v 37 -3 -29
v 36 -2.950164 -29
v 37 -2.950164 -29
v 37 -3 -29
v 37 -3 -27
v 37 -2.950164 -29
v 37 -2.950164 -27
v 37 -2.950164 -27
v 36 -2.950164 -27
v 37 -2.950164 -29
v 36 -2.950164 -29
v 37 -3 -29
v 36 -3 -29
v 37 -3 -27
v 36 -3 -27
v 2 -6 40
v -10 -6 40
v 2 -6 35
v -10 -6 35
v 2 -7 40
v -10 -7 40
v 2 -6 40
v -10 -6 40
v 2 -7 35
v 2 -7 40
v 2 -6 35
v 2 -6 40
v -10 -7 40
v 2 -7 40
v -10 -7 45
v 19 -7 35
v 19 -7 45
v 2 -7 35
v 32 -7 45
v 19 -7 45
v 32 -7 35
v 19 -7 35
v 35 -7 43
v 35 -7 37
v 38 -7 37
v 38 -7 43
v 35 -7 43
v 35 -7 45
v 32 -7 45
v 32 -7 35
v 35 -7 37
v 35 -7 35
v 19 1 -18
v 24 1 -18
v 24 1 -24
v 19 1 -24
v 24 1 -18
v 29 1 -18
v 29 1 -24
v 24 1 -24
v 29 1 -16
v 35 1 -16
v 35 1 -28
v 29 1 -28
v 29 1 -16
v 29 1 -1
v 35 1 -5
v 35 1 -16
v 45 1 -1
v 45 1 -5
v 19 1 -14
v 3 1 -14
v 3 1 -9
v 19 1 -9
v 19 1 5
v 3 1 5
v 3 1 10
v 19 1 10
v 3 1 5
v -2 1 5
v -2 1 10
v 3 1 10
v -2 1 5
v -5 1 5
v -5 1 10
v -2 1 10
v 3 1 -9
v -2 1 -9
v 3 1 5
v -2 1 5
v 19 1 -14
v 19 1 -9
v 24 1 -11.5
v 24 1 6
v 19 1 5
v 24 1 -18
v 19 1 -18
v 19 1 10
v 24 1 10
v -7 1 -24
v -7 1 -18
v 19 1 -18
v 3 1 -24
v 13 1 -24
v 19 1 -24
v 8 1 -24
v -5 1 -31
v -7 1 -31
v -7 1 -27
v 3 1 -24
v 3 1 -31
v -7 1 -24
v 3 1 -42
v -5 1 -42
v -7 1 -17
v 19 1 -18
v -7 1 -18
v 19 1 -17
v -7 0 -17
v 19 1 -17
v -7 1 -17
v 19 0 -17
v -16 1 -24
v -7 1 -24
v -7 1 -27
v -13 1 -27
v -16 1 -29
v -13 1 -34
v -27 1 -29
v -32 1 -34
v -27 1 -14
v -32 1 -9
v -2 1 -9
v 3 1 -14
v 3 1 -9
v 1 1 -42
v 1 1 -45
v -4 1 -45
v -4 1 -42
v 24 1 -45
v 24 1 -51
v -7 1 -51
v -7 1 -45
v 16 1 -45
v 16 1 -42
v 21 1 -42
v 21 1 -45
v 18 1 -51
v 18 1 -58
v -1 1 -58
v -1 1 -51
v 21 1 -34
v 26 1 -34
v 21 1 -42
v 26 1 -42
v 16 1 -42
v 16 1 -34
v 8 1 -39
v 8 1 -24
v 13 1 -24
v 13 1 -34
v 16 1 -39
v 16 1 -34
v -2 1 10
v -2 1 13
v 3 1 13
v 3 1 10
v -1 1 23
v 5 1 23
v 5 1 13
v -5 1 13
v -5 1 23
v -1 1 27
v -5 1 27
v 5 1 27
v -1 1 27
v -5 1 27
v -5 1 33
v -1 1 33
v 5 1 23
v 5 1 27
v 17 1 27
v 17 1 23
v -5 1 34
v -1 1 34
v -5 1 33
v -1 1 33
v 18 1 27
v 18 1 23
v 17 1 23
v 17 1 27
v 29 -4 6
v 26 -2 10
v 26 -2 6
v 29 -4 10
v 32 -6 15
v 35 -4 11
v 35 -4 15
v 32 -6 11
v 30 -6 15
v 32 -6 11
v 32 -6 15
v 30 -6 11
v 25 -6 15
v 25 -6 11
v 30 -6 15
v 30 -6 11
v 39 -4 6
v 29 -4 10
v 29 -4 6
v 35 -4 10
v 39 -4 15
v 35 -4 11
v 35 -4 15
v 26 -2 6
v 24 -2 10
v 24 -2 6
v 26 -2 10
v 24 -2 20
v 19 -2 20
v 19 -2 19
v 24 -2 19
v 24 -2 10
v 19 -2 5
v 24 -2 6
v 19 -2 10
v 24 -2 19
v 19 -2 10
v 24 -2 10
v 19 -2 19
v 16 -4 50
v 16 -4 49
v 16 -3 50
v 16 -3 49
v 18 -4 49
v 18 -4 50
v 18 -2 49
v 18 -2 50
v 18 -2 49
v 18 -2 50
v 17 -2 50
v 17 -2 49
v 16 -4 49
v 18 -4 49
v 17 -3 49
v 16 -3 49
v 17 -2 49
v 18 -2 49
v 16 -3 49
v 17 -3 50
v 16 -3 50
v 17 -3 49
v 17 -3 50
v 17 -2 49
v 17 -2 50
v 17 -3 49
v 3 -1 -5
v 2 -1 -5
v 3 0 -5
v 2 0 -5
v 2 -1 -5
v 2 -1 -6
v 2 0 -5
v 2 0 -6
v 2 -1 -6
v 2 -1 -5
v 1 -1 -6
v 1 -1 -5
v 1 -2 -5
v 1 -2 -6
v 1 -1 -6
v 1 -1 -5
v 2 -1 -5
v 2 -2 -5
v 1 -1 -5
v 1 -2 -5
v 3 -2 -4
v 2 -2 -4
v 3 -1 -4
v 2 -1 -4
v 2 -1 -5
v 3 -1 -5
v 3 -1 -4
v 2 -1 -4
v 2 -2 -5
v 2 -1 -5
v 2 -1 -4
v 2 -2 -4
v 3 0 -5
v 2 0 -6
v 3 0 -6
v 2 0 -5
v 1 -2 -6
v 3 -2 -6
v 1 -1 -6
v 2 -1 -6
v 2 0 -6
v 3 0 -6
v 37 -3 -27
v 36 -3 -27
v 37 -3 -29
v 36 -3 -29
v 39 -7 -25
v 39 -6 -25
v 39 -7 -29
v 39 -6 -29
v 39 -6 -25
v 39 -7 -25
v 36 -6 -25
v 36 -7 -25
v 37 -5 -26
v 36 -5 -26
v 37 -4 -26
v 36 -4 -26
v 38 -6 -29
v 38 -6 -26
v 38 -5 -29
v 38 -5 -26
v 37 -5 -26
v 36 -6 -26
v 36 -5 -26
v 38 -6 -26
v 38 -5 -26
v 37 -4 -26
v 36 -4 -26
v 37 -4 -27
v 36 -4 -27
v 37 -4 -27
v 36 -3 -27
v 37 -3 -27
v 36 -4 -27
v 38 -5 -29
v 37 -5 -26
v 37 -5 -29
v 38 -5 -26
v 37 -3 -29
v 37 -5 -29
v 37 -3 -27
v 37 -4 -26
v 37 -4 -27
v 37 -5 -26
v 39 -6 -29
v 38 -6 -26
v 38 -6 -29
v 39 -6 -25
v 36 -6 -26
v 36 -6 -25
v 20 -2 0
v 19 -2 0
v 20 -1 0
v 19 -1 0
v 19 -2 -1
v 20 -2 -1
v 19 -1 -1
v 20 -1 -1
v 20 -2 -1
v 20 -2 0
v 20 -1 -1
v 20 -1 0
v 20 -1 0
v 19 -1 0
v 20 -1 -1
v 19 -1 -1
v 9.000002 -2 7
v 8.999998 -2 5
v 9.000002 -1 7
v 8.999998 -1 5
v 9.999998 -2 4.999998
v 10 -2 6.999998
v 9.999998 -1 4.999998
v 10 -1 6.999998
v 10 -2 6.999998
v 9.000002 -2 7
v 10 -1 6.999998
v 9.000002 -1 7
v 9.000002 -1 7
v 8.999998 -1 5
v 10 -1 6.999998
v 9.999998 -1 4.999998
v 25 0 -38
v 26 0 -38
v 25 0 -36
v 26 0 -36
v 26 0 -38
v 25 0 -38
v 25 -1 -38
v 26 -1 -38
v 25 0 -36
v 25.00001 -1 -36
v 25 0 -38
v 25 -1 -38
v 25 -1 -38
v 24 -1 -38
v 25 0 -38
v 24 0 -38
v 24 0 -39
v 25 0 -39
v 24 0 -38
v 25 0 -38
v 25 -1 -39
v 25 0 -38
v 25 0 -39
v 25 -1 -38
v 26 -1 -39
v 25 -1 -38
v 25 -1 -39
v 26 -1 -38
v 24 -1 -36
v 25 -1 -38
v 25.00001 -1 -36
v 24 -1 -38
v 25 0 -39
v 24 0 -39
v 25 -1 -39
v 24 -2 -39
v 26 -2 -39
v 26 -1 -39
v 24 -2 -39
v 24 0 -39
v 24 -1 -38
v 24 0 -38
v 24 -2 -36
v 24 -1 -36
v 25 0 -36
v 26 -2 -36
v 25 -1 -36
v 26 0 -36
v 24 -2 -36
v 24 -1 -36
v 53 -7 32
v 54 -7 32
v 53 -6 32
v 54 -6 32
v 55 -7 33
v 55 -7 36
v 55 -5 33
v 55 -5 36
v 55 -5 36
v 53 -5 36
v 55 -5 33
v 53 -5 33
v 54 -6 32
v 54 -7 32
v 54 -7 33
v 54 -6 33
v 53 -6 32
v 54 -6 32
v 54 -6 33
v 53 -6 33
v 53 -6 33
v 55 -5 33
v 53 -5 33
v 54 -6 33
v 55 -7 33
v 54 -7 33
v 63 -7 -21
v 61 -7 -21
v 63 -5 -21
v 61 -5 -21
v 61 -7 -21
v 61 -7 -23
v 61 -5 -21
v 61 -5 -23
v 61 -7 -23
v 63 -7 -23
v 61 -5 -23
v 63 -5 -23
v 63 -5 -21
v 61 -5 -21
v 63 -5 -23
v 61 -5 -23
v 21 -7 21
v 21 -7 25
v 21 -5 21
v 21 -5 25
v 20 -3 23
v 19 -3 23
v 20 -3 21
v 19 -3 21
v 19 -4 24
v 20 -4 24
v 19 -5 24
v 20 -5 24
v 20 -4 24
v 19 -4 24
v 19 -4 23
v 20 -4 23
v 19 -7 25
v 21 -5 25
v 21 -7 25
v 19 -5 25
v 20 -5 24
v 21 -5 21
v 21 -5 25
v 20 -5 21
v 19 -5 24
v 19 -5 25
v 20 -5 21
v 20 -3 23
v 20 -3 21
v 20 -4 23
v 20 -4 24
v 20 -5 24
v 20 -4 23
v 19 -3 23
v 20 -3 23
v 19 -4 23
v -4.000003 -2 13
v -4 -2 14
v -4 0 13
v -4 0 14
v -4 -2 14
v -5 -2 14
v -4 0 14
v -5 0 14
v -5 0 14
v -5 0 13
v -4 0 14
v -4 0 13
v -6 -2 -28
v -7 -2 -28
v -6 -1 -28
v -7 -1 -28
v -7 -2 -30
v -6 -2 -30
v -7 -1 -30
v -6 -1 -30
v -6 -2 -30
v -6 -2 -28
v -6 -1 -30
v -6 -1 -28
v -6 -1 -28
v -7 -1 -28
v -6 -1 -30
v -7 -1 -30
v 29 -4 50
v 29 -4 49
v 29 -2 50
v 29 -2 49
v 29 -4 49
v 31 -4 49
v 29 -2 49
v 31 -2 49
v 31 -4 49
v 31 -4 50
v 31 -2 49
v 31 -2 50
v 29 -2 50
v 31 -2 49
v 31 -2 50
v 29 -2 49
v 45 -6 47
v 44 -6 47
v 45 -5 47
v 44 -5 47
v 44 -6 47
v 44 -6 46
v 44 -5 47
v 44 -5 46
v 44 -6 46
v 44 -6 47
v 43 -6 46
v 43 -6 47
v 43 -7 47
v 43 -7 46
v 43 -6 46
v 43 -6 47
v 44 -6 47
v 44 -7 47
v 43 -6 47
v 43 -7 47
v 45 -7 48
v 44 -7 48
v 45 -6 48
v 44 -6 48
v 44 -6 47
v 45 -6 47
v 45 -6 48
v 44 -6 48
v 44 -7 47
v 44 -6 47
v 44 -6 48
v 44 -7 48
v 45 -5 47
v 44 -5 46
v 45 -5 46
v 44 -5 47
v 45 -6 1
v 47 -6 1
v 45 -5 1
v 47 -5 1
v 47 -6 1
v 47 -6 2
v 47 -5 1
v 47 -5 2
v 47 -5 2
v 45 -5 2
v 47 -5 1
v 45 -5 1
v 1 -2 -45
v -1 -2 -51
v 18 -2 -51
v 16 -2 -45
v -4 -2 -45
v -7 -2 -51
v -7 -2 -45
v -7 -2 -48
v 24 -2 -51
v 21 -2 -45
v 24 -2 -45
v 24 -2 -48
v -1 -2 -58
v 18 -2 -51
v -1 -2 -51
v 18 -2 -58
v 20 -2 -43
v 20 -2 -42
v 17 -2 -42
v 17 -2 -43
v 21 -2 -45
v 21 -2 -43
v 16 -2 -45
v 16 -2 -43
v -3 -2 -43
v -3 -2 -42
v -4 -2 -43
v -4 -2 -42
v 0 -2 -42
v 0 -2 -43
v -4 -2 -45
v 1 -2 -45
v 1 -2 -43
v 13 -2 -34
v 16 -2 -39
v 16 -2 -34
v 8 -2 -39
v 13 -2 -24
v 8 -2 -24
v 16 -2 -39
v 16 -2 -42
v 21 -2 -42
v 16 -2 -34
v 26 -2 -42
v 26 -2 -34
v -5 -2 27
v -1 -2 27
v -5 -2 33
v -1 -2 33
v 5 -2 27
v 5 -2 23
v 17 -2 27
v 17 -2 23
v 5 -2 23
v 5 -2 27
v -1 -2 27
v -5 -2 27
v -5 -2 13
v 5 -2 13
v -1 -2 34
v -5 -2 34
v -5 -2 33
v -1 -2 33
v 18 -2 23
v 18 -2 27
v 17 -2 23
v 17 -2 27
v 53 -3 -5
v 54 -3 -1
v 54 -3 -5
v 53 -3 -1
v 50 -3 -1
v 49 -3 -5
v 49 -3 -1
v 50 -3 -5
v 50 -3 -5
v 53 -3 -1
v 53 -3 -5
v 50 -3 -1
v 49 -3 -12
v 45 -3 -12
v 45 -3 -6
v 49 -3 -6
v 45 1 -1
v 45 1 2
v 49 1 2
v 49 1 -5
v 45 1 -5
v 19 1 20
v 24 1 20
v 19 1 19
v 24 1 19
v 24 1 15
v 39 1 15
v 24 1 10
v 39 1 6
v 24 1 6
v 24 1 15
v 19 1 19
v 24 1 19
v 19 1 10
v 24 1 10
v 45 -6 -1
v 30 1 -1
v 30 -6 -1
v 45 1 -1
v 45 -6 2
v 45 1 -1
v 45 -6 -1
v 45 1 2
v 49 -6 2
v 45 1 2
v 45 -6 2
v 49 1 2
v 45 1 -5
v 49 1 -5
v 49 -3 -5
v 45 -3 -5
v 49 1 -5
v 49 1 -1
v 49 -3 -5
v 49 -3 -1
v 45 -6 -5
v 34 -6 -5
v 45 -3 -5
v 34 1 -5
v 45 1 -5
v 30 -6 -1
v 30 1 -1
v 30 -6 -15
v 30 1 -15
v 34 1 -5
v 34 -6 -5
v 34 1 -15
v 34 -6 -15
v 49 1 2
v 49 -6 2
v 49 -3 -1
v 49 1 -1
v 49 -6 -1
v 49 -6 -5
v 54 -7 -5
v 49 -7 -5
v 49 -3 -5
v 54 -3 -5
v 49 -7 -1
v 54 -7 -1
v 49 -6 -1
v 54 -3 -1
v 49 -3 -1
v 64 -2 4
v 64 -7 -8
v 64 -2 -8
v 64 -7 4
v 45 -6 -12
v 45 -7 -12
v 45 -6 -11
v 45 -6 -5
v 45 -3 -5
v 45 -3 -6
v 45 -6 -11
v 45 -3 -12
v 45 -6 -12
v 49 -7 -12
v 49 -6 -12
v 49 -6 -11
v 49 -3 -5
v 49 -6 -5
v 49 -3 -6
v 49 -6 -11
v 49 -6 -12
v 49 -3 -12
v 38 -7 36
v 38 -7 37
v 38 -3 37
v 38 -3 36
v 42 -3 36
v 42 -3 37
v 42 -7 37
v 42 -7 36
v 42 -2 37
v 55 -2 37
v 42 -7 37
v 55 -7 37
v 64 -2 43
v 42 -2 43
v 42 -7 43
v 64 -7 43
v 38 -3 43
v 38 -7 43
v 38 -3 44
v 38 -7 44
v 42 -7 44
v 42 -3 43
v 42 -3 44
v 42 -7 43
v 36 -7 43
v 38 -7 43
v 36 -3 43
v 38 -3 43
v 36 -2 43
v 38 -2 43
v 42 -3 43
v 42 -2 43
v 38 -2 43
v 38 -3 43
v 36 -3 37
v 38 -3 37
v 38 -7 37
v 36 -7 37
v 36 -2 37
v 38 -2 37
v 42 -3 37
v 38 -3 37
v 38 -2 37
v 42 -2 37
v 36 -3 43
v 36 -2 37
v 36 -3 37
v 36 -2 43
v 35 -3 37
v 36 -3 43
v 36 -3 37
v 35 -3 43
v 53 -7 0
v 54 -2 0
v 54 -7 0
v 53 -2 0
v 54 -7 -8
v 54 -2 -8
v 55 -2 -8
v 55 -7 -8
v 55 -2 -9
v 55 -3 -9
v 55 -2 -8
v 55 -7 -9
v 55 -7 -8
v 54 -7 -8
v 54 -7 -5
v 54 -3 -5
v 54 -2 -8
v 54 -2 -5
v 54 -7 -1
v 54 -7 0
v 54 -3 -1
v 54 -2 0
v 54 -2 -1
v 54 -2 -5
v 54 -3 -1
v 54 -2 -1
v 54 -3 -5
v 63 -2 -8
v 63 -7 -8
v 63 -3 -9
v 63 -2 -9
v 63 -7 -9
v 64 -2 -8
v 63 -7 -8
v 63 -2 -8
v 64 -7 -8
v 45 -3 -5
v 49 -3 -5
v 49 -3 -6
v 45 -3 -6
v 55 -3 -10
v 55 -7 -9
v 55 -3 -9
v 55 -7 -10
v 55 -3 -9
v 63 -3 -10
v 55 -3 -10
v 63 -3 -9
v 63 -7 -10
v 63 -3 -10
v 63 -3 -9
v 63 -7 -9
v 55 -2 -9
v 63 -3 -9
v 55 -3 -9
v 63 -2 -9
v 55 -7 10
v 53 -2 10
v 53 -7 10
v 55 -2 10
v 55 -7 23
v 55 -2 10
v 55 -7 10
v 55 -2 23
v 53 -7 23
v 55 -2 23
v 55 -7 23
v 53 -2 23
v 53 -7 36
v 53 -2 23
v 53 -7 23
v 53 -2 36
v 55 -7 36
v 53 -2 36
v 53 -7 36
v 55 -2 36
v 63 -2 4
v 64 -7 4
v 64 -2 4
v 63 -7 4
v 63 -2 29
v 63 -7 4
v 63 -2 4
v 63 -7 29
v 64 -2 29
v 63 -7 29
v 63 -2 29
v 64 -7 29
v 55 -2 36
v 55 -7 36
v 55 -7 37
v 55 -2 37
v 64 -7 29
v 64 -2 29
v 64 -7 43
v 64 -2 43
v 53 -7 10
v 53 -2 0
v 53 -7 0
v 53 -2 10
v 45 -6 -11
v 49 -6 -5
v 45 -6 -5
v 49 -6 -11
v 45 -7 -13
v 49 -6 -11
v 45 -6 -11
v 49 -7 -13
v 54 -7 -9
v 52 -7 -9
v 52 -7 -13
v 63 -7 -13
v 64 -7 -9
v 65 -7 -13
v 65 -7 -9
v 52 -7 -13
v 45 -7 -13
v 36 -7 -29
v 36 -7 -13
v 63 -7 -13
v 63 -7 -29
v 53 -2 37
v 64 -2 -9
v 53 -2 -9
v 64 -2 43
v 36 -2 37
v 36 -2 43
v 43 -6 -5
v 40 -4 -1
v 40 -4 -5
v 43 -6 -1
v 45 -6 -5
v 43 -6 -1
v 43 -6 -5
v 45 -6 -1
v 52 -6 -5
v 49 -6 -1
v 49 -6 -5
v 52 -6 -1
v 54 -7 -5
v 52 -6 -1
v 52 -6 -5
v 54 -7 -1
v 49 -6 2
v 45 -6 2
v 49 -6 -1
v 45 -6 -1
v 49 -6 -5
v 45 -6 -5
v 36 -7 50
v 38 -7 46
v 38 -7 50
v 36 -7 46
v 38 -7 50
v 36 -7 46
v 36 -7 50
v 38 -7 46
v 32 -4 50
v 38 -7 46
v 38 -7 50
v 32 -4 46
v 12 -4 50
v 32 -4 46
v 32 -4 50
v 12 -4 46
v 12 0 46
v 38 0 54
v 38 0 46
v 12 0 54
v 38 0 46
v 38 0 54
v 45 0 44
v 38 0 44
v 45 0 54
v 42 0 28
v 38 0 36
v 42 0 36
v 38 0 28
v 42 0 24
v 38 0 28
v 42 0 28
v 38 0 24
v 37 0 24
v 38 0 28
v 38 0 24
v 37 0 28
v 33 0 24
v 37 0 28
v 37 0 24
v 33 0 28
v 33 0 34
v 37 0 28
v 33 0 28
v 37 0 34
v 38 -4 29
v 42 -7 34
v 38 -7 34
v 42 -4 29
v 42 -4 24
v 38 -4 28
v 37 -4 28
v 33 -4 24
v 42 -4 29
v 38 -4 29
v 37 -4 34
v 33 -4 34
v 42 -7 37
v 42 -7 43
v 38 -7 43
v 38 -7 37
v 38 -7 34
v 42 -7 37
v 38 -7 37
v 42 -7 34
v 42 -7 46
v 38 -7 43
v 42 -7 43
v 38 -7 46
v 45 -7 46
v 45 -7 54
v 42 -7 46
v 38 -7 46
v 38 -7 50
v 38 -7 54
v 42 -7 43
v 53 -7 37
v 53 -7 43
v 42 -7 37
v 34 -4 -12
v 30 -2 -16
v 34 -2 -16
v 30 -4 -12
v 40 -4 -5
v 30 -4 -1
v 34 -4 -5
v 40 -4 -1
v 30 -4 -12
v 34 -4 -12
v 64 -7 -9
v 54 -7 -5
v 54 -7 -9
v 54 -7 0
v 64 -7 0
v 53 -7 10
v 53 -7 0
v 55 -7 10
v 64 -7 0
v 64 -7 43
v 55 -7 23
v 53 -7 23
v 53 -7 37
v 53 -7 43
v 30 -6 21
v 25 -6 15
v 30 -6 15
v 25 -6 21
v 30 -7 23
v 25 -6 21
v 30 -6 21
v 25 -7 23
v 19 -6 21
v 24 -6 23
v 19 -6 23
v 24 -6 21
v 24 -7 23
v 19 -7 23
v 24 -6 23
v 19 -6 23
v 32 -7 35
v 25 -7 23
v 30 -7 23
v 19 -7 35
v 19 -7 23
v 24 -7 23
v 32 -7 23
v -7 1 -45
v -4 -2 -45
v -4 1 -45
v -7 -2 -45
v -7 1 -51
v -7 -2 -45
v -7 1 -45
v -7 -2 -51
v -1 1 -51
v -7 -2 -51
v -7 1 -51
v -1 -2 -51
v -1 1 -58
v -1 -2 -51
v -1 1 -51
v -1 -2 -58
v 18 1 -58
v -1 -2 -58
v -1 1 -58
v 18 -2 -58
v 18 1 -51
v 18 -2 -58
v 18 1 -58
v 18 -2 -51
v 24 1 -51
v 18 -2 -51
v 18 1 -51
v 24 -2 -51
v 24 1 -45
v 24 -2 -51
v 24 1 -51
v 24 -2 -45
v 21 1 -45
v 24 -2 -45
v 24 1 -45
v 21 -2 -45
v 14 -2 -52
v 14 -2 -50
v 14 1 -52
v 14 1 -50
v 3 1 -52
v 14 -2 -52
v 14 1 -52
v 3 -2 -52
v 3 1 -50
v 3 -2 -52
v 3 1 -52
v 3 -2 -50
v 14 1 -50
v 3 -2 -50
v 3 1 -50
v 14 -2 -50
v 1 1 -45
v 16 -2 -45
v 16 1 -45
v 1 -2 -45
v -2 -2 -9
v -2 -2 5
v -2 1 -9
v -2 1 5
v -5 -2 5
v -2 1 5
v -2 -2 5
v -5 1 5
v -5 -2 10
v -5 1 5
v -5 -2 5
v -5 1 10
v -2 -2 10
v -5 1 10
v -5 -2 10
v -2 1 10
v -2 -2 12
v -2 1 10
v -2 -2 10
v -2 1 12
v -1 -2 12
v -2 1 12
v -2 -2 12
v -1 1 12
v -1 -2 13
v -1 1 12
v -1 -2 12
v -1 1 13
v 2 -2 12
v 2 1 13
v 2 -2 13
v 2 1 12
v 3 -2 12
v 2 1 12
v 2 -2 12
v 3 1 12
v 3 -2 10
v 3 1 12
v 3 -2 12
v 3 1 10
v 19 -2 10
v 3 1 10
v 3 -2 10
v 19 1 10
v 3 -2 5
v 19 1 5
v 19 -2 5
v 3 1 5
v 3 -2 -10
v 3 1 5
v 3 -2 5
v 3 1 -10
v 19 -2 -10
v 19 1 -10
v 18 -2 -10
v 18 1 -10
v 18 1 -9
v 18 -2 -9
v 18 1 -10
v 18 -2 -10
v 18 -2 -9
v 18 1 -9
v 4 -2 -9
v 4 1 -9
v 3 1 -10
v 3 -2 -10
v 4 -2 -10
v 4 1 -10
v 4 -2 -9
v 4 1 -9
v 4 -2 -10
v 4 1 -10
v 18 -2 -13
v 19 1 -13
v 19 -2 -13
v 18 1 -13
v 18 -2 -14
v 18 1 -13
v 18 -2 -13
v 18 1 -14
v 4 -2 -14
v 18 1 -14
v 18 -2 -14
v 4 1 -14
v 4 -2 -13
v 4 1 -14
v 4 -2 -14
v 4 1 -13
v 3 -2 -13
v 4 1 -13
v 4 -2 -13
v 3 1 -13
v 12 0 50
v 38 -7 50
v 38 0 50
v 12 -7 50
v 12 0 46
v 12 -7 50
v 12 0 50
v 12 -7 46
v 12 -7 46
v 12 0 46
v 14 -7 46
v 14 0 46
v 38 0 46
v 38 -7 46
v 30 -7 46
v 30 0 46
v 29 0 46
v 23 -1 46
v 23 0 46
v 29 -1 46
v 23 -7 46
v 23 -3 46
v 29 -7 46
v 29 -3 46
v 29 -3 46
v 29 0 46
v 30 0 46
v 29 -7 46
v 30 -7 46
v 15 0 46
v 21 0 46
v 15 -1 46
v 21 -1 46
v 21 -7 46
v 15 -7 46
v 21 -3 46
v 15 -3 46
v 21 0 46
v 23 0 46
v 21 -1 46
v 23 -1 46
v 23 -3 46
v 21 -3 46
v 23 -7 46
v 21 -7 46
v 14 0 46
v 15 0 46
v 15 -1 46
v 15 -3 46
v 14 -7 46
v 15 -7 46
v 29 -1 45
v 23 -1 46
v 29 -1 46
v 23 -1 45
v 21 -1 45
v 15 -1 46
v 21 -1 46
v 15 -1 45
v 38 0 46
v 38 0 44
v 38 -3 44
v 38 -7 44
v 38 -7 46
v 42 -7 46
v 42 -7 44
v 42 -3 44
v 42 0 44
v 42 0 46
v 45 0 46
v 42 -7 46
v 42 0 46
v 45 -7 46
v 45 0 54
v 45 -7 46
v 45 0 46
v 45 -7 54
v 38 0 54
v 45 -7 54
v 45 0 54
v 38 -7 54
v 38 0 50
v 38 -7 54
v 38 0 54
v 38 -7 50
v 42 0 44
v 38 -3 44
v 38 0 44
v 42 -3 44
v 42 -3 43
v 38 -3 44
v 42 -3 44
v 38 -3 43
v 24 1 6
v 39 1 6
v 24 -2 6
v 39 -6 6
v 24 -6 6
v 25 1 15
v 30 -3 15
v 30 1 15
v 25 -3 15
v 39 1 15
v 30 1 15
v 30 -6 15
v 39 -6 15
v 39 -6 6
v 39 1 6
v 39 -6 15
v 39 1 15
v 30 -6 15
v 30 -3 15
v 30 -6 16
v 30 -3 16
v 25 -3 15
v 25 -6 15
v 25 -3 16
v 25 -6 16
v 30 -3 16
v 30 -3 15
v 25 -3 16
v 25 -3 15
v 25 1 11
v 26 1 11
v 25 -6 11
v 26 -2 11
v 26 -6 11
v 25 1 15
v 25 1 11
v 25 -6 11
v 25 -6 15
v 28 -2 10
v 26 -2 11
v 26 -2 10
v 28 -2 11
v 28 -3 10
v 28 -2 11
v 28 -2 10
v 28 -3 11
v 35 -3 10
v 28 -3 11
v 28 -3 10
v 35 -3 11
v 35 -6 10
v 35 -3 11
v 35 -3 10
v 35 -6 11
v 26 1 10
v 24 1 10
v 24 -2 10
v 26 -2 10
v 26 1 10
v 26 -2 11
v 26 1 11
v 26 -2 10
v 35 -3 11
v 26 -6 11
v 28 -3 11
v 35 -6 11
v 28 -2 11
v 26 -2 11
v 26 -2 10
v 28 -3 10
v 28 -2 10
v 26 -6 10
v 35 -6 10
v 35 -3 10
v 19 -2 -10
v 19 -2 5
v 19 1 -10
v 19 1 5
v 19 -2 -18
v 19 -2 -13
v 19 1 -18
v 19 1 -13
v 19 1 10
v 19 -2 10
v 19 -2 19
v 19 1 19
v 24 -2 -18
v 24 1 -18
v 24 -2 6
v 24 1 6
v 24 1 10
v 24 1 19
v 24 -2 10
v 24 -2 19
v 19 -2 20
v 19 1 20
v 19 -2 19
v 19 1 19
v 24 1 20
v 24 -2 20
v 24 -2 19
v 24 1 19
v 19 -2 21
v 19 1 20
v 19 -2 20
v 19 1 21
v 24 -2 20
v 24 1 21
v 24 -2 21
v 24 1 20
v 24 1 21
v 19 1 20
v 19 1 21
v 24 1 20
v 19 -2 21
v 24 -2 20
v 24 -2 21
v 19 -2 20
v 29 1 -28
v 29 -2 -24
v 29 1 -24
v 29 -2 -28
v 35 1 -28
v 29 -2 -28
v 29 1 -28
v 35 -2 -28
v 29 -2 -16
v 29 1 -18
v 29 -2 -18
v 29 1 -16
v 30 -2 -16
v 29 1 -16
v 29 -2 -16
v 30 1 -16
v 30 1 -16
v 30 -2 -16
v 30 1 -15
v 30 -6 -16
v 30 -6 -15
v 34 -6 -16
v 34 -2 -16
v 34 -6 -15
v 34 1 -16
v 34 1 -15
v 35 -2 -16
v 34 1 -16
v 34 -2 -16
v 35 1 -16
v 29 1 -24
v 13 -2 -24
v 13 1 -24
v 29 -2 -24
v 29 -2 -18
v 24 1 -18
v 24 -2 -18
v 29 1 -18
v 8 1 -24
v 3 -2 -24
v 3 1 -24
v 8 -2 -24
v 35 1 -28
v 36 1 -16
v 36 1 -28
v 35 1 -16
v -7 -2 -22
v -7 1 -24
v -7 -2 -24
v -7 1 -22
v -6 -2 -22
v -7 1 -22
v -7 -2 -22
v -6 1 -22
v -6 -2 -21
v -6 1 -22
v -6 -2 -22
v -6 1 -21
v -5 -2 -21
v -6 1 -21
v -6 -2 -21
v -5 1 -21
v -5 -2 -20
v -5 1 -21
v -5 -2 -21
v -5 1 -20
v -4 -2 -20
v -5 1 -20
v -5 -2 -20
v -4 1 -20
v -4 -2 -19
v -4 1 -20
v -4 -2 -20
v -4 1 -19
v -2 -2 -19
v -4 1 -19
v -4 -2 -19
v -2 1 -19
v -2 -2 -18
v -2 1 -19
v -2 -2 -19
v -2 1 -18
v -2 1 -18
v -2 -2 -18
v 19 -2 -18
v 19 1 -18
v -32 1 -9
v -2 -2 -9
v -2 1 -9
v -32 -2 -9
v -32 1 -14
v -32 -2 -9
v -32 1 -9
v -32 -2 -14
v -31 1 -14
v -32 -2 -14
v -32 1 -14
v -31 -2 -14
v -31 1 -15
v -31 -2 -14
v -31 1 -14
v -31 -2 -15
v 3 -2 -14
v 3 1 -13
v 3 -2 -13
v 3 1 -14
v -28 -2 -14
v 3 1 -14
v 3 -2 -14
v -28 1 -14
v -28 -2 -15
v -28 1 -14
v -28 -2 -14
v -28 1 -15
v -32 1 -15
v -31 -2 -15
v -31 1 -15
v -32 -2 -15
v -32 1 -34
v -32 -2 -15
v -32 1 -15
v -32 -2 -34
v -27 1 -34
v -32 -2 -34
v -32 1 -34
v -27 -2 -34
v -27 1 -33
v -27 -2 -34
v -27 1 -34
v -27 -2 -33
v -26 1 -33
v -27 -2 -33
v -27 1 -33
v -26 -2 -33
v -26 1 -34
v -26 -2 -33
v -26 1 -33
v -26 -2 -34
v -13 1 -34
v -26 -2 -34
v -26 1 -34
v -13 -2 -34
v -13 1 -27
v -13 -2 -34
v -13 1 -34
v -13 -2 -27
v -7 1 -27
v -13 -2 -27
v -13 1 -27
v -7 -2 -27
v -7 -2 -27
v -7 1 -27
v -7 -2 -31
v -7 1 -31
v -27 -2 -15
v -28 1 -15
v -28 -2 -15
v -27 1 -15
v -27 -2 -30
v -27 1 -15
v -27 -2 -15
v -27 1 -30
v -26 -2 -30
v -27 1 -30
v -27 -2 -30
v -26 1 -30
v -26 -2 -29
v -26 1 -30
v -26 -2 -30
v -26 1 -29
v -16 -2 -29
v -26 1 -29
v -26 -2 -29
v -16 1 -29
v -16 -2 -24
v -16 1 -29
v -16 -2 -29
v -16 1 -24
v -7 -2 -24
v -16 1 -24
v -16 -2 -24
v -7 1 -24
v -3 1 -42
v -5 -2 -42
v -5 1 -42
v -3 -2 -42
v -3 1 -43
v -3 -2 -42
v -3 1 -42
v -3 -2 -43
v -4 1 -43
v -3 -2 -43
v -3 1 -43
v -4 -2 -43
v -4 1 -45
v -4 -2 -43
v -4 1 -43
v -4 -2 -45
v 21 1 -43
v 21 -2 -45
v 21 1 -45
v 21 -2 -43
v 20 1 -43
v 21 -2 -43
v 21 1 -43
v 20 -2 -43
v 20 1 -42
v 20 -2 -43
v 20 1 -43
v 20 -2 -42
v 26 1 -42
v 20 -2 -42
v 20 1 -42
v 26 -2 -42
v 26 1 -34
v 26 -2 -42
v 26 1 -42
v 26 -2 -34
v 13 1 -34
v 26 -2 -34
v 26 1 -34
v 13 -2 -34
v 13 1 -24
v 13 -2 -34
v 13 1 -34
v 13 -2 -24
v -5 1 -42
v -5 -2 -42
v -5 -2 -31
v -5 1 -31
v -7 -2 -31
v -7 1 -31
v -5 -2 -31
v -5 1 -31
v 8 -2 -39
v 8 -2 -24
v 8 1 -39
v 8 1 -24
v 16 1 -39
v 8 -2 -39
v 8 1 -39
v 16 -2 -39
v 16 1 -42
v 16 -2 -39
v 16 1 -39
v 16 -2 -42
v 17 1 -42
v 16 -2 -42
v 16 1 -42
v 17 -2 -42
v 17 1 -43
v 17 -2 -42
v 17 1 -42
v 17 -2 -43
v 16 1 -43
v 17 -2 -43
v 17 1 -43
v 16 -2 -43
v 16 1 -45
v 16 -2 -43
v 16 1 -43
v 16 -2 -45
v 1 1 -43
v 1 -2 -45
v 1 1 -45
v 1 -2 -43
v 0 1 -43
v 1 -2 -43
v 1 1 -43
v 0 -2 -43
v 0 1 -42
v 0 -2 -43
v 0 1 -43
v 0 -2 -42
v 3 1 -42
v 0 -2 -42
v 0 1 -42
v 3 -2 -42
v 3 1 -24
v 3 -2 -42
v 3 1 -42
v 3 -2 -24
v -5 -2 13
v -1 1 13
v -1 -2 13
v -5 1 13
v 5 -2 13
v 5 1 23
v 5 -2 23
v 5 1 13
v 2 -2 13
v 5 1 13
v 5 -2 13
v 2 1 13
v -1 -2 27
v -1 1 27
v -1 1 33
v -1 -2 33
v -5 1 13
v -5 -2 13
v -5 1 33
v -5 -2 33
v 5 -2 23
v 5 1 23
v 17 -2 23
v 17 1 23
v -1 1 27
v -1 -2 27
v 17 -2 27
v 17 1 27
v -1 1 34
v -1 -2 34
v -1 -2 33
v -1 1 33
v -5 -2 34
v -5 1 34
v -5 -2 33
v -5 1 33
v 18 1 23
v 18 -2 23
v 17 -2 23
v 17 1 23
v 18 -2 27
v 18 1 27
v 17 -2 27
v 17 1 27
v -5 -2 35
v -5 1 34
v -5 -2 34
v -5 1 35
v -1 -2 34
v -1 1 35
v -1 -2 35
v -1 1 34
v -1 1 35
v -5 1 34
v -5 1 35
v -1 1 34
v 18 1 27
v 19 -2 27
v 19 1 27
v 18 -2 27
v 18 -2 23
v 19 1 23
v 19 -2 23
v 18 1 23
v 18 1 27
v 19 1 23
v 18 1 23
v 19 1 27
v -5 -2 35
v -1 -2 34
v -1 -2 35
v -5 -2 34
v 25 2 23
v 30 2 23
v 25 -2 23
v 30 -2 23
v 24 2 23
v 25 2 23
v 25 -2 23
v 24 -2 23
v 19 2 21
v 24 2 21
v 24 1 21
v 19 1 21
v 24 2 21
v 24 2 23
v 24 1 21
v 24 -2 23
v 24 -2 21
v 19 2 27
v 19 2 23
v 19 1 27
v 19 1 23
v 19 2 21
v 19 1 21
v 19 -2 21
v 19 -2 23
v 19 2 35
v 19 -2 35
v 19 -2 27
v 32 2 23
v 32 2 25
v 32 -1 25
v 32 -1 23
v 30 2 23
v 32 2 23
v 32 -1 23
v 32 -2 23
v 30 -2 23
v 32 2 25
v 32 2 35
v 32 -1 33
v 32 -1 35
v 32 -1 25
v 30 -3 23
v 25 -3 23
v 25 -2 23
v 30 -2 23
v 24 -7 23
v 25 -3 23
v 25 -7 23
v 24 -2 23
v 25 -2 23
v 24 -7 23
v 24 -7 21
v 24 -2 21
v 24 -2 23
v 24 -7 21
v 19 -7 21
v 19 -2 21
v 24 -2 21
v 19 -7 21
v 19 -7 23
v 19 -2 23
v 19 -2 21
v 19 -7 27
v 19 -2 27
v 19 -7 35
v 19 -2 35
v 19 -2 27
v 18 -2 23
v 19 -2 23
v 18 -2 27
v 30 -3 23
v 30 -2 23
v 32 -2 23
v 30 -7 23
v 32 -7 23
v 32 -1 25
v 32 -2 23
v 32 -1 23
v 32 -7 23
v 32 -3 25
v 32 -7 25
v 32 -1 35
v 32 -3 35
v 32 -3 33
v 32 -1 33
v 32 -7 35
v 32 -7 25
v 32 -3 25
v 33 -3 25
v 32 -3 33
v 32 -3 25
v 33 -3 33
v 33 -3 25
v 32 -1 25
v 33 -1 25
v 32 -3 25
v 32 -3 33
v 33 -1 33
v 32 -1 33
v 33 -3 33
v 30 -3 23
v 30 -7 23
v 30 -6 21
v 30 -3 22
v 30 -6 16
v 30 -3 16
v 25 -7 23
v 25 -3 23
v 25 -6 16
v 25 -3 16
v 52 -3 -10
v 55 -7 -10
v 55 -3 -10
v 52 -7 -10
v 52 -3 -13
v 52 -7 -10
v 52 -3 -10
v 52 -7 -13
v 52 -3 -10
v 52 2 -13
v 52 -3 -13
v 52 2 -10
v 55 -3 -10
v 52 2 -10
v 52 -3 -10
v 55 2 -10
v 63 2 -29
v 36 -7 -29
v 36 2 -29
v 63 -7 -29
v 63 2 -13
v 63 -7 -29
v 63 2 -29
v 63 -7 -13
v 65 2 -13
v 63 -7 -13
v 63 2 -13
v 65 -7 -13
v 55 2 -10
v 63 -3 -10
v 63 2 -10
v 55 -3 -10
v 65 2 -10
v 63 2 -10
v 65 -7 -10
v 63 -3 -10
v 63 -7 -10
v 65 -7 -13
v 65 2 -13
v 65 -7 -10
v 65 2 -10
v 25 -3 23
v 30 -3 23
v 30 -3 22
v 25 -3 22
v 30 -3 22
v 30 -3 16
v 25 -3 22
v 25 -3 16
v 36 -7 37
v 35 -7 37
v 36 -3 37
v 35 -3 37
v 35 -3 43
v 36 -7 43
v 36 -3 43
v 35 -7 43
v 23 -3 45
v 29 -3 46
v 23 -3 46
v 29 -3 45
v 29 -3 46
v 29 -1 45
v 29 -1 46
v 29 -3 45
v 23 -3 45
v 23 -1 46
v 23 -1 45
v 23 -3 46
v 21 -3 46
v 15 -3 45
v 21 -3 45
v 15 -3 46
v 21 -1 45
v 21 -3 46
v 21 -3 45
v 21 -1 46
v 15 -3 45
v 15 -1 46
v 15 -1 45
v 15 -3 46
v 35 1 43
v 35 1 45
v 35 -3 43
v 35 -7 45
v 35 -7 43
v 35 -3 37
v 35 1 37
v 35 -3 43
v 35 1 43
v 35 1 35
v 35 1 37
v 35 -3 37
v 35 -7 35
v 35 -7 37
v 35 -1 35
v 21 1 45
v 15 1 45
v 15 -1 45
v 21 -1 45
v 15 -7 45
v 21 -7 45
v 21 -3 45
v 15 -3 45
v 29 1 45
v 23 1 45
v 29 -1 45
v 23 -1 45
v 23 -7 45
v 29 -7 45
v 29 -3 45
v 23 -3 45
v 23 1 45
v 21 1 45
v 23 -1 45
v 21 -1 45
v 21 -3 45
v 21 -7 45
v 23 -3 45
v 23 -7 45
v 29 -1 45
v 35 1 45
v 29 1 45
v 35 -7 45
v 29 -3 45
v 29 -7 45
v 35 -7 35
v 32 -7 35
v 32 -3 35
v 35 -1 35
v 32 -1 35
v 35 1 35
v 32 2 35
v 35 2 35
v 32 -1 35
v 35 -1 35
v 49 -3 -13
v 52 -7 -13
v 52 -3 -13
v 49 -7 -13
v 49 -7 -13
v 49 -3 -13
v 49 -7 -12
v 49 -3 -12
v 45 -7 -12
v 45 -3 -12
v 45 -7 -13
v 45 -3 -13
v 49 -3 -13
v 45 2 -13
v 45 -3 -13
v 49 2 -13
v 52 -3 -13
v 49 2 -13
v 49 -3 -13
v 52 2 -13
v 36 -7 -13
v 45 -7 -13
v 36 2 -13
v 45 -3 -13
v 45 2 -13
v 35 -2 -28
v 36 1 -28
v 36 -2 -28
v 35 1 -28
v 35 -2 -16
v 36 -2 -28
v 36 -2 -16
v 35 -2 -28
v 36 1 -16
v 35 -2 -16
v 36 -2 -16
v 35 1 -16
v 36 1 -16
v 36 2 -28
v 36 1 -28
v 36 2 -16
v 36 2 -13
v 36 -7 -16
v 36 -7 -13
v 36 -7 -29
v 36 -2 -16
v 36 2 -29
v 36 -2 -28
v 45 -3 -12
v 49 -3 -13
v 45 -3 -13
v 49 -3 -12
v 33 -7 24
v 33 -7 25
v 33 0 24
v 33 -3 25
v 33 0 25
v 33 -3 25
v 33 -7 25
v 33 -3 33
v 33 -7 33
v 33 -1 33
v 33 0 34
v 33 0 33
v 33 -7 34
v 33 -7 33
v 42 0 24
v 42 -7 24
v 33 0 24
v 33 -7 24
v 37 -7 34
v 33 0 34
v 33 -7 34
v 37 0 34
v 37 -7 28
v 37 0 34
v 37 -7 34
v 37 0 28
v 38 -7 28
v 37 0 28
v 37 -7 28
v 38 0 28
v 38 0 28
v 38 -7 28
v 38 0 36
v 38 -7 36
v 38 -3 36
v 42 -3 36
v 42 -7 24
v 42 0 24
v 42 0 36
v 42 -7 36
v 33 0 25
v 33 -1 33
v 33 0 33
v 33 -1 25
v 33 -1 33
v 32 -1 25
v 32 -1 33
v 33 -1 25
v 42 -3 36
v 38 0 36
v 38 -3 36
v 42 0 36
v 38 -3 36
v 42 -3 37
v 42 -3 36
v 38 -3 37
v 15 -1 45
v 15 1 45
v -9 1 45
v -9 -7 45
v 15 -3 45
v 15 -7 45
v -10 1 45
v -9 1 35
v -9 1 45
v -10 1 35
v -9 -7 43
v -9 -3 43
v -10 -7 43
v -10 -3 43
v -9 -3 43
v -9 -3 37
v -10 -3 43
v -10 -3 37
v -9 -3 37
v -9 -7 37
v -10 -3 37
v -10 -7 37
v -1 -7 35
v -5 -7 35
v -5 -2 35
v -1 -2 35
v 19 -7 35
v 19 -2 35
v -9 -7 35
v -9 -2 35
v -9 1 37
v -9 -3 43
v -9 1 43
v -9 -3 37
v -9 -3 37
v -9 1 37
v -9 -7 35
v -9 1 35
v -9 -7 37
v -9 1 45
v -9 1 43
v -9 -7 45
v -9 -3 43
v -9 -7 43
v -10 -7 43
v -10 -3 43
v -10 -7 37
v -10 -3 37
v -5 2 35
v -1 2 35
v -1 1 35
v -5 1 35
v -9 1 35
v -9 2 35
v -5 -2 35
v -9 -2 35
v 19 2 35
v 19 -2 35
v -1 -2 35
v -14.79996 0.9499979 -11.29997
v -15.19996 0.9499979 -11.29997
v -14.79996 1.049997 -11.29997
v -15.19996 1.049997 -11.29997
v -15.19996 0.9499979 -11.29997
v -15.19996 0.9499979 -11.69997
v -15.19996 1.049997 -11.29997
v -15.19996 1.049997 -11.69997
v -15.19996 0.9499979 -11.69997
v -14.79996 0.9499979 -11.69997
v -15.19996 1.049997 -11.69997
v -14.79996 1.049997 -11.69997
v -14.79996 0.9499979 -11.69997
v -14.79996 0.9499979 -11.29997
v -14.79996 1.049997 -11.69997
v -14.79996 1.049997 -11.29997
v -14.79996 1.049997 -11.29997
v -15.19996 1.049997 -11.29997
v -14.79996 1.049997 -11.69997
v -15.19996 1.049997 -11.69997
v -14.79996 0.9499979 -11.69997
v -15.19996 0.9499979 -11.69997
v -14.79996 0.9499979 -11.29997
v -15.19996 0.9499979 -11.29997
v 10.70006 0.9499741 -30.79997
v 10.30006 0.9499741 -30.79997
v 10.70006 1.049973 -30.79997
v 10.30006 1.049973 -30.79997
v 10.30006 0.9499741 -30.79997
v 10.30006 0.9499741 -31.19997
v 10.30006 1.049973 -30.79997
v 10.30006 1.049973 -31.19997
v 10.30006 0.9499741 -31.19997
v 10.70006 0.9499741 -31.19997
v 10.30006 1.049973 -31.19997
v 10.70006 1.049973 -31.19997
v 10.70006 0.9499741 -31.19997
v 10.70006 0.9499741 -30.79997
v 10.70006 1.049973 -31.19997
v 10.70006 1.049973 -30.79997
v 10.70006 1.049973 -30.79997
v 10.30006 1.049973 -30.79997
v 10.70006 1.049973 -31.19997
v 10.30006 1.049973 -31.19997
v 10.70006 0.9499741 -31.19997
v 10.30006 0.9499741 -31.19997
v 10.70006 0.9499741 -30.79997
v 10.30006 0.9499741 -30.79997
v -26.79998 0.9499979 -11.29998
v -27.19998 0.9499979 -11.29998
v -26.79998 1.049997 -11.29998
v -27.19998 1.049997 -11.29998
v -27.19998 0.9499979 -11.29998
v -27.19998 0.9499979 -11.69998
v -27.19998 1.049997 -11.29998
v -27.19998 1.049997 -11.69998
v -27.19998 0.9499979 -11.69998
v -26.79998 0.9499979 -11.69998
v -27.19998 1.049997 -11.69998
v -26.79998 1.049997 -11.69998
v -26.79998 0.9499979 -11.69998
v -26.79998 0.9499979 -11.29998
v -26.79998 1.049997 -11.69998
v -26.79998 1.049997 -11.29998
v -26.79998 1.049997 -11.29998
v -27.19998 1.049997 -11.29998
v -26.79998 1.049997 -11.69998
v -27.19998 1.049997 -11.69998
v -26.79998 0.9499979 -11.69998
v -27.19998 0.9499979 -11.69998
v -26.79998 0.9499979 -11.29998
v -27.19998 0.9499979 -11.29998
v 21.7 0.9499979 -1.800001
v 21.3 0.9499979 -1.800001
v 21.7 1.049997 -1.800001
v 21.3 1.049997 -1.800001
v 21.3 0.9499979 -1.800001
v 21.3 0.9499979 -2.200001
v 21.3 1.049997 -1.800001
v 21.3 1.049997 -2.200001
v 21.3 0.9499979 -2.200001
v 21.7 0.9499979 -2.200001
v 21.3 1.049997 -2.200001
v 21.7 1.049997 -2.200001
v 21.7 0.9499979 -2.200001
v 21.7 0.9499979 -1.800001
v 21.7 1.049997 -2.200001
v 21.7 1.049997 -1.800001
v 21.7 1.049997 -1.800001
v 21.3 1.049997 -1.800001
v 21.7 1.049997 -2.200001
v 21.3 1.049997 -2.200001
v 21.7 0.9499979 -2.200001
v 21.3 0.9499979 -2.200001
v 21.7 0.9499979 -1.800001
v 21.3 0.9499979 -1.800001
v 20.70006 0.949964 -37.29996
v 20.30006 0.949964 -37.29996
v 20.70006 1.049963 -37.29996
v 20.30006 1.049963 -37.29996
v 20.30006 0.949964 -37.29996
v 20.30006 0.949964 -37.69996
v 20.30006 1.049963 -37.29996
v 20.30006 1.049963 -37.69996
v 20.30006 0.949964 -37.69996
v 20.70006 0.949964 -37.69996
v 20.30006 1.049963 -37.69996
v 20.70006 1.049963 -37.69996
v 20.70006 0.949964 -37.69996
v 20.70006 0.949964 -37.29996
v 20.70006 1.049963 -37.69996
v 20.70006 1.049963 -37.29996
v 20.70006 1.049963 -37.29996
v 20.30006 1.049963 -37.29996
v 20.70006 1.049963 -37.69996
v 20.30006 1.049963 -37.69996
v 20.70006 0.949964 -37.69996
v 20.30006 0.949964 -37.69996
v 20.70006 0.949964 -37.29996
v 20.30006 0.949964 -37.29996
v 8.700043 0.9499645 -47.29999
v 8.300045 0.9499645 -47.29999
v 8.700043 1.049964 -47.29999
v 8.300045 1.049964 -47.29999
v 8.300045 0.9499645 -47.29999
v 8.300045 0.9499645 -47.69999
v 8.300045 1.049964 -47.29999
v 8.300045 1.049964 -47.69999
v 8.300045 0.9499645 -47.69999
v 8.700043 0.9499645 -47.69999
v 8.300045 1.049964 -47.69999
v 8.700043 1.049964 -47.69999
v 8.700043 0.9499645 -47.69999
v 8.700043 0.9499645 -47.29999
v 8.700043 1.049964 -47.69999
v 8.700043 1.049964 -47.29999
v 8.700043 1.049964 -47.29999
v 8.300045 1.049964 -47.29999
v 8.700043 1.049964 -47.69999
v 8.300045 1.049964 -47.69999
v 8.700043 0.9499645 -47.69999
v 8.300045 0.9499645 -47.69999
v 8.700043 0.9499645 -47.29999
v 8.300045 0.9499645 -47.29999
v 35.20015 -0.05001545 29.20011
v 34.80015 -0.05001545 29.20011
v 35.20015 0.04998398 29.20011
v 34.80015 0.04998398 29.20011
v 34.80015 -0.05001545 29.20011
v 34.80015 -0.05001545 28.80011
v 34.80015 0.04998398 29.20011
v 34.80015 0.04998398 28.80011
v 34.80015 -0.05001545 28.80011
v 35.20015 -0.05001545 28.80011
v 34.80015 0.04998398 28.80011
v 35.20015 0.04998398 28.80011
v 35.20015 -0.05001545 28.80011
v 35.20015 -0.05001545 29.20011
v 35.20015 0.04998398 28.80011
v 35.20015 0.04998398 29.20011
v 35.20015 0.04998398 29.20011
v 34.80015 0.04998398 29.20011
v 35.20015 0.04998398 28.80011
v 34.80015 0.04998398 28.80011
v 35.20015 -0.05001545 28.80011
v 34.80015 -0.05001545 28.80011
v 35.20015 -0.05001545 29.20011
v 34.80015 -0.05001545 29.20011
v 21.7001 0.9499979 7.700068
v 21.3001 0.9499979 7.700068
v 21.7001 1.049997 7.700068
v 21.3001 1.049997 7.700068
v 21.3001 0.9499979 7.700068
v 21.3001 0.9499979 7.300068
v 21.3001 1.049997 7.700068
v 21.3001 1.049997 7.300068
v 21.3001 0.9499979 7.300068
v 21.7001 0.9499979 7.300068
v 21.3001 1.049997 7.300068
v 21.7001 1.049997 7.300068
v 21.7001 0.9499979 7.300068
v 21.7001 0.9499979 7.700068
v 21.7001 1.049997 7.300068
v 21.7001 1.049997 7.700068
v 21.7001 1.049997 7.700068
v 21.3001 1.049997 7.700068
v 21.7001 1.049997 7.300068
v 21.3001 1.049997 7.300068
v 21.7001 0.9499979 7.300068
v 21.3001 0.9499979 7.300068
v 21.7001 0.9499979 7.700068
v 21.3001 0.9499979 7.700068
v 40.20014 -0.0500021 30.2001
v 39.80014 -0.0500021 30.2001
v 40.20014 0.04999733 30.2001
v 39.80014 0.04999733 30.2001
v 39.80014 -0.0500021 30.2001
v 39.80014 -0.0500021 29.8001
v 39.80014 0.04999733 30.2001
v 39.80014 0.04999733 29.8001
v 39.80014 -0.0500021 29.8001
v 40.20014 -0.0500021 29.8001
v 39.80014 0.04999733 29.8001
v 40.20014 0.04999733 29.8001
v 40.20014 -0.0500021 29.8001
v 40.20014 -0.0500021 30.2001
v 40.20014 0.04999733 29.8001
v 40.20014 0.04999733 30.2001
v 40.20014 0.04999733 30.2001
v 39.80014 0.04999733 30.2001
v 40.20014 0.04999733 29.8001
v 39.80014 0.04999733 29.8001
v 40.20014 -0.0500021 29.8001
v 39.80014 -0.0500021 29.8001
v 40.20014 -0.0500021 30.2001
v 39.80014 -0.0500021 30.2001
v 27.70012 -3.050002 19.70009
v 27.30012 -3.050002 19.70009
v 27.70012 -2.950003 19.70009
v 27.30012 -2.950003 19.70009
v 27.30012 -3.050002 19.70009
v 27.30012 -3.050002 19.30009
v 27.30012 -2.950003 19.70009
v 27.30012 -2.950003 19.30009
v 27.30012 -3.050002 19.30009
v 27.70012 -3.050002 19.30009
v 27.30012 -2.950003 19.30009
v 27.70012 -2.950003 19.30009
v 27.70012 -3.050002 19.30009
v 27.70012 -3.050002 19.70009
v 27.70012 -2.950003 19.30009
v 27.70012 -2.950003 19.70009
v 27.70012 -2.950003 19.70009
v 27.30012 -2.950003 19.70009
v 27.70012 -2.950003 19.30009
v 27.30012 -2.950003 19.30009
v 27.70012 -3.050002 19.30009
v 27.30012 -3.050002 19.30009
v 27.70012 -3.050002 19.70009
v 27.30012 -3.050002 19.70009
v 0.7000713 0.9499979 -2.299955
v 0.3000736 0.9499979 -2.299955
v 0.7000713 1.049997 -2.299955
v 0.3000736 1.049997 -2.299955
v 0.3000736 0.9499979 -2.299955
v 0.3000736 0.9499979 -2.699955
v 0.3000736 1.049997 -2.299955
v 0.3000736 1.049997 -2.699955
v 0.3000736 0.9499979 -2.699955
v 0.7000713 0.9499979 -2.699955
v 0.3000736 1.049997 -2.699955
v 0.7000713 1.049997 -2.699955
v 0.7000713 0.9499979 -2.699955
v 0.7000713 0.9499979 -2.299955
v 0.7000713 1.049997 -2.699955
v 0.7000713 1.049997 -2.299955
v 0.7000713 1.049997 -2.299955
v 0.3000736 1.049997 -2.299955
v 0.7000713 1.049997 -2.699955
v 0.3000736 1.049997 -2.699955
v 0.7000713 0.9499979 -2.699955
v 0.3000736 0.9499979 -2.699955
v 0.7000713 0.9499979 -2.299955
v 0.3000736 0.9499979 -2.299955
v -29.29999 0.9499979 -21.8
v -29.69999 0.9499979 -21.8
v -29.29999 1.049997 -21.8
v -29.69999 1.049997 -21.8
v -29.69999 0.9499979 -21.8
v -29.69999 0.9499979 -22.2
v -29.69999 1.049997 -21.8
v -29.69999 1.049997 -22.2
v -29.69999 0.9499979 -22.2
v -29.29999 0.9499979 -22.2
v -29.69999 1.049997 -22.2
v -29.29999 1.049997 -22.2
v -29.29999 0.9499979 -22.2
v -29.29999 0.9499979 -21.8
v -29.29999 1.049997 -22.2
v -29.29999 1.049997 -21.8
v -29.29999 1.049997 -21.8
v -29.69999 1.049997 -21.8
v -29.29999 1.049997 -22.2
v -29.69999 1.049997 -22.2
v -29.29999 0.9499979 -22.2
v -29.69999 0.9499979 -22.2
v -29.29999 0.9499979 -21.8
v -29.69999 0.9499979 -21.8
v -13.79997 0.9499979 -25.79998
v -14.19997 0.9499979 -25.79998
v -13.79997 1.049997 -25.79998
v -14.19997 1.049997 -25.79998
v -14.19997 0.9499979 -25.79998
v -14.19997 0.9499979 -26.19998
v -14.19997 1.049997 -25.79998
v -14.19997 1.049997 -26.19998
v -14.19997 0.9499979 -26.19998
v -13.79997 0.9499979 -26.19998
v -14.19997 1.049997 -26.19998
v -13.79997 1.049997 -26.19998
v -13.79997 0.9499979 -26.19998
v -13.79997 0.9499979 -25.79998
v -13.79997 1.049997 -26.19998
v -13.79997 1.049997 -25.79998
v -13.79997 1.049997 -25.79998
v -14.19997 1.049997 -25.79998
v -13.79997 1.049997 -26.19998
v -14.19997 1.049997 -26.19998
v -13.79997 0.9499979 -26.19998
v -14.19997 0.9499979 -26.19998
v -13.79997 0.9499979 -25.79998
v -14.19997 0.9499979 -25.79998
v -29.3 0.9499979 -31.3
v -29.7 0.9499979 -31.3
v -29.3 1.049997 -31.3
v -29.7 1.049997 -31.3
v -29.7 0.9499979 -31.3
v -29.7 0.9499979 -31.7
v -29.7 1.049997 -31.3
v -29.7 1.049997 -31.7
v -29.7 0.9499979 -31.7
v -29.3 0.9499979 -31.7
v -29.7 1.049997 -31.7
v -29.3 1.049997 -31.7
v -29.3 0.9499979 -31.7
v -29.3 0.9499979 -31.3
v -29.3 1.049997 -31.7
v -29.3 1.049997 -31.3
v -29.3 1.049997 -31.3
v -29.7 1.049997 -31.3
v -29.3 1.049997 -31.7
v -29.7 1.049997 -31.7
v -29.3 0.9499979 -31.7
v -29.7 0.9499979 -31.7
v -29.3 0.9499979 -31.3
v -29.7 0.9499979 -31.3
v 41.70016 -0.04999065 49.70012
v 41.30016 -0.04999065 49.70012
v 41.70016 0.05000877 49.70012
v 41.30016 0.05000877 49.70012
v 41.30016 -0.04999065 49.70012
v 41.30016 -0.04999065 49.30012
v 41.30016 0.05000877 49.70012
v 41.30016 0.05000877 49.30012
v 41.30016 -0.04999065 49.30012
v 41.70016 -0.04999065 49.30012
v 41.30016 0.05000877 49.30012
v 41.70016 0.05000877 49.30012
v 41.70016 -0.04999065 49.30012
v 41.70016 -0.04999065 49.70012
v 41.70016 0.05000877 49.30012
v 41.70016 0.05000877 49.70012
v 41.70016 0.05000877 49.70012
v 41.30016 0.05000877 49.70012
v 41.70016 0.05000877 49.30012
v 41.30016 0.05000877 49.30012
v 41.70016 -0.04999065 49.30012
v 41.30016 -0.04999065 49.30012
v 41.70016 -0.04999065 49.70012
v 41.30016 -0.04999065 49.70012
v 3.200032 0.9499645 -53.8
v 2.800034 0.9499645 -53.8
v 3.200032 1.049964 -53.8
v 2.800034 1.049964 -53.8
v 2.800034 0.9499645 -53.8
v 2.800034 0.9499645 -54.2
v 2.800034 1.049964 -53.8
v 2.800034 1.049964 -54.2
v 2.800034 0.9499645 -54.2
v 3.200032 0.9499645 -54.2
v 2.800034 1.049964 -54.2
v 3.200032 1.049964 -54.2
v 3.200032 0.9499645 -54.2
v 3.200032 0.9499645 -53.8
v 3.200032 1.049964 -54.2
v 3.200032 1.049964 -53.8
v 3.200032 1.049964 -53.8
v 2.800034 1.049964 -53.8
v 3.200032 1.049964 -54.2
v 2.800034 1.049964 -54.2
v 3.200032 0.9499645 -54.2
v 2.800034 0.9499645 -54.2
v 3.200032 0.9499645 -53.8
v 2.800034 0.9499645 -53.8
v 21.7001 0.9499979 16.70008
v 21.3001 0.9499979 16.70008
v 21.7001 1.049997 16.70008
v 21.3001 1.049997 16.70008
v 21.3001 0.9499979 16.70008
v 21.3001 0.9499979 16.30008
v 21.3001 1.049997 16.70008
v 21.3001 1.049997 16.30008
v 21.3001 0.9499979 16.30008
v 21.7001 0.9499979 16.30008
v 21.3001 1.049997 16.30008
v 21.7001 1.049997 16.30008
v 21.7001 0.9499979 16.30008
v 21.7001 0.9499979 16.70008
v 21.7001 1.049997 16.30008
v 21.7001 1.049997 16.70008
v 21.7001 1.049997 16.70008
v 21.3001 1.049997 16.70008
v 21.7001 1.049997 16.30008
v 21.3001 1.049997 16.30008
v 21.7001 0.9499979 16.30008
v 21.3001 0.9499979 16.30008
v 21.7001 0.9499979 16.70008
v 21.3001 0.9499979 16.70008
v -20.79998 0.9499979 -31.3
v -21.19998 0.9499979 -31.3
v -20.79998 1.049997 -31.3
v -21.19998 1.049997 -31.3
v -21.19998 0.9499979 -31.3
v -21.19998 0.9499979 -31.7
v -21.19998 1.049997 -31.3
v -21.19998 1.049997 -31.7
v -21.19998 0.9499979 -31.7
v -20.79998 0.9499979 -31.7
v -21.19998 1.049997 -31.7
v -20.79998 1.049997 -31.7
v -20.79998 0.9499979 -31.7
v -20.79998 0.9499979 -31.3
v -20.79998 1.049997 -31.7
v -20.79998 1.049997 -31.3
v -20.79998 1.049997 -31.3
v -21.19998 1.049997 -31.3
v -20.79998 1.049997 -31.7
v -21.19998 1.049997 -31.7
v -20.79998 0.9499979 -31.7
v -21.19998 0.9499979 -31.7
v -20.79998 0.9499979 -31.3
v -21.19998 0.9499979 -31.3
v 0.7000943 0.9500169 25.20007
v 0.3000966 0.9500169 25.20007
v 0.7000943 1.050016 25.20007
v 0.3000966 1.050016 25.20007
v 0.3000966 0.9500169 25.20007
v 0.3000966 0.9500169 24.80007
v 0.3000966 1.050016 25.20007
v 0.3000966 1.050016 24.80007
v 0.3000966 0.9500169 24.80007
v 0.7000943 0.9500169 24.80007
v 0.3000966 1.050016 24.80007
v 0.7000943 1.050016 24.80007
v 0.7000943 0.9500169 24.80007
v 0.7000943 0.9500169 25.20007
v 0.7000943 1.050016 24.80007
v 0.7000943 1.050016 25.20007
v 0.7000943 1.050016 25.20007
v 0.3000966 1.050016 25.20007
v 0.7000943 1.050016 24.80007
v 0.3000966 1.050016 24.80007
v 0.7000943 0.9500169 24.80007
v 0.3000966 0.9500169 24.80007
v 0.7000943 0.9500169 25.20007
v 0.3000966 0.9500169 25.20007
v -1.799953 0.9499826 -26.29998
v -2.199951 0.9499826 -26.29998
v -1.799953 1.049982 -26.29998
v -2.199951 1.049982 -26.29998
v -2.199951 0.9499826 -26.29998
v -2.199951 0.9499826 -26.69998
v -2.199951 1.049982 -26.29998
v -2.199951 1.049982 -26.69998
v -2.199951 0.9499826 -26.69998
v -1.799953 0.9499826 -26.69998
v -2.199951 1.049982 -26.69998
v -1.799953 1.049982 -26.69998
v -1.799953 0.9499826 -26.69998
v -1.799953 0.9499826 -26.29998
v -1.799953 1.049982 -26.69998
v -1.799953 1.049982 -26.29998
v -1.799953 1.049982 -26.29998
v -2.199951 1.049982 -26.29998
v -1.799953 1.049982 -26.69998
v -2.199951 1.049982 -26.69998
v -1.799953 0.9499826 -26.69998
v -2.199951 0.9499826 -26.69998
v -1.799953 0.9499826 -26.29998
v -2.199951 0.9499826 -26.29998
v 32.20011 0.9499826 7.700079
v 31.80011 0.9499826 7.700079
v 32.20011 1.049982 7.700079
v 31.80011 1.049982 7.700079
v 31.80011 0.9499826 7.700079
v 31.80011 0.9499826 7.300079
v 31.80011 1.049982 7.700079
v 31.80011 1.049982 7.300079
v 31.80011 0.9499826 7.300079
v 32.20011 0.9499826 7.300079
v 31.80011 1.049982 7.300079
v 32.20011 1.049982 7.300079
v 32.20011 0.9499826 7.300079
v 32.20011 0.9499826 7.700079
v 32.20011 1.049982 7.300079
v 32.20011 1.049982 7.700079
v 32.20011 1.049982 7.700079
v 31.80011 1.049982 7.700079
v 32.20011 1.049982 7.300079
v 31.80011 1.049982 7.300079
v 32.20011 0.9499826 7.300079
v 31.80011 0.9499826 7.300079
v 32.20011 0.9499826 7.700079
v 31.80011 0.9499826 7.700079
v -2.799911 0.9500169 30.20008
v -3.199909 0.9500169 30.20008
v -2.799911 1.050016 30.20008
v -3.199909 1.050016 30.20008
v -3.199909 0.9500169 30.20008
v -3.199909 0.9500169 29.80008
v -3.199909 1.050016 30.20008
v -3.199909 1.050016 29.80008
v -3.199909 0.9500169 29.80008
v -2.799911 0.9500169 29.80008
v -3.199909 1.050016 29.80008
v -2.799911 1.050016 29.80008
v -2.799911 0.9500169 29.80008
v -2.799911 0.9500169 30.20008
v -2.799911 1.050016 29.80008
v -2.799911 1.050016 30.20008
v -2.799911 1.050016 30.20008
v -3.199909 1.050016 30.20008
v -2.799911 1.050016 29.80008
v -3.199909 1.050016 29.80008
v -2.799911 0.9500169 29.80008
v -3.199909 0.9500169 29.80008
v -2.799911 0.9500169 30.20008
v -3.199909 0.9500169 30.20008
v 32.2001 0.9499769 -2.799929
v 31.8001 0.9499769 -2.799929
v 32.2001 1.049976 -2.799929
v 31.8001 1.049976 -2.799929
v 31.8001 0.9499769 -2.799929
v 31.8001 0.9499769 -3.199929
v 31.8001 1.049976 -2.799929
v 31.8001 1.049976 -3.199929
v 31.8001 0.9499769 -3.199929
v 32.2001 0.9499769 -3.199929
v 31.8001 1.049976 -3.199929
v 32.2001 1.049976 -3.199929
v 32.2001 0.9499769 -3.199929
v 32.2001 0.9499769 -2.799929
v 32.2001 1.049976 -3.199929
v 32.2001 1.049976 -2.799929
v 32.2001 1.049976 -2.799929
v 31.8001 1.049976 -2.799929
v 32.2001 1.049976 -3.199929
v 31.8001 1.049976 -3.199929
v 32.2001 0.9499769 -3.199929
v 31.8001 0.9499769 -3.199929
v 32.2001 0.9499769 -2.799929
v 31.8001 0.9499769 -2.799929
v 58.70018 -2.050002 40.20014
v 58.30018 -2.050002 40.20014
v 58.70018 -1.950003 40.20014
v 58.30018 -1.950003 40.20014
v 58.30018 -2.050002 40.20014
v 58.30018 -2.050002 39.80014
v 58.30018 -1.950003 40.20014
v 58.30018 -1.950003 39.80014
v 58.30018 -2.050002 39.80014
v 58.70018 -2.050002 39.80014
v 58.30018 -1.950003 39.80014
v 58.70018 -1.950003 39.80014
v 58.70018 -2.050002 39.80014
v 58.70018 -2.050002 40.20014
v 58.70018 -1.950003 39.80014
v 58.70018 -1.950003 40.20014
v 58.70018 -1.950003 40.20014
v 58.30018 -1.950003 40.20014
v 58.70018 -1.950003 39.80014
v 58.30018 -1.950003 39.80014
v 58.70018 -2.050002 39.80014
v 58.30018 -2.050002 39.80014
v 58.70018 -2.050002 40.20014
v 58.30018 -2.050002 40.20014
v -3.29994 0.9499979 -11.29996
v -3.699938 0.9499979 -11.29996
v -3.29994 1.049997 -11.29996
v -3.699938 1.049997 -11.29996
v -3.699938 0.9499979 -11.29996
v -3.699938 0.9499979 -11.69996
v -3.699938 1.049997 -11.29996
v -3.699938 1.049997 -11.69996
v -3.699938 0.9499979 -11.69996
v -3.29994 0.9499979 -11.69996
v -3.699938 1.049997 -11.69996
v -3.29994 1.049997 -11.69996
v -3.29994 0.9499979 -11.69996
v -3.29994 0.9499979 -11.29996
v -3.29994 1.049997 -11.69996
v -3.29994 1.049997 -11.29996
v -3.29994 1.049997 -11.29996
v -3.699938 1.049997 -11.29996
v -3.29994 1.049997 -11.69996
v -3.699938 1.049997 -11.69996
v -3.29994 0.9499979 -11.69996
v -3.699938 0.9499979 -11.69996
v -3.29994 0.9499979 -11.29996
v -3.699938 0.9499979 -11.29996
v 19.20006 0.9499569 -47.29998
v 18.80006 0.9499569 -47.29998
v 19.20006 1.049956 -47.29998
v 18.80006 1.049956 -47.29998
v 18.80006 0.9499569 -47.29998
v 18.80006 0.9499569 -47.69998
v 18.80006 1.049956 -47.29998
v 18.80006 1.049956 -47.69998
v 18.80006 0.9499569 -47.69998
v 19.20006 0.9499569 -47.69998
v 18.80006 1.049956 -47.69998
v 19.20006 1.049956 -47.69998
v 19.20006 0.9499569 -47.69998
v 19.20006 0.9499569 -47.29998
v 19.20006 1.049956 -47.69998
v 19.20006 1.049956 -47.29998
v 19.20006 1.049956 -47.29998
v 18.80006 1.049956 -47.29998
v 19.20006 1.049956 -47.69998
v 18.80006 1.049956 -47.69998
v 19.20006 0.9499569 -47.69998
v 18.80006 0.9499569 -47.69998
v 19.20006 0.9499569 -47.29998
v 18.80006 0.9499569 -47.29998
v 0.7000751 0.9499979 7.700052
v 0.3000774 0.9499979 7.700052
v 0.7000751 1.049997 7.700052
v 0.3000774 1.049997 7.700052
v 0.3000774 0.9499979 7.700052
v 0.3000774 0.9499979 7.300052
v 0.3000774 1.049997 7.700052
v 0.3000774 1.049997 7.300052
v 0.3000774 0.9499979 7.300052
v 0.7000751 0.9499979 7.300052
v 0.3000774 1.049997 7.300052
v 0.7000751 1.049997 7.300052
v 0.7000751 0.9499979 7.300052
v 0.7000751 0.9499979 7.700052
v 0.7000751 1.049997 7.300052
v 0.7000751 1.049997 7.700052
v 0.7000751 1.049997 7.700052
v 0.3000774 1.049997 7.700052
v 0.7000751 1.049997 7.300052
v 0.3000774 1.049997 7.300052
v 0.7000751 0.9499979 7.300052
v 0.3000774 0.9499979 7.300052
v 0.7000751 0.9499979 7.700052
v 0.3000774 0.9499979 7.700052
v 10.70007 0.9499779 -20.79996
v 10.30007 0.9499779 -20.79996
v 10.70007 1.049977 -20.79996
v 10.30007 1.049977 -20.79996
v 10.30007 0.9499779 -20.79996
v 10.30007 0.9499779 -21.19996
v 10.30007 1.049977 -20.79996
v 10.30007 1.049977 -21.19996
v 10.30007 0.9499779 -21.19996
v 10.70007 0.9499779 -21.19996
v 10.30007 1.049977 -21.19996
v 10.70007 1.049977 -21.19996
v 10.70007 0.9499779 -21.19996
v 10.70007 0.9499779 -20.79996
v 10.70007 1.049977 -21.19996
v 10.70007 1.049977 -20.79996
v 10.70007 1.049977 -20.79996
v 10.30007 1.049977 -20.79996
v 10.70007 1.049977 -21.19996
v 10.30007 1.049977 -21.19996
v 10.70007 0.9499779 -21.19996
v 10.30007 0.9499779 -21.19996
v 10.70007 0.9499779 -20.79996
v 10.30007 0.9499779 -20.79996
v 21.7001 0.9499779 -11.29994
v 21.3001 0.9499779 -11.29994
v 21.7001 1.049977 -11.29994
v 21.3001 1.049977 -11.29994
v 21.3001 0.9499779 -11.29994
v 21.3001 0.9499779 -11.69994
v 21.3001 1.049977 -11.29994
v 21.3001 1.049977 -11.69994
v 21.3001 0.9499779 -11.69994
v 21.7001 0.9499779 -11.69994
v 21.3001 1.049977 -11.69994
v 21.7001 1.049977 -11.69994
v 21.7001 0.9499779 -11.69994
v 21.7001 0.9499779 -11.29994
v 21.7001 1.049977 -11.69994
v 21.7001 1.049977 -11.29994
v 21.7001 1.049977 -11.29994
v 21.3001 1.049977 -11.29994
v 21.7001 1.049977 -11.69994
v 21.3001 1.049977 -11.69994
v 21.7001 0.9499779 -11.69994
v 21.3001 0.9499779 -11.69994
v 21.7001 0.9499779 -11.29994
v 21.3001 0.9499779 -11.29994
v 21.70008 0.9499722 -20.79995
v 21.30008 0.9499722 -20.79995
v 21.70008 1.049972 -20.79995
v 21.30008 1.049972 -20.79995
v 21.30008 0.9499722 -20.79995
v 21.30008 0.9499722 -21.19995
v 21.30008 1.049972 -20.79995
v 21.30008 1.049972 -21.19995
v 21.30008 0.9499722 -21.19995
v 21.70008 0.9499722 -21.19995
v 21.30008 1.049972 -21.19995
v 21.70008 1.049972 -21.19995
v 21.70008 0.9499722 -21.19995
v 21.70008 0.9499722 -20.79995
v 21.70008 1.049972 -21.19995
v 21.70008 1.049972 -20.79995
v 21.70008 1.049972 -20.79995
v 21.30008 1.049972 -20.79995
v 21.70008 1.049972 -21.19995
v 21.30008 1.049972 -21.19995
v 21.70008 0.9499722 -21.19995
v 21.30008 0.9499722 -21.19995
v 21.70008 0.9499722 -20.79995
v 21.30008 0.9499722 -20.79995
v 44.70017 -2.050002 40.20012
v 44.30017 -2.050002 40.20012
v 44.70017 -1.950003 40.20012
v 44.30017 -1.950003 40.20012
v 44.30017 -2.050002 40.20012
v 44.30017 -2.050002 39.80012
v 44.30017 -1.950003 40.20012
v 44.30017 -1.950003 39.80012
v 44.30017 -2.050002 39.80012
v 44.70017 -2.050002 39.80012
v 44.30017 -1.950003 39.80012
v 44.70017 -1.950003 39.80012
v 44.70017 -2.050002 39.80012
v 44.70017 -2.050002 40.20012
v 44.70017 -1.950003 39.80012
v 44.70017 -1.950003 40.20012
v 44.70017 -1.950003 40.20012
v 44.30017 -1.950003 40.20012
v 44.70017 -1.950003 39.80012
v 44.30017 -1.950003 39.80012
v 44.70017 -2.050002 39.80012
v 44.30017 -2.050002 39.80012
v 44.70017 -2.050002 40.20012
v 44.30017 -2.050002 40.20012
v -1.79997 0.9499707 -47.3
v -2.199968 0.9499707 -47.3
v -1.79997 1.04997 -47.3
v -2.199968 1.04997 -47.3
v -2.199968 0.9499707 -47.3
v -2.199968 0.9499707 -47.7
v -2.199968 1.04997 -47.3
v -2.199968 1.04997 -47.7
v -2.199968 0.9499707 -47.7
v -1.79997 0.9499707 -47.7
v -2.199968 1.04997 -47.7
v -1.79997 1.04997 -47.7
v -1.79997 0.9499707 -47.7
v -1.79997 0.9499707 -47.3
v -1.79997 1.04997 -47.7
v -1.79997 1.04997 -47.3
v -1.79997 1.04997 -47.3
v -2.199968 1.04997 -47.3
v -1.79997 1.04997 -47.7
v -2.199968 1.04997 -47.7
v -1.79997 0.9499707 -47.7
v -2.199968 0.9499707 -47.7
v -1.79997 0.9499707 -47.3
v -2.199968 0.9499707 -47.3
v 14.20004 0.9499588 -53.79998
v 13.80004 0.9499588 -53.79998
v 14.20004 1.049958 -53.79998
v 13.80004 1.049958 -53.79998
v 13.80004 0.9499588 -53.79998
v 13.80004 0.9499588 -54.19998
v 13.80004 1.049958 -53.79998
v 13.80004 1.049958 -54.19998
v 13.80004 0.9499588 -54.19998
v 14.20004 0.9499588 -54.19998
v 13.80004 1.049958 -54.19998
v 14.20004 1.049958 -54.19998
v 14.20004 0.9499588 -54.19998
v 14.20004 0.9499588 -53.79998
v 14.20004 1.049958 -54.19998
v 14.20004 1.049958 -53.79998
v 14.20004 1.049958 -53.79998
v 13.80004 1.049958 -53.79998
v 14.20004 1.049958 -54.19998
v 13.80004 1.049958 -54.19998
v 14.20004 0.9499588 -54.19998
v 13.80004 0.9499588 -54.19998
v 14.20004 0.9499588 -53.79998
v 13.80004 0.9499588 -53.79998
v 11.70011 0.9500089 25.20007
v 11.30011 0.9500089 25.20007
v 11.70011 1.050008 25.20007
v 11.30011 1.050008 25.20007
v 11.30011 0.9500089 25.20007
v 11.30011 0.9500089 24.80007
v 11.30011 1.050008 25.20007
v 11.30011 1.050008 24.80007
v 11.30011 0.9500089 24.80007
v 11.70011 0.9500089 24.80007
v 11.30011 1.050008 24.80007
v 11.70011 1.050008 24.80007
v 11.70011 0.9500089 24.80007
v 11.70011 0.9500089 25.20007
v 11.70011 1.050008 24.80007
v 11.70011 1.050008 25.20007
v 11.70011 1.050008 25.20007
v 11.30011 1.050008 25.20007
v 11.70011 1.050008 24.80007
v 11.30011 1.050008 24.80007
v 11.70011 0.9500089 24.80007
v 11.30011 0.9500089 24.80007
v 11.70011 0.9500089 25.20007
v 11.30011 0.9500089 25.20007
v 11.20009 0.9499979 7.70006
v 10.80009 0.9499979 7.70006
v 11.20009 1.049997 7.70006
v 10.80009 1.049997 7.70006
v 10.80009 0.9499979 7.70006
v 10.80009 0.9499979 7.30006
v 10.80009 1.049997 7.70006
v 10.80009 1.049997 7.30006
v 10.80009 0.9499979 7.30006
v 11.20009 0.9499979 7.30006
v 10.80009 1.049997 7.30006
v 11.20009 1.049997 7.30006
v 11.20009 0.9499979 7.30006
v 11.20009 0.9499979 7.70006
v 11.20009 1.049997 7.30006
v 11.20009 1.049997 7.70006
v 11.20009 1.049997 7.70006
v 10.80009 1.049997 7.70006
v 11.20009 1.049997 7.30006
v 10.80009 1.049997 7.30006
v 11.20009 0.9499979 7.30006
v 10.80009 0.9499979 7.30006
v 11.20009 0.9499979 7.70006
v 10.80009 0.9499979 7.70006
v -1.299965 0.9499774 -36.79998
v -1.699963 0.9499774 -36.79998
v -1.299965 1.049977 -36.79998
v -1.699963 1.049977 -36.79998
v -1.699963 0.9499774 -36.79998
v -1.699963 0.9499774 -37.19998
v -1.699963 1.049977 -36.79998
v -1.699963 1.049977 -37.19998
v -1.699963 0.9499774 -37.19998
v -1.299965 0.9499774 -37.19998
v -1.699963 1.049977 -37.19998
v -1.299965 1.049977 -37.19998
v -1.299965 0.9499774 -37.19998
v -1.299965 0.9499774 -36.79998
v -1.299965 1.049977 -37.19998
v -1.299965 1.049977 -36.79998
v -1.299965 1.049977 -36.79998
v -1.699963 1.049977 -36.79998
v -1.299965 1.049977 -37.19998
v -1.699963 1.049977 -37.19998
v -1.299965 0.9499774 -37.19998
v -1.699963 0.9499774 -37.19998
v -1.299965 0.9499774 -36.79998
v -1.699963 0.9499774 -36.79998
v 47.20014 0.9499617 -2.799902
v 46.80014 0.9499617 -2.799902
v 47.20014 1.049961 -2.799902
v 46.80014 1.049961 -2.799902
v 46.80014 0.9499617 -2.799902
v 46.80014 0.9499617 -3.199902
v 46.80014 1.049961 -2.799902
v 46.80014 1.049961 -3.199902
v 46.80014 0.9499617 -3.199902
v 47.20014 0.9499617 -3.199902
v 46.80014 1.049961 -3.199902
v 47.20014 1.049961 -3.199902
v 47.20014 0.9499617 -3.199902
v 47.20014 0.9499617 -2.799902
v 47.20014 1.049961 -3.199902
v 47.20014 1.049961 -2.799902
v 47.20014 1.049961 -2.799902
v 46.80014 1.049961 -2.799902
v 47.20014 1.049961 -3.199902
v 46.80014 1.049961 -3.199902
v 47.20014 0.9499617 -3.199902
v 46.80014 0.9499617 -3.199902
v 47.20014 0.9499617 -2.799902
v 46.80014 0.9499617 -2.799902
v 32.20009 0.9499607 -20.79994
v 31.80009 0.9499607 -20.79994
v 32.20009 1.04996 -20.79994
v 31.80009 1.04996 -20.79994
v 31.80009 0.9499607 -20.79994
v 31.80009 0.9499607 -21.19994
v 31.80009 1.04996 -20.79994
v 31.80009 1.04996 -21.19994
v 31.80009 0.9499607 -21.19994
v 32.20009 0.9499607 -21.19994
v 31.80009 1.04996 -21.19994
v 32.20009 1.04996 -21.19994
v 32.20009 0.9499607 -21.19994
v 32.20009 0.9499607 -20.79994
v 32.20009 1.04996 -21.19994
v 32.20009 1.04996 -20.79994
v 32.20009 1.04996 -20.79994
v 31.80009 1.04996 -20.79994
v 32.20009 1.04996 -21.19994
v 31.80009 1.04996 -21.19994
v 32.20009 0.9499607 -21.19994
v 31.80009 0.9499607 -21.19994
v 32.20009 0.9499607 -20.79994
v 31.80009 0.9499607 -20.79994
v 0.7000809 0.9500169 17.70005
v 0.3000832 0.9500169 17.70005
v 0.7000809 1.050016 17.70005
v 0.3000832 1.050016 17.70005
v 0.3000832 0.9500169 17.70005
v 0.3000832 0.9500169 17.30005
v 0.3000832 1.050016 17.70005
v 0.3000832 1.050016 17.30005
v 0.3000832 0.9500169 17.30005
v 0.7000809 0.9500169 17.30005
v 0.3000832 1.050016 17.30005
v 0.7000809 1.050016 17.30005
v 0.7000809 0.9500169 17.30005
v 0.7000809 0.9500169 17.70005
v 0.7000809 1.050016 17.30005
v 0.7000809 1.050016 17.70005
v 0.7000809 1.050016 17.70005
v 0.3000832 1.050016 17.70005
v 0.7000809 1.050016 17.30005
v 0.3000832 1.050016 17.30005
v 0.7000809 0.9500169 17.30005
v 0.3000832 0.9500169 17.30005
v 0.7000809 0.9500169 17.70005
v 0.3000832 0.9500169 17.70005
v 11.20007 0.9499855 -11.29995
v 10.80007 0.9499855 -11.29995
v 11.20007 1.049985 -11.29995
v 10.80007 1.049985 -11.29995
v 10.80007 0.9499855 -11.29995
v 10.80007 0.9499855 -11.69995
v 10.80007 1.049985 -11.29995
v 10.80007 1.049985 -11.69995
v 10.80007 0.9499855 -11.69995
v 11.20007 0.9499855 -11.69995
v 10.80007 1.049985 -11.69995
v 11.20007 1.049985 -11.69995
v 11.20007 0.9499855 -11.69995
v 11.20007 0.9499855 -11.29995
v 11.20007 1.049985 -11.69995
v 11.20007 1.049985 -11.29995
v 11.20007 1.049985 -11.29995
v 10.80007 1.049985 -11.29995
v 11.20007 1.049985 -11.69995
v 10.80007 1.049985 -11.69995
v 11.20007 0.9499855 -11.69995
v 10.80007 0.9499855 -11.69995
v 11.20007 0.9499855 -11.29995
v 10.80007 0.9499855 -11.29995
v 58.70015 -2.050044 -2.799902
v 58.30015 -2.050044 -2.799902
v 58.70015 -1.950045 -2.799902
v 58.30015 -1.950045 -2.799902
v 58.30015 -2.050044 -2.799902
v 58.30015 -2.050044 -3.199902
v 58.30015 -1.950045 -2.799902
v 58.30015 -1.950045 -3.199902
v 58.30015 -2.050044 -3.199902
v 58.70015 -2.050044 -3.199902
v 58.30015 -1.950045 -3.199902
v 58.70015 -1.950045 -3.199902
v 58.70015 -2.050044 -3.199902
v 58.70015 -2.050044 -2.799902
v 58.70015 -1.950045 -3.199902
v 58.70015 -1.950045 -2.799902
v 58.70015 -1.950045 -2.799902
v 58.30015 -1.950045 -2.799902
v 58.70015 -1.950045 -3.199902
v 58.30015 -1.950045 -3.199902
v 58.70015 -2.050044 -3.199902
v 58.30015 -2.050044 -3.199902
v 58.70015 -2.050044 -2.799902
v 58.30015 -2.050044 -2.799902
v 58.70015 -2.050044 7.700098
v 58.30015 -2.050044 7.700098
v 58.70015 -1.950045 7.700098
v 58.30015 -1.950045 7.700098
v 58.30015 -2.050044 7.700098
v 58.30015 -2.050044 7.300098
v 58.30015 -1.950045 7.700098
v 58.30015 -1.950045 7.300098
v 58.30015 -2.050044 7.300098
v 58.70015 -2.050044 7.300098
v 58.30015 -1.950045 7.300098
v 58.70015 -1.950045 7.300098
v 58.70015 -2.050044 7.300098
v 58.70015 -2.050044 7.700098
v 58.70015 -1.950045 7.300098
v 58.70015 -1.950045 7.700098
v 58.70015 -1.950045 7.700098
v 58.30015 -1.950045 7.700098
v 58.70015 -1.950045 7.300098
v 58.30015 -1.950045 7.300098
v 58.70015 -2.050044 7.300098
v 58.30015 -2.050044 7.300098
v 58.70015 -2.050044 7.700098
v 58.30015 -2.050044 7.700098
v 58.70018 -2.050021 27.70011
v 58.30018 -2.050021 27.70011
v 58.70018 -1.950022 27.70011
v 58.30018 -1.950022 27.70011
v 58.30018 -2.050021 27.70011
v 58.30018 -2.050021 27.30011
v 58.30018 -1.950022 27.70011
v 58.30018 -1.950022 27.30011
v 58.30018 -2.050021 27.30011
v 58.70018 -2.050021 27.30011
v 58.30018 -1.950022 27.30011
v 58.70018 -1.950022 27.30011
v 58.70018 -2.050021 27.30011
v 58.70018 -2.050021 27.70011
v 58.70018 -1.950022 27.30011
v 58.70018 -1.950022 27.70011
v 58.70018 -1.950022 27.70011
v 58.30018 -1.950022 27.70011
v 58.70018 -1.950022 27.30011
v 58.30018 -1.950022 27.30011
v 58.70018 -2.050021 27.30011
v 58.30018 -2.050021 27.30011
v 58.70018 -2.050021 27.70011
v 58.30018 -2.050021 27.70011
v 0.2000542 0.9499874 -20.79997
v -0.1999436 0.9499874 -20.79997
v 0.2000542 1.049987 -20.79997
v -0.1999436 1.049987 -20.79997
v -0.1999436 0.9499874 -20.79997
v -0.1999436 0.9499874 -21.19997
v -0.1999436 1.049987 -20.79997
v -0.1999436 1.049987 -21.19997
v -0.1999436 0.9499874 -21.19997
v 0.2000542 0.9499874 -21.19997
v -0.1999436 1.049987 -21.19997
v 0.2000542 1.049987 -21.19997
v 0.2000542 0.9499874 -21.19997
v 0.2000542 0.9499874 -20.79997
v 0.2000542 1.049987 -21.19997
v 0.2000542 1.049987 -20.79997
v 0.2000542 1.049987 -20.79997
v -0.1999436 1.049987 -20.79997
v 0.2000542 1.049987 -21.19997
v -0.1999436 1.049987 -21.19997
v 0.2000542 0.9499874 -21.19997
v -0.1999436 0.9499874 -21.19997
v 0.2000542 0.9499874 -20.79997
v -0.1999436 0.9499874 -20.79997
v 34.70013 0.9499807 13.20009
v 34.30013 0.9499807 13.20009
v 34.70013 1.04998 13.20009
v 34.30013 1.04998 13.20009
v 34.30013 0.9499807 13.20009
v 34.30013 0.9499807 12.80009
v 34.30013 1.04998 13.20009
v 34.30013 1.04998 12.80009
v 34.30013 0.9499807 12.80009
v 34.70013 0.9499807 12.80009
v 34.30013 1.04998 12.80009
v 34.70013 1.04998 12.80009
v 34.70013 0.9499807 12.80009
v 34.70013 0.9499807 13.20009
v 34.70013 1.04998 12.80009
v 34.70013 1.04998 13.20009
v 34.70013 1.04998 13.20009
v 34.30013 1.04998 13.20009
v 34.70013 1.04998 12.80009
v 34.30013 1.04998 12.80009
v 34.70013 0.9499807 12.80009
v 34.30013 0.9499807 12.80009
v 34.70013 0.9499807 13.20009
v 34.30013 0.9499807 13.20009
v 27.70014 -0.04999065 48.20013
v 27.30014 -0.04999065 48.20013
v 27.70014 0.05000877 48.20013
v 27.30014 0.05000877 48.20013
v 27.30014 -0.04999065 48.20013
v 27.30014 -0.04999065 47.80013
v 27.30014 0.05000877 48.20013
v 27.30014 0.05000877 47.80013
v 27.30014 -0.04999065 47.80013
v 27.70014 -0.04999065 47.80013
v 27.30014 0.05000877 47.80013
v 27.70014 0.05000877 47.80013
v 27.70014 -0.04999065 47.80013
v 27.70014 -0.04999065 48.20013
v 27.70014 0.05000877 47.80013
v 27.70014 0.05000877 48.20013
v 27.70014 0.05000877 48.20013
v 27.30014 0.05000877 48.20013
v 27.70014 0.05000877 47.80013
v 27.30014 0.05000877 47.80013
v 27.70014 -0.04999065 47.80013
v 27.30014 -0.04999065 47.80013
v 27.70014 -0.04999065 48.20013
v 27.30014 -0.04999065 48.20013
v 17.20013 -0.04998302 48.20011
v 16.80013 -0.04998302 48.20011
v 17.20013 0.0500164 48.20011
v 16.80013 0.0500164 48.20011
v 16.80013 -0.04998302 48.20011
v 16.80013 -0.04998302 47.80011
v 16.80013 0.0500164 48.20011
v 16.80013 0.0500164 47.80011
v 16.80013 -0.04998302 47.80011
v 17.20013 -0.04998302 47.80011
v 16.80013 0.0500164 47.80011
v 17.20013 0.0500164 47.80011
v 17.20013 -0.04998302 47.80011
v 17.20013 -0.04998302 48.20011
v 17.20013 0.0500164 47.80011
v 17.20013 0.0500164 48.20011
v 17.20013 0.0500164 48.20011
v 16.80013 0.0500164 48.20011
v 17.20013 0.0500164 47.80011
v 16.80013 0.0500164 47.80011
v 17.20013 -0.04998302 47.80011
v 16.80013 -0.04998302 47.80011
v 17.20013 -0.04998302 48.20011
v 16.80013 -0.04998302 48.20011
v 32 -2 -27.94556
v 31 -2 -27.94556
v 32 0 -27.95444
v 31 0 -27.95444
v -8.5 -2 -13.94556
v -9.5 -2 -13.94556
v -8.5 0 -13.95444
v -9.5 0 -13.95444
v -4.945562 -2 7
v -4.945562 -2 8
v -4.954438 0 7
v -4.954438 0 8
v -30 -2 -9.049999
v -29 -2 -9.049999
v -30 0 -9.049999
v -29 0 -9.049999
v -10.5 -2 -9.054438
v -9.5 -2 -9.054439
v -10.5 0 -9.045562
v -9.5 0 -9.045563
v -2.5 -2 -13.94556
v -3.5 -2 -13.94556
v -2.5 0 -13.95444
v -3.5 0 -13.95444
v 13.5 -2 -9.054438
v 14.5 -2 -9.054439
v 13.5 0 -9.045562
v 14.5 0 -9.045563
v 8.5 -2 -9.054438
v 9.5 -2 -9.054439
v 8.5 0 -9.045562
v 9.5 0 -9.045563
v 4 -2 -57
v 13 -2 -57
v 4 -1 -57
v 13 -1 -57
v 13 -2 -57
v 13 -2 -55
v 13 -1 -57
v 13 -1 -55
v 13 -2 -55
v 4 -2 -55
v 13 -1 -55
v 4 -1 -55
v 4 -2 -55
v 4 -2 -57
v 4 -1 -55
v 4 -1 -57
v 4 -1 -57
v 13 -1 -57
v 4 -1 -55
v 13 -1 -55
v 13.5 -4 49.94656
v 14.5 -4 49.94656
v 13.5 -2 49.95544
v 14.5 -2 49.95544
v -2 -2 10
v 3 -2 5
v 3 -2 10
v -2 -2 5
v -5 -2 10
v -2 -2 5
v -2 -2 10
v -5 -2 5
v 3 -2 5
v -2 -2 5
v -2 -2 -9
v 3 -2 -9
v 3 -2 10
v 19 -2 5
v 19 -2 10
v 3 -2 5
v -1 -2 13
v -1 -2 12
v 2 -2 12
v 2 -2 13
v -2 -2 10
v -2 -2 12
v 3 -2 10
v 3 -2 12
v -13 -2 -34
v -13 -2 -27
v -16 -2 -29
v -7 -2 -27
v -16 -2 -24
v -7 -2 -24
v -26 -2 -33
v -26 -2 -29
v -26 -2 -34
v -27 -2 -29
v -27 -2 -33
v -32 -2 -34
v -27 -2 -34
v -31 -2 -14
v -31 -2 -15
v -28 -2 -15
v -28 -2 -14
v -32 -2 -15
v -27 -2 -29
v -27 -2 -15
v -32 -2 -34
v 3 -2 -18
v 8 -2 -24
v 8 -2 -18
v 3 -2 -24
v -7 -2 -22
v -7 -2 -24
v -6 -2 -22
v 3 -2 -24
v -6 -2 -21
v -5 -2 -21
v -5 -2 -20
v -4 -2 -20
v -4 -2 -19
v -2 -2 -19
v 3 -2 -18
v -2 -2 -18
v -7 -2 -27
v -7 -2 -31
v 3 -2 -24
v -5 -2 -31
v -7 -2 -24
v -4 -2 -42
v 1 -2 -42
v -5 -2 -42
v 3 -2 -42
v 24 -2 -24
v 19 -2 -18
v 19 -2 -24
v 24 -2 -18
v 29 -2 -24
v 24 -2 -18
v 24 -2 -24
v 29 -2 -18
v 35 -2 -28
v 29 -2 -16
v 29 -2 -28
v 35 -2 -16
v 19 -2 -9
v 24 -2 6
v 19 -2 5
v 24 -2 -18
v 19 -2 -14
v 19 -2 -18
v 19 -2 -13
v 19 -2 -10
v 13 -2 -18
v 19 -2 -24
v 19 -2 -18
v 13 -2 -24
v 8 -2 -18
v 13 -2 -24
v 13 -2 -18
v 8 -2 -24
v 3 -2 -13
v 4 -2 -13
v 3 -2 -10
v 4 -2 -10
v 4 -2 -9
v 18 -2 -9
v 4 -2 -14
v 18 -2 -13
v 18 -2 -14
v 18 -2 -10
v 19 -2 -13
v 19 -2 -10
v -2 -2 -9
v 3 -2 -14
v 3 -2 -10
v 3 -2 -9
v -32 -2 -9
v -28 -2 -14
v -31 -2 -14
v -32 -2 -14

vn 0 0 1
vn 0 0 1
vn 0 0 1
vn 0 0 1
vn -1 0 0
vn -1 0 0
vn -1 0 0
vn -1 0 0
vn 0 0 -1
vn 0 0 -1
vn 0 0 -1
vn 0 0 -1
vn 1 0 0
vn 1 0 0
vn 1 0 0
vn 1 0 0
vn 0 1 0
vn 0 1 0
vn 0 1 0
vn 0 1 0
vn 0 -1 0
vn 0 -1 0
vn 0 -1 0
vn 0 -1 0
vn 0 0 1
vn 0 0 1
vn 0 0 1
vn 0 0 1
vn -1 0 0
vn -1 0 0
vn -1 0 0
vn -1 0 0
vn 0 0 -1
vn 0 0 -1
vn 0 0 -1
vn 0 0 -1
vn 1 0 0
vn 1 0 0
vn 1 0 0
vn 1 0 0
vn 0 1 0
vn 0 1 0
vn 0 1 0
vn 0 1 0
vn 0 -1 0
vn 0 -1 0
vn 0 -1 0
vn 0 -1 0
vn 0 0 1
vn 0 0 1
vn 0 0 1
vn 0 0 1
vn -0.9999999 0 0
vn -0.9999999 0 0
vn -0.9999999 0 0
vn -0.9999999 0 0
vn 0 0 -1
vn 0 0 -1
vn 0 0 -1
vn 0 0 -1
vn 0.9999999 0 0
vn 0.9999999 0 0
vn 0.9999999 0 0
vn 0.9999999 0 0
vn 0 1 0
vn 0 1 0
vn 0 1 0
vn 0 1 0
vn 0 -1 0
vn 0 -1 0
vn 0 -1 0
vn 0 -1 0
vn 0 0 1
vn 0 0 1
vn 0 0 1
vn 0 0 1
vn -1 0 0
vn -1 0 0
vn -1 0 0
vn -1 0 0
vn 0 0 -1
vn 0 0 -1
vn 0 0 -1
vn 0 0 -1
vn 1 0 0
vn 1 0 0
vn 1 0 0
vn 1 0 0
vn 0 1 0
vn 0 1 0
vn 0 1 0
vn 0 1 0
vn 0 -1 0
vn 0 -1 0
vn 0 -1 0
vn 0 -1 0
vn 0 0 1
vn 0 0 1
vn 0 0 1
vn 0 0 1
vn -0.9999999 0 0
vn -0.9999999 0 0
vn -0.9999999 0 0
vn -0.9999999 0 0
vn 0 0 -1
vn 0 0 -1
vn 0 0 -1
vn 0 0 -1
vn 0.9999999 0 0
vn 0.9999999 0 0
vn 0.9999999 0 0
vn 0.9999999 0 0
vn 0 1 0
vn 0 1 0
vn 0 1 0
vn 0 1 0
vn 0 -1 0
vn 0 -1 0
vn 0 -1 0
vn 0 -1 0
vn 0 -1 0
vn 0 -1 0
vn 0 -1 0
vn 0 -1 0
vn 1 0 0
vn 1 0 0
vn 1 0 0
vn 1 0 0
vn -1 0 0
vn -1 0 0
vn -1 0 0
vn -1 0 0
vn 0 1 0
vn 0 1 0
vn 0 1 0
vn 0 1 0
vn 0 0 -1
vn 0 0 -1
vn 0 0 -1
vn 0 0 -1
vn 0 -1 0
vn 0 -1 0
vn 0 -1 0
vn 0 -1 0
vn 0 1 0
vn 0 1 0
vn 0 1 0
vn 0 1 0
vn 0 0 1
vn 0 0 1
vn 0 0 1
vn 0 0 1
vn 0 0 1
vn 0 0 1
vn 0 0 1
vn 0 0 1
vn -1 0 0
vn -1 0 0
vn -1 0 0
vn -1 0 0
vn 0 0 -1
vn 0 0 -1
vn 0 0 -1
vn 0 0 -1
vn 1 0 0
vn 1 0 0
vn 1 0 0
vn 1 0 0
vn 0 1 0
vn 0 1 0
vn 0 1 0
vn 0 1 0
vn 0 -1 0
vn 0 -1 0
vn 0 -1 0
vn 0 -1 0
vn 0 0 1
vn 0 0 1
vn 0 0 1
vn 0 0 1
vn -1 0 0
vn -1 0 0
vn -1 0 0
vn -1 0 0
vn 0 0 -1
vn 0 0 -1
vn 0 0 -1
vn 0 0 -1
vn 1 0 0
vn 1 0 0
vn 1 0 0
vn 1 0 0
vn 0 1 0
vn 0 1 0
vn 0 1 0
vn 0 1 0
vn 0 -1 0
vn 0 -1 0
vn 0 -1 0
vn 0 -1 0
vn 0 0 1
vn 0 0 1
vn 0 0 1
vn 0 0 1
vn -1 0 0
vn -1 0 0
vn -1 0 0
vn -1 0 0
vn 0 0 -1
vn 0 0 -1
vn 0 0 -1
vn 0 0 -1
vn 1 0 0
vn 1 0 0
vn 1 0 0
vn 1 0 0
vn 0 1 0
vn 0 1 0
vn 0 1 0
vn 0 1 0
vn 0 -1 0
vn 0 -1 0
vn 0 -1 0
vn 0 -1 0
vn 0 -1 0
vn 0 -1 0
vn 0 -1 0
vn 0 -1 0
vn 0 0 -1
vn 0 0 -1
vn 0 0 -1
vn 0 0 -1
vn 0 0 1
vn 0 0 1
vn 0 0 1
vn 0 0 1
vn 0 1 0
vn 0 1 0
vn 0 1 0
vn 0 1 0
vn -0.9999999 0 0
vn -0.9999999 0 0
vn -0.9999999 0 0
vn -0.9999999 0 0
vn 0 1 0
vn 0 1 0
vn 0 1 0
vn 0 1 0
vn 0 -1 0
vn 0 -1 0
vn 0 -1 0
vn 0 -1 0
vn 0.9999999 0 0
vn 0.9999999 0 0
vn 0.9999999 0 0
vn 0.9999999 0 0
vn 0 0 1
vn 0 0 1
vn 0 0 1
vn 0 0 1
vn -1 0 0
vn -1 0 0
vn -1 0 0
vn -1 0 0
vn 0 0 -1
vn 0 0 -1
vn 0 0 -1
vn 0 0 -1
vn 1 0 0
vn 1 0 0
vn 1 0 0
vn 1 0 0
vn 0 1 0
vn 0 1 0
vn 0 1 0
vn 0 1 0
vn 0 -1 0
vn 0 -1 0
vn 0 -1 0
vn 0 -1 0
vn 0 1 0
vn 0 1 0
vn 0 1 0
vn 0 1 0
vn 0 0 1
vn 0 0 1
vn 0 0 1
vn 0 0 1
vn 1 0 0
vn 1 0 0
vn 1 0 0
vn 1 0 0
vn 0 1 0
vn 0 0.9999999 0
vn 0 1 0
vn 0 1 0
vn 0 1 0
vn 0 1 0
vn 0 1 0
vn 0 1 0
vn 0 1 0
vn 0 1 0
vn 0 1 0
vn 0 1 0
vn 0 1 0
vn 0 1 0
vn 0 1 0
vn 0 1 0
vn 0 1 0
vn 0 1 0
vn 0 1 0
vn 0 1 0
vn 0 -1 0
vn 0 -1 0
vn 0 -1 0
vn 0 -1 0
vn 0 -1 0
vn 0 -1 0
vn 0 -1 0
vn 0 -1 0
vn 0 -1 0
vn 0 -1 0
vn 0 -1 0
vn 0 -1 0
vn 0 -1 0
vn 0 -0.9999999 0
vn 0 -1 0
vn 0 -1 0
vn 0 -1 0
vn 0 -1 0
vn 0 -1 0
vn 0 -1 0
vn 0 -1 0
vn 0 -1 0
vn 0 -1 0
vn 0 -1 0
vn 0 -1 0
vn 0 -1 0
vn 0 -1 0
vn 0 -1 0
vn 0 -1 0
vn 0 -1 0
vn 0 -1 0
vn 0 -1 0
vn 0 -1 0
vn 0 -1 0
vn 0 -1 0
vn 0 -1 0
vn 0 -1 0
vn 0 -1 0
vn 0 -1 0
vn 0 -1 0
vn 0 -1 0
vn 0 -1 0
vn 0 -1 0
vn 0 -1 0
vn 0 -1 0
vn 0 -1 0
vn 0 -1 0
vn 0 -1 0
vn 0 -1 0
vn 0 -1 0
vn 0 -1 0
vn 0 -1 0
vn 0 -1 0
vn 0 -1 0
vn 0 -1 0
vn 0 -1 0
vn 0 -1 0
vn 0 -1 0
vn 0 -1 0
vn 0 -1 0
vn 0 -1 0
vn 0 -1 0
vn 0 -1 0
vn 0 -1 0
vn 0 -1 0
vn 0 -1 0
vn 0 0 -1
vn 0 0 -1
vn 0 0 -1
vn 0 0 -1
vn 0 -1 0
vn 0 -1 0
vn 0 -1 0
vn 0 -1 0
vn 0 -1 0
vn 0 -1 0
vn 0 -1 0
vn 0 -1 0
vn 0 -1 0
vn 0 -1 0
vn 0 -1 0
vn 0 -1 0
vn 0 -1 0
vn 0 -1 0
vn 0 -1 0
vn 0 -1 0
vn 0 -1 0
vn 0 -1 0
vn 0 -1 0
vn 0 -1 0
vn 0 -1 0
vn 0 -1 0
vn 0 -1 0
vn 0 -1 0
vn 0 -1 0
vn 0 -1 0
vn 0 -1 0
vn 0 -1 0
vn 0 -1 0
vn 0 -1 0
vn 0 -1 0
vn 0 -1 0
vn 0 -1 0
vn 0 -1 0
vn 0 -1 0
vn 0 -0.9999999 0
vn 0 -1 0
vn 0 -1 0
vn 0 -1 0
vn 0 -0.9999999 0
vn 0 -1 0
vn 0 -1 0
vn 0 -1 0
vn 0 -1 0
vn 0 -1 0
vn 0 -1 0
vn 0 -1 0
vn 0 -1 0
vn 0 -1 0
vn 0 -1 0
vn 0 -1 0
vn 0 -1 0
vn 0 -1 0
vn 0 -1 0
vn 0 -1 0
vn 0 -1 0
vn 0 -1 0
vn 0 -1 0
vn 0 -1 0
vn 0 -1 0
vn 0 -1 0
vn 0 -1 0
vn 0 -1 0
vn 0 -1 0
vn 0 -1 0
vn 0 -1 0
vn 0 -1 0
vn 0 -1 0
vn 0 -1 0
vn 0.5547002 0.8320503 0
vn 0.5547002 0.8320503 0
vn 0.5547002 0.8320503 0
vn 0.5547002 0.8320503 0
vn -0.5547002 0.8320503 0
vn -0.5547002 0.8320503 0
vn -0.5547002 0.8320503 0
vn -0.5547002 0.8320503 0
vn 0 1 0
vn 0 1 0
vn 0 1 0
vn 0 1 0
vn 0 1 0
vn 0 1 0
vn 0 1 0
vn 0 1 0
vn 0 1 0
vn 0 1 0
vn 0 1 0
vn 0 1 0
vn 0 1 0
vn 0 1 0
vn 0 1 0
vn 0 1 0
vn 0 1 0
vn 0 1 0
vn 0 1 0
vn 0 1 0
vn 0 1 0
vn 0 1 0
vn 0 1 0
vn 0 1 0
vn 0 1 0
vn 0 1 0
vn 0 1 0
vn 0 1 0
vn 0 1 0
vn 0 1 0
vn 0 1 0
vn -1 0 0
vn -1 0 0
vn -1 0 0
vn -1 0 0
vn 1 0 0
vn 1 0 0
vn 1 0 0
vn 1 0 0
vn 0 1 0
vn 0 1 0
vn 0 1 0
vn 0 1 0
vn 0 0 -1
vn 0 0 -1
vn 0 0 -1
vn 0 0 -1
vn 0 0 -1
vn 0 0 -1
vn 0 1 0
vn 0 1 0
vn 0 1 0
vn 0 1 0
vn -1 0 0
vn -1 0 0
vn -1 0 0
vn -1 0 0
vn 0 0 1
vn 0 0 1
vn 0 0 1
vn 0 0 1
vn -1 0 0
vn -1 0 0
vn -1 0 0
vn -1 0 0
vn 0 1 0
vn 0 1 0
vn 0 1 0
vn 0 1 0
vn -1 0 0
vn -1 0 0
vn -1 0 0
vn -1 0 0
vn 0 0 1
vn 0 0 1
vn 0 0 1
vn 0 0 1
vn 0 0 1
vn 0 0 1
vn 0 0 1
vn 0 0 1
vn 0 1 0
vn 0 1 0
vn 0 1 0
vn 0 1 0
vn -1 0 0
vn -1 0 0
vn -1 0 0
vn -1 0 0
vn 0 1 0
vn 0 1 0
vn 0 1 0
vn 0 1 0
vn 0 0 -1
vn 0 0 -1
vn 0 0 -1
vn 0 0 -1
vn 0 0 -1
vn 0 0 -1
vn 0 1 0
vn 0 1 0
vn 0 1 0
vn 0 1 0
vn 1 0 0
vn 1 0 0
vn 1 0 0
vn 1 0 0
vn 0 0 1
vn 0 0 1
vn 0 0 1
vn 0 0 1
vn 0 0 1
vn 0 0 1
vn 0 0 1
vn 0 0 1
vn 1 0 0
vn 1 0 0
vn 1 0 0
vn 1 0 0
vn 0 0 1
vn 0 0 1
vn 0 0 1
vn 0 0 1
vn 0 0 1
vn 0 1 0
vn 0 1 0
vn 0 1 0
vn 0 1 0
vn 0 0 1
vn 0 0 1
vn 0 0 1
vn 0 0 1
vn 0 1 0
vn 0 1 0
vn 0 1 0
vn 0 1 0
vn 1 0 0
vn 1 0 0
vn 1 0 0
vn 1 0 0
vn 1 0 0
vn 1 0 0
vn 0 1 0
vn 0 1 0
vn 0 1 0
vn 0 1 0
vn 0 1 0
vn 0 1 0
vn 0 0 1
vn 0 0 1
vn 0 0 1
vn 0 0 1
vn 0 0 -1
vn 0 0 -1
vn 0 0 -1
vn 0 0 -1
vn 1 0 0
vn 1 0 0
vn 1 0 0
vn 1 0 0
vn 0 1 0
vn 0 1 0
vn 0 1 0
vn 0 1 0
vn -1 0 2.205372E-06
vn -1 0 2.205372E-06
vn -1 0 2.205372E-06
vn -1 0 2.205372E-06
vn 1 0 -2.205372E-06
vn 1 0 -2.205372E-06
vn 1 0 -2.205372E-06
vn 1 0 -2.205372E-06
vn 2.205372E-06 0 1
vn 2.205372E-06 0 1
vn 2.205372E-06 0 1
vn 2.205372E-06 0 1
vn 0 1 0
vn 0 1 0
vn 0 1 0
vn 0 1 0
vn 0 1 0
vn 0 1 0
vn 0 1 0
vn 0 1 0
vn 0 0 -1
vn 0 0 -1
vn 0 0 -1
vn 0 0 -1
vn -1 -9.938466E-06 4.547474E-13
vn -1 -4.969233E-06 2.484617E-06
vn -1 -4.969233E-06 2.484617E-06
vn -1 0 4.969234E-06
vn 4.547474E-13 0 1
vn 4.547474E-13 0 1
vn 4.547474E-13 0 1
vn 4.547474E-13 0 1
vn 0 1 0
vn 0 1 0
vn 0 1 0
vn 0 1 0
vn 1 0 -4.547474E-13
vn 1 0 -4.547474E-13
vn 1 0 -4.547474E-13
vn 1 0 -4.547474E-13
vn 0 1 0
vn 0 1 0
vn 0 1 0
vn 0 1 0
vn 0 1 0
vn 0 1 0
vn 0 1 0
vn 0 1 0
vn -8.988536E-09 0 -1
vn -4.872481E-08 -3.973634E-08 -1
vn -5.865877E-08 -4.967049E-08 -1
vn -6.859318E-08 -5.960458E-08 -1
vn -6.859273E-08 -5.960465E-08 -1
vn -6.859273E-08 -5.960464E-08 -1
vn -1 -3.576289E-08 -1.485341E-08
vn -1 -1.98684E-08 -1.087983E-08
vn -1 -2.235195E-08 -5.912625E-09
vn -1 0 8.988536E-09
vn -1 -2.384208E-08 -2.932666E-09
vn -1 -5.47118E-13 8.988081E-09
vn 6.859318E-08 0 1
vn 6.859318E-08 -9.094947E-14 1
vn 3.879086E-08 2.980221E-08 1
vn 6.859318E-08 0 1
vn 2.885645E-08 3.973628E-08 1
vn -5.061656E-08 1.192093E-07 1
vn 0 0 -1
vn 0 0 -1
vn 0 0 -1
vn 0 0 -1
vn 1 0 0
vn 1 0 0
vn 1 0 0
vn 1 0 0
vn 0 1 0
vn 0 1 0
vn 0 1 0
vn 0 1 0
vn 1 0 0
vn 1 0 0
vn 1 0 0
vn 1 0 0
vn 0 1 0
vn 0 1 0
vn 0 1 0
vn 0 1 0
vn 0 0 -1
vn 0 0 -1
vn 0 0 -1
vn 0 0 -1
vn 0 0 -1
vn 0 0 -1
vn 0 0 1
vn 0 0 1
vn 0 0 1
vn 0 0 1
vn -1 0 0
vn -1 0 0
vn -1 0 0
vn -1 0 0
vn 0 0 -1
vn 0 0 -1
vn 0 0 -1
vn 0 0 -1
vn 0 1 0
vn 0 1 0
vn 0 1 0
vn 0 1 0
vn 1 0 0
vn 1 0 0
vn 1 0 0
vn 1 0 0
vn 0 1 0
vn 0 1 0
vn 0 1 0
vn 0 1 0
vn 0 0 1
vn 0 0 1
vn 0 0 1
vn 0 0 1
vn 0 1 0
vn 0 1 0
vn 0 1 0
vn 0 1 0
vn 0 0 1
vn 0 0 1
vn 0 0 1
vn 0 0 1
vn 0 1 0
vn 0 1 0
vn 0 1 0
vn 0 1 0
vn 0 1 0
vn 0 1 0
vn 1 0 0
vn 1 0 0
vn 1 0 0
vn 1 0 0
vn 1 0 0
vn 1 0 0
vn 0 0 1
vn 0 0 1
vn 0 0 1
vn 0 0 1
vn 1 -1.490116E-06 -2.980232E-06
vn 1 -7.45059E-07 -1.490118E-06
vn 1 -7.45059E-07 -1.490118E-06
vn 1 0 -2.273737E-13
vn 2.273737E-13 0 1
vn 2.273737E-13 0 1
vn 2.273737E-13 0 1
vn 2.273737E-13 0 1
vn 0 1 0
vn 0 1 0
vn 0 1 0
vn 0 1 0
vn 1.089194E-07 0 1
vn 1.089194E-07 0 1
vn 1.089194E-07 0 1
vn 1.089194E-07 0 1
vn -1.555991E-08 0 -1
vn -1.555991E-08 0 -1
vn -1.555991E-08 0 -1
vn -1.555991E-08 0 -1
vn 1 0 1.776357E-15
vn 1 0 1.776357E-15
vn 1 0 1.776357E-15
vn 1 0 1.776357E-15
vn 0 1 0
vn 0 1 0
vn 0 1 0
vn 0 1 0
vn -1 0 0
vn -1 0 0
vn -1 0 0
vn -1 0 0
vn 0 0 -1
vn 0 0 -1
vn 0 0 -1
vn 0 0 -1
vn 1 0 0
vn 1 0 0
vn 1 0 0
vn 1 0 0
vn 0 1 0
vn 0 1 0
vn 0 1 0
vn 0 1 0
vn 0 0 1
vn 0 0 1
vn 0 0 1
vn 0 0 1
vn -1 0 0
vn -1 0 0
vn -1 0 0
vn -1 0 0
vn 0 1 0
vn 0 1 0
vn 0 1 0
vn 0 1 0
vn -1 0 0
vn -1 0 0
vn -1 0 0
vn -1 0 0
vn 0 0 1
vn 0 0 1
vn 0 0 1
vn 0 0 1
vn 0 0 1
vn 0 0 1
vn 0 0 1
vn 0 0 1
vn 0 1 0
vn 0 1 0
vn 0 1 0
vn 0 1 0
vn -1 0 0
vn -1 0 0
vn -1 0 0
vn -1 0 0
vn 0 1 0
vn 0 1 0
vn 0 1 0
vn 0 1 0
vn 0 0 -1
vn 0 0 -1
vn 0 0 -1
vn 0 0 -1
vn 1 0 0
vn 1 0 0
vn 1 0 0
vn 1 0 0
vn 0 1 0
vn 0 1 0
vn 0 1 0
vn 0 1 0
vn 0 1 0
vn 0 1 0
vn 0 1 0
vn 0 1 0
vn 0 1 0
vn 0 1 0
vn 0 1 0
vn 0 1 0
vn 0 1 0
vn 0 1 0
vn 0 1 0
vn 0 1 0
vn 0 1 0
vn 0 1 0
vn 0 1 0
vn 0 1 0
vn 0 1 0
vn 0 1 0
vn 0 1 0
vn 0 1 0
vn 0 1 0
vn 0 1 0
vn 0 1 0
vn 0 1 0
vn 0 1 0
vn 0 1 0
vn 0 1 0
vn 0 1 0
vn 0 1 0
vn 0 1 0
vn 0 1 0
vn 0 1 0
vn 0 1 0
vn 0 1 0
vn 0 0.9999999 0
vn 0 1 0
vn 0 0.9999999 0
vn 0 1 0
vn 0 1 0
vn 0 1 0
vn 0 1 0
vn 0 1 0
vn 0 1 0
vn 0 1 0
vn 0 1 0
vn 0 1 0
vn 0 1 0
vn 0 1 0
vn 0 1 0
vn 0 1 0
vn 0 1 0
vn 0 1 0
vn 0 1 0
vn 0 1 0
vn 0 1 0
vn 0 1 0
vn 0 1 0
vn 0 1 0
vn 0 1 0
vn 0 1 0
vn 0 1 0
vn 0 1 0
vn 0 1 0
vn 0 1 0
vn 0 1 0
vn 0 1 0
vn 0 1 0
vn 0 -1 0
vn 0 -1 0
vn 0 -1 0
vn 0 -1 0
vn 0 -1 0
vn 0 -1 0
vn 0 -1 0
vn 0 -1 0
vn 0 -1 0
vn 0 -1 0
vn 0 -1 0
vn 0 -1 0
vn 0 -1 0
vn 0 -1 0
vn 0 -1 0
vn 0 -1 0
vn 0 -1 0
vn 0 -1 0
vn 0 -1 0
vn 0 -1 0
vn 0 -1 0
vn 0 -1 0
vn 0 -1 0
vn 0 -1 0
vn 0 -1 0
vn 0 -1 0
vn 0 -1 0
vn 0 -1 0
vn 0 -1 0
vn 0 -1 0
vn 0 -1 0
vn 0 -1 0
vn 0 -1 0
vn 0 -1 0
vn 0 -1 0
vn 0 0 -1
vn 0 0 -1
vn 0 0 -1
vn 0 0 -1
vn 1 0 0
vn 1 0 0
vn 1 0 0
vn 1 0 0
vn 0 0 -1
vn 0 0 -1
vn 0 0 -1
vn 0 0 -1
vn 0 0 1
vn 0 0 1
vn 0 0 1
vn 0 0 1
vn -1 0 0
vn -1 0 0
vn -1 0 0
vn -1 0 0
vn 0 0 1
vn 0 0 0.9999999
vn 0 0 1
vn 0 0 0.9999999
vn 0 0 1
vn 1 0 0
vn 1 0 0
vn 1 0 0
vn 1 0 0
vn -1 0 0
vn -1 0 0
vn -1 0 0
vn -1 0 0
vn -1 0 0
vn -1 0 0
vn -1 0 0
vn -1 0 0
vn -1 0 0
vn 0 0 1
vn 0 0 1
vn 0 0 1
vn 0 0 1
vn 0 0 1
vn 0 0 -1
vn 0 0 -1
vn 0 0 -1
vn 0 0 -1
vn 0 0 -1
vn -1 0 0
vn -1 0 0
vn -1 0 0
vn -1 0 0
vn 1 0 0
vn 1 0 0
vn 1 0 0
vn 1 0 0
vn 1 0 0
vn 1 0 0
vn 1 0 0
vn 1 0 0
vn 1 0 0
vn -1 0 0
vn -1 0 0
vn -1 0 0
vn -1 0 0
vn -1 0 0
vn -1 0 0
vn -1 0 0
vn -1 0 0
vn -1 0 0
vn 1 0 0
vn 1 0 0
vn 1 0 0
vn 1 0 0
vn -1 0 0
vn -1 0 0
vn -1 0 0
vn -1 0 0
vn 0 0 1
vn 0 0 1
vn 0 0 1
vn 0 0 1
vn 0 0 -0.9999999
vn 0 0 -0.9999999
vn 0 0 -0.9999999
vn 0 0 -0.9999999
vn 1 0 0
vn 1 0 0
vn 1 0 0
vn 1 0 0
vn -1 0 0
vn -1 0 0
vn -1 0 0
vn -1 0 0
vn 0 0 -1
vn 0 0 -1
vn 0 0 -1
vn 0 0 -1
vn 0 0 -1
vn 0 0 -1
vn 0 0 -1
vn 0 0 -1
vn 0 0 -1
vn 0 0 -1
vn 0 0 1
vn 0 0 1
vn 0 0 1
vn 0 0 1
vn 0 0 1
vn 0 0 1
vn 0 0 1
vn 0 0 1
vn 0 0 1
vn 0 0 1
vn 1 0 0
vn 1 0 0
vn 1 0 0
vn 1 0 0
vn 0 -1 0
vn 0 -1 0
vn 0 -1 0
vn 0 -1 0
vn 0 0 1
vn 0 0 1
vn 0 0 1
vn 0 0 1
vn 0 0 1
vn 0 0 1
vn 0 0 1
vn 0 0 1
vn 1 0 0
vn 1 0 0
vn 1 0 0
vn 1 0 0
vn 1 0 0
vn 1 0 0
vn 1 0 0
vn 1 0 0
vn 1 0 0
vn 1 0 0
vn 1 0 0
vn 1 0 0
vn 1 0 0
vn 1 0 0
vn 1 0 0
vn 1 0 0
vn 1 0 0
vn 1 0 0
vn 1 0 0
vn -1 0 0
vn -1 0 0
vn -1 0 0
vn -1 0 0
vn -1 0 0
vn 0 0 1
vn 0 0 1
vn 0 0 1
vn 0 0 1
vn 0 -1 0
vn 0 -1 0
vn 0 -1 0
vn 0 -1 0
vn 1 0 0
vn 1 0 0
vn 1 0 0
vn 1 0 0
vn 0 -1 0
vn 0 -1 0
vn 0 -1 0
vn 0 -1 0
vn -1 0 0
vn -1 0 0
vn -1 0 0
vn -1 0 0
vn 0 0 1
vn 0 0 1
vn 0 0 1
vn 0 0 1
vn 0 0 -1
vn 0 0 -1
vn 0 0 -1
vn 0 0 -1
vn 1 0 0
vn 1 0 0
vn 1 0 0
vn 1 0 0
vn 0 0 1
vn 0 0 1
vn 0 0 1
vn 0 0 1
vn 1 0 0
vn 1 0 0
vn 1 0 0
vn 1 0 0
vn 0 0 -1
vn 0 0 -1
vn 0 0 -1
vn 0 0 -1
vn 0 0 -1
vn 0 0 -1
vn 0 0 -1
vn 0 0 -1
vn -1 0 0
vn -1 0 0
vn -1 0 0
vn -1 0 0
vn 0 0 1
vn 0 0 1
vn 0 0 1
vn 0 0 1
vn 1 0 0
vn 1 0 0
vn 1 0 0
vn 1 0 0
vn -1 0 0
vn -1 0 0
vn -1 0 0
vn -1 0 0
vn 1 0 0
vn 1 0 0
vn 1 0 0
vn 1 0 0
vn 0 1 0
vn 0 1 0
vn 0 1 0
vn 0 1 0
vn 0 0.8944272 -0.4472136
vn 0 0.8944272 -0.4472136
vn 0 0.8944272 -0.4472136
vn 0 0.8944272 -0.4472136
vn 0 1 0
vn 0 1 0
vn 0 1 0
vn 0 1 0
vn 0 1 0
vn 0 1 0
vn 0 1 0
vn 0 1 0
vn 0 1 0
vn 0 1 0
vn 0 1 0
vn 0 1 0
vn 0 1 0
vn 0 -1 0
vn 0 -1 0
vn 0 -1 0
vn 0 -1 0
vn 0 -1 0
vn 0 -1 0
vn 0.5547002 0.8320503 0
vn 0.5547002 0.8320503 0
vn 0.5547002 0.8320503 0
vn 0.5547002 0.8320503 0
vn 0 1 0
vn 0 1 0
vn 0 1 0
vn 0 1 0
vn 0 1 0
vn 0 1 0
vn 0 1 0
vn 0 1 0
vn 0.4472136 0.8944272 0
vn 0.4472136 0.8944272 0
vn 0.4472136 0.8944272 0
vn 0.4472136 0.8944272 0
vn 0 1 0
vn 0 1 0
vn 0 1 0
vn 0 1 0
vn 0 1 0
vn 0 1 0
vn 0 1 0
vn 0 1 0
vn 0 1 0
vn 0 1 0
vn 0 -1 0
vn 0 -1 0
vn 0 -1 0
vn 0 -1 0
vn 0.4472136 0.8944272 0
vn 0.4472136 0.8944272 0
vn 0.4472136 0.8944272 0
vn 0.4472136 0.8944272 0
vn 0 1 0
vn 0 1 0
vn 0 1 0
vn 0 1 0
vn 0 -1 0
vn 0 -1 0
vn 0 -1 0
vn 0 -1 0
vn 0 -1 0
vn 0 -1 0
vn 0 -1 0
vn 0 -1 0
vn 0 -1 0
vn 0 -1 0
vn 0 -1 0
vn 0 -1 0
vn 0 -1 0
vn 0 -1 0
vn 0 -1 0
vn 0 -1 0
vn 0 -1 0
vn 0 -1 0
vn 0 -1 0
vn 0 -1 0
vn 0 -1 0
vn 0 -1 0
vn 0 -1 0
vn 0 -1 0
vn 0 -1 0
vn 0 -1 0
vn 0 -1 0
vn 0 -1 0
vn 0 -1 0
vn 0 0.857493 0.5144958
vn 0 0.857493 0.5144958
vn 0 0.857493 0.5144958
vn 0 0.857493 0.5144958
vn 0 1 0
vn 0 1 0
vn 0 1 0
vn 0 1 0
vn 0 1 0
vn 0 1 0
vn 0 1 0
vn 0 1 0
vn 0 1 0
vn 0 1 0
vn 0 1 0
vn 0 1 0
vn 0 1 0
vn 0 1 0
vn 0 1 0
vn 0 1 0
vn 0 1 0
vn 0 1 0
vn 0 1 0
vn 0 1 0
vn 0 1 0
vn 0 1 0
vn 0 1 0
vn 0 1 0
vn 0 1 0
vn 0 1 0
vn 0 1 0
vn 0 1 0
vn 0 1 0
vn 0 1 0
vn 0 0.8944272 0.4472136
vn 0 0.8944272 0.4472136
vn 0 0.8944272 0.4472136
vn 0 0.8944272 0.4472136
vn 0 1 0
vn 0 1 0
vn 0 1 0
vn 0 1 0
vn 0 1 0
vn 0 1 0
vn 0 1 0
vn 0 1 0
vn 0 1 0
vn 0 1 0
vn 0 1 0
vn 0 1 0
vn 0 1 0
vn 0 1 0
vn 0 0.9999999 0
vn 0 1 0
vn 0 1 0
vn 0 0.9999999 0
vn 0 0.9999999 0
vn 0 1 0
vn 0 1 0
vn 0 1 0
vn 0 1 0
vn 0 1 0
vn 0 0.8944272 0.4472136
vn 0 0.8944272 0.4472136
vn 0 0.8944272 0.4472136
vn 0 0.8944272 0.4472136
vn 0 1 0
vn 0 1 0
vn 0 1 0
vn 0 1 0
vn 0 0 1
vn 0 0 1
vn 0 0 1
vn 0 0 1
vn 0 1 0
vn 0 1 0
vn 0 1 0
vn 0 1 0
vn 0 1 0
vn 0 1 0
vn 0 1 0
vn 0 0 -1
vn 0 0 -1
vn 0 0 -1
vn 0 0 -1
vn 1 0 0
vn 1 0 0
vn 1 0 0
vn 1 0 0
vn 0 0 1
vn 0 0 1
vn 0 0 1
vn 0 0 1
vn 1 0 0
vn 1 0 0
vn 1 0 0
vn 1 0 0
vn 0 0 1
vn 0 0 1
vn 0 0 1
vn 0 0 1
vn -1 0 0
vn -1 0 0
vn -1 0 0
vn -1 0 0
vn 0 0 1
vn 0 0 1
vn 0 0 1
vn 0 0 1
vn -1 0 0
vn -1 0 0
vn -1 0 0
vn -1 0 0
vn 0 0 -1
vn 0 0 -1
vn 0 0 -1
vn 0 0 -1
vn 1 0 0
vn 1 0 0
vn 1 0 0
vn 1 0 0
vn 0 0 -1
vn 0 0 -1
vn 0 0 -1
vn 0 0 -1
vn -1 0 0
vn -1 0 0
vn -1 0 0
vn -1 0 0
vn 0 0 1
vn 0 0 1
vn 0 0 1
vn 0 0 1
vn 0 0 -1
vn 0 0 -1
vn 0 0 -1
vn 0 0 -1
vn 1 0 0
vn 1 0 0
vn 1 0 0
vn 1 0 0
vn 0 0 1
vn 0 0 1
vn 0 0 1
vn 0 0 1
vn 1 0 0
vn 1 0 0
vn 1 0 0
vn 1 0 0
vn 0 0 -1
vn 0 0 -1
vn 0 0 -1
vn 0 0 -1
vn 1 0 0
vn 1 0 0
vn 1 0 0
vn 1 0 0
vn 0 0 -1
vn 0 0 -1
vn 0 0 -1
vn 0 0 -1
vn 1 0 0
vn 1 0 0
vn 1 0 0
vn 1 0 0
vn -1 0 0
vn -1 0 0
vn -1 0 0
vn -1 0 0
vn 0 0 -1
vn 0 0 -1
vn 0 0 -1
vn 0 0 -1
vn -1 0 0
vn -1 0 0
vn -1 0 0
vn -1 0 0
vn 0 0 -1
vn 0 0 -1
vn 0 0 -1
vn 0 0 -1
vn 0 0 1
vn 0 0 1
vn 0 0 1
vn 0 0 1
vn -1 0 0
vn -1 0 0
vn -1 0 0
vn -1 0 0
vn 0 0 -1
vn 0 0 -1
vn 0 0 -1
vn 0 0 -1
vn -1 0 0
vn -1 0 0
vn -1 0 0
vn -1 0 0
vn 0 0 -1
vn 0 0 -1
vn 0 0 -1
vn 0 0 -1
vn 0 0 -1
vn 0 0 -1
vn 0 0 -1
vn 0 0 -1
vn 1 0 0
vn 1 0 0
vn 1 0 0
vn 1 0 0
vn 0 0 1
vn 0 0 1
vn 0 0 1
vn 0 0 1
vn -1 0 0
vn -1 0 0
vn -1 0 0
vn -1 0 0
vn 0 0 1
vn 0 0 1
vn 0 0 1
vn 0 0 1
vn 1 0 0
vn 1 0 0
vn 1 0 0
vn 1 0 0
vn 0 0 1
vn 0 0 1
vn 0 0 1
vn 0 0 1
vn 0 0 -1
vn 0 0 -1
vn 0 0 -1
vn 0 0 -1
vn 1 0 0
vn 1 0 0
vn 1 0 0
vn 1 0 0
vn 0 0 1
vn 0 0 1
vn 0 0 1
vn 0 0 1
vn 0 0 1
vn 0 0 1
vn 0 0 1
vn 0 0 1
vn 0 0 1
vn 0 0 1
vn 0 0 1
vn 0 0 1
vn 0 0 1
vn 0 0 1
vn 0 0 1
vn 0 0 1
vn 0 0 1
vn 0 0 1
vn 0 0 1
vn 0 0 1
vn 0 0 1
vn 0 0 1
vn 0 0 1
vn 0 0 1
vn 0 0 1
vn 0 0 1
vn 0 0 1
vn 0 0 1
vn 0 0 1
vn 0 0 1
vn 0 0 1
vn 0 0 1
vn 0 0 1
vn 0 0 1
vn 0 0 1
vn 0 0 1
vn 0 0 1
vn 0 0 1
vn 0 0 1
vn 0 0 1
vn 0 0 1
vn 0 0 1
vn 0 0 1
vn 0 -1 0
vn 0 -1 0
vn 0 -1 0
vn 0 -1 0
vn 0 -1 0
vn 0 -1 0
vn 0 -1 0
vn 0 -1 0
vn 1 0 0
vn 1 0 0
vn 1 0 0
vn 1 0 0
vn 1 0 0
vn -1 0 0
vn -1 0 0
vn -1 0 0
vn -1 0 0
vn -1 0 0
vn 0 0 1
vn 0 0 1
vn 0 0 1
vn 0 0 1
vn -1 0 0
vn -1 0 0
vn -1 0 0
vn -1 0 0
vn 0 0 -1
vn 0 0 -1
vn 0 0 -1
vn 0 0 -1
vn 1 0 0
vn 1 0 0
vn 1 0 0
vn 1 0 0
vn 0 0 1
vn 0 0 1
vn 0 0 1
vn 0 0 1
vn 0 -1 0
vn 0 -1 0
vn 0 -1 0
vn 0 -1 0
vn 0 0 1
vn 0 0 1
vn 0 0 1
vn 0 0 0.9999999
vn 0 0 1
vn 0 0 -1
vn 0 0 -1
vn 0 0 -1
vn 0 0 -1
vn 0 0 -1
vn 0 0 -1
vn 0 0 -1
vn 0 0 -1
vn -1 0 0
vn -1 0 0
vn -1 0 0
vn -1 0 0
vn -1 0 0
vn -1 0 0
vn -1 0 0
vn -1 0 0
vn 1 0 0
vn 1 0 0
vn 1 0 0
vn 1 0 0
vn 0 -1 0
vn 0 -1 0
vn 0 -1 0
vn 0 -1 0
vn 0 0 1
vn 0 0 1
vn 0 0 1
vn 0 0 1
vn 0 0 1
vn 1 0 0
vn 1 0 0
vn 1 0 0
vn 1 0 0
vn 0 1 0
vn 0 1 0
vn 0 1 0
vn 0 1 0
vn 1 0 0
vn 1 0 0
vn 1 0 0
vn 1 0 0
vn 0 1 0
vn 0 1 0
vn 0 1 0
vn 0 1 0
vn 1 0 0
vn 1 0 0
vn 1 0 0
vn 1 0 0
vn 0 0 -1
vn 0 0 -1
vn 0 0 -1
vn 0 0 -1
vn 1 0 0
vn 1 0 0
vn 1 0 0
vn 1 0 0
vn 0 0 1
vn 0 0 1
vn 0 0 1
vn 0 0 1
vn 0 0 1
vn 0 0 1
vn 0 0 -1
vn 0 0 -1
vn 0 0 -1
vn 0 0 -1
vn 0 0 -1
vn 0 0 -1
vn 1 0 0
vn 1 0 0
vn 1 0 0
vn 1 0 0
vn 1 0 0
vn 1 0 0
vn 1 0 0
vn 1 0 0
vn 1 0 0
vn 1 0 0
vn 1 0 0
vn 1 0 0
vn -1 0 0
vn -1 0 0
vn -1 0 0
vn -1 0 0
vn -1 0 0
vn -1 0 0
vn -1 0 0
vn -1 0 0
vn 1 0 0
vn 1 0 0
vn 1 0 0
vn 1 0 0
vn -1 0 0
vn -1 0 0
vn -1 0 0
vn -1 0 0
vn 1 0 0
vn 1 0 0
vn 1 0 0
vn 1 0 0
vn -1 0 0
vn -1 0 0
vn -1 0 0
vn -1 0 0
vn 0 -1 0
vn 0 -1 0
vn 0 -1 0
vn 0 -1 0
vn 0 1 0
vn 0 1 0
vn 0 1 0
vn 0 1 0
vn 1 0 0
vn 1 0 0
vn 1 0 0
vn 1 0 0
vn 0 0 1
vn 0 0 1
vn 0 0 1
vn 0 0 1
vn 1 0 0
vn 1 0 0
vn 1 0 0
vn 1 0 0
vn 0 0 -1
vn 0 0 -1
vn 0 0 -1
vn 0 0 -1
vn 1 0 0
vn 1 0 0
vn 1 0 0
vn 1 0 0
vn 1 0 0
vn -1 0 0
vn -1 0 0
vn -1 0 0
vn -1 0 0
vn -1 0 0
vn 0 0 -1
vn 0 0 -1
vn 0 0 -1
vn 0 0 -1
vn 0 0 1
vn 0 0 1
vn 0 0 1
vn 0 0 1
vn 0 0 -1
vn 0 0 -1
vn 0 0 -1
vn 0 0 -1
vn 0 0 1
vn 0 0 1
vn 0 0 1
vn 0 0 1
vn 0 -1 0
vn 0 -1 0
vn 0 -1 0
vn 0 -1 0
vn 1 0 0
vn 1 0 0
vn 1 0 0
vn 1 0 0
vn 0 0 -1
vn 0 0 -1
vn 0 0 -1
vn 0 0 -1
vn 1 0 0
vn 1 0 0
vn 1 0 0
vn 1 0 0
vn 0 0 -1
vn 0 0 -1
vn 0 0 -1
vn 0 0 -1
vn 1 0 0
vn 1 0 0
vn 1 0 0
vn 1 0 0
vn 0 0 -1
vn 0 0 -1
vn 0 0 -1
vn 0 0 -1
vn 1 0 0
vn 1 0 0
vn 1 0 0
vn 1 0 0
vn 0 0 -1
vn 0 0 -1
vn 0 0 -1
vn 0 0 -1
vn 1 0 0
vn 1 0 0
vn 1 0 0
vn 1 0 0
vn 0 0 -1
vn 0 0 -1
vn 0 0 -1
vn 0 0 -1
vn 0 0 -1
vn 0 0 -1
vn 0 0 -1
vn 0 0 -1
vn 1 0 0
vn 1 0 0
vn 1 0 0
vn 1 0 0
vn 0 0 1
vn 0 0 1
vn 0 0 1
vn 0 0 1
vn 1 0 0
vn 1 0 0
vn 1 0 0
vn 1 0 0
vn -1 0 0
vn -1 0 0
vn -1 0 0
vn -1 0 0
vn 0 0 1
vn 0 0 1
vn 0 0 1
vn 0 0 1
vn -1 0 0
vn -1 0 0
vn -1 0 0
vn -1 0 0
vn 0 0 -1
vn 0 0 -1
vn 0 0 -1
vn 0 0 -1
vn 1 0 0
vn 1 0 0
vn 1 0 0
vn 1 0 0
vn 0 0 1
vn 0 0 1
vn 0 0 1
vn 0 0 1
vn -1 0 0
vn -1 0 0
vn -1 0 0
vn -1 0 0
vn 0 0 1
vn 0 0 1
vn 0 0 1
vn 0 0 1
vn 1 0 0
vn 1 0 0
vn 1 0 0
vn 1 0 0
vn 0 0 1
vn 0 0 1
vn 0 0 1
vn 0 0 1
vn -1 0 0
vn -1 0 0
vn -1 0 0
vn -1 0 0
vn 0 0 1
vn 0 0 1
vn 0 0 1
vn 0 0 1
vn 1 0 0
vn 1 0 0
vn 1 0 0
vn 1 0 0
vn 0 0 -1
vn 0 0 -1
vn 0 0 -1
vn 0 0 -1
vn -1 0 0
vn -1 0 0
vn -1 0 0
vn -1 0 0
vn 0 0 -1
vn 0 0 -1
vn 0 0 -1
vn 0 0 -1
vn 1 0 0
vn 1 0 0
vn 1 0 0
vn 1 0 0
vn 0 0 -1
vn 0 0 -1
vn 0 0 -1
vn 0 0 -1
vn 1 0 0
vn 1 0 0
vn 1 0 0
vn 1 0 0
vn 0 0 -1
vn 0 0 -1
vn 0 0 -1
vn 0 0 -1
vn 0 0 1
vn 0 0 1
vn 0 0 1
vn 0 0 1
vn 1 0 0
vn 1 0 0
vn 1 0 0
vn 1 0 0
vn 0 0 -1
vn 0 0 -1
vn 0 0 -1
vn 0 0 -1
vn 1 0 0
vn 1 0 0
vn 1 0 0
vn 1 0 0
vn -1 0 0
vn -1 0 0
vn -1 0 0
vn -1 0 0
vn 0 0 -1
vn 0 0 -1
vn 0 0 -1
vn 0 0 -1
vn -1 0 0
vn -1 0 0
vn -1 0 0
vn -1 0 0
vn 0 0 1
vn 0 0 1
vn 0 0 1
vn 0 0 1
vn -1 0 0
vn -1 0 0
vn -1 0 0
vn -1 0 0
vn 0 0 -1
vn 0 0 -1
vn 0 0 -1
vn 0 0 -1
vn -1 0 0
vn -1 0 0
vn -1 0 0
vn -1 0 0
vn 1 0 0
vn 1 0 0
vn 1 0 0
vn 1 0 0
vn 0 0 1
vn 0 0 1
vn 0 0 1
vn 0 0 1
vn 1 0 0
vn 1 0 0
vn 1 0 0
vn 1 0 0
vn 0 0 1
vn 0 0 1
vn 0 0 1
vn 0 0 1
vn 1 0 0
vn 1 0 0
vn 1 0 0
vn 1 0 0
vn 0 0 1
vn 0 0 1
vn 0 0 1
vn 0 0 1
vn 1 0 0
vn 1 0 0
vn 1 0 0
vn 1 0 0
vn 0 0 -1
vn 0 0 -1
vn 0 0 -1
vn 0 0 -1
vn 1 0 0
vn 1 0 0
vn 1 0 0
vn 1 0 0
vn -1 0 0
vn -1 0 0
vn -1 0 0
vn -1 0 0
vn 0 0 -1
vn 0 0 -1
vn 0 0 -1
vn 0 0 -1
vn -1 0 0
vn -1 0 0
vn -1 0 0
vn -1 0 0
vn 0 0 1
vn 0 0 1
vn 0 0 1
vn 0 0 1
vn -1 0 0
vn -1 0 0
vn -1 0 0
vn -1 0 0
vn 0 0 1
vn 0 0 1
vn 0 0 1
vn 0 0 1
vn -1 0 0
vn -1 0 0
vn -1 0 0
vn -1 0 0
vn 0 0 1
vn 0 0 1
vn 0 0 1
vn 0 0 1
vn -1 0 0
vn -1 0 0
vn -1 0 0
vn -1 0 0
vn 1 0 0
vn 1 0 0
vn 1 0 0
vn 1 0 0
vn 0 0 1
vn 0 0 1
vn 0 0 1
vn 0 0 1
vn 0 0 -1
vn 0 0 -1
vn 0 0 -1
vn 0 0 -1
vn -1 0 0
vn -1 0 0
vn -1 0 0
vn -1 0 0
vn 1 0 0
vn 1 0 0
vn 1 0 0
vn 1 0 0
vn 0 0 1
vn 0 0 1
vn 0 0 1
vn 0 0 1
vn 0 0 -1
vn 0 0 -1
vn 0 0 -1
vn 0 0 -1
vn 1 0 0
vn 1 0 0
vn 1 0 0
vn 1 0 0
vn -1 0 0
vn -1 0 0
vn -1 0 0
vn -1 0 0
vn 0 -1 0
vn 0 -1 0
vn 0 -1 0
vn 0 -1 0
vn 0 0 -1
vn 0 0 -1
vn 0 0 -1
vn 0 0 -1
vn 0 0 1
vn 0 0 1
vn 0 0 1
vn 0 0 1
vn 0 -1 0
vn 0 -1 0
vn 0 -1 0
vn 0 -1 0
vn 0 1 0
vn 0 1 0
vn 0 1 0
vn 0 1 0
vn 0 0 1
vn 0 0 1
vn 0 0 1
vn 0 0 1
vn 0 0 1
vn 0 0 1
vn 0 0 1
vn 0 0 1
vn 0 0 1
vn 0 0 1
vn 0 0 1
vn 0 0 1
vn -1 0 0
vn -1 0 0
vn -1 0 0
vn -1 0 0
vn -1 0 0
vn 1 0 0
vn 1 0 0
vn 1 0 0
vn 1 0 0
vn 1 0 0
vn 1 0 0
vn 1 0 0
vn 1 0 0
vn 1 0 0
vn 1 0 0
vn 1 0 0
vn -1 0 0
vn -1 0 0
vn -1 0 0
vn -1 0 0
vn 0 0 1
vn 0 0 1
vn 0 0 1
vn 0 0 1
vn 0 0 1
vn -1 0 0
vn -1 0 0
vn -1 0 0
vn -1 0 0
vn -1 0 0
vn 0 0 1
vn 0 0 1
vn 0 0 1
vn 0 0 1
vn 0 0 1
vn 0 0 1
vn 0 0 1
vn 0 0 1
vn 0 0 1
vn -1 0 0
vn -1 0 0
vn -1 0 0
vn -1 0 0
vn 0 0 1
vn 0 0 1
vn 0 0 1
vn 0 0 1
vn 1 0 0
vn 1 0 0
vn 1 0 0
vn 1 0 0
vn 1 0 0
vn 1 0 0
vn 1 0 0
vn 1 0 0
vn 0 1 0
vn 0 1 0
vn 0 1 0
vn 0 1 0
vn 0 0 1
vn 0 0 1
vn 0 0 1
vn 0 0 1
vn 0 0 1
vn -1 0 0
vn -1 0 0
vn -1 0 0
vn -1 0 0
vn -1 0 0
vn -1 0 0
vn -1 0 0
vn -1 0 0
vn -1 0 0
vn -1 0 0
vn -1 0 0
vn -1 0 0
vn -1 0 0
vn 0 1 0
vn 0 1 0
vn 0 1 0
vn 0 1 0
vn 0 0 1
vn 0 0 1
vn 0 0 1
vn 0 0 1
vn 0 0 -1
vn 0 0 -1
vn 0 0 -1
vn 0 0 -1
vn -1 0 0
vn -1 0 0
vn -1 0 0
vn -1 0 0
vn -1 0 0
vn -1 0 0
vn 1 0 0
vn 1 0 0
vn 1 0 0
vn 1 0 0
vn 0 0 -1
vn 0 0 -1
vn 0 0 -1
vn 0 0 -1
vn 1 0 0
vn 1 0 0
vn 1 0 0
vn 1 0 0
vn 1 0 0
vn 1 0 0
vn 1 0 0
vn 1 0 0
vn 0 0 -1
vn 0 0 -1
vn 0 0 -1
vn 0 0 -1
vn 0 0 0.9999999
vn 0 0 0.9999999
vn 0 0 0.9999999
vn 0 0 0.9999999
vn -1 0 0
vn -1 0 0
vn -1 0 0
vn -1 0 0
vn 0 0 1
vn 0 0 1
vn 0 0 1
vn 0 0 1
vn 0 0 -1
vn 0 0 -1
vn 0 0 -1
vn 0 0 -1
vn 0 0 -1
vn 0 0 -1
vn 0 0 -1
vn 0 0 -1
vn 0 0 -1
vn -1 0 0
vn -1 0 0
vn -1 0 0
vn -1 0 0
vn 0 -1 0
vn 0 -1 0
vn 0 -1 0
vn 0 -1 0
vn 0 -1 0
vn 0 -1 0
vn 0 -1 0
vn 0 -1 0
vn 0 0 1
vn 0 0 1
vn 0 0 1
vn 0 0 1
vn 0 0 -1
vn 0 0 -1
vn 0 0 -1
vn 0 0 -1
vn 0 1 0
vn 0 1 0
vn 0 1 0
vn 0 1 0
vn -1 0 0
vn -1 0 0
vn -1 0 0
vn -1 0 0
vn 1 0 0
vn 1 0 0
vn 1 0 0
vn 1 0 0
vn 0 1 0
vn 0 1 0
vn 0 1 0
vn 0 1 0
vn -1 0 0
vn -1 0 0
vn -1 0 0
vn -1 0 0
vn 1 0 0
vn 1 0 0
vn 1 0 0
vn 1 0 0
vn -1 0 0
vn -1 0 0
vn -1 0 0
vn -1 0 0
vn -1 0 0
vn -1 0 0
vn -1 0 0
vn -1 0 0
vn -1 0 0
vn -1 0 0
vn -1 0 0
vn -1 0 0
vn -1 0 0
vn -1 0 0
vn -1 0 0
vn 0 0 -1
vn 0 0 -1
vn 0 0 -1
vn 0 0 -1
vn 0 0 -1
vn 0 0 -1
vn 0 0 -1
vn 0 0 -1
vn 0 0 -1
vn 0 0 -1
vn 0 0 -1
vn 0 0 -1
vn 0 0 -1
vn 0 0 -1
vn 0 0 -1
vn 0 0 -1
vn 0 0 -1
vn 0 0 -1
vn 0 0 -1
vn 0 0 -1
vn 0 0 -1
vn 0 0 -1
vn 0 0 -1
vn 0 0 -1
vn 0 0 -1
vn 0 0 -1
vn 0 0 -1
vn 0 0 -1
vn 0 0 -1
vn 0 0 -1
vn 0 0 1
vn 0 0 1
vn 0 0 1
vn 0 0 1
vn 0 0 1
vn 0 0 1
vn 0 0 1
vn 0 0 1
vn 0 0 1
vn 0 0 1
vn 0 0 -1
vn 0 0 -1
vn 0 0 -1
vn 0 0 -1
vn -1 0 0
vn -1 0 0
vn -1 0 0
vn -1 0 0
vn 1 0 0
vn 1 0 0
vn 1 0 0
vn 1 0 0
vn 0 0 -1
vn 0 0 -1
vn 0 0 -1
vn 0 0 -1
vn 0 0 -1
vn 0 0 -1
vn 0 0 -1
vn 0 0 -1
vn 0 0 -1
vn 0 0 -1
vn 0 0 -1
vn 0 0 -1
vn 0 0 -1
vn 0 0 1
vn 0 0 1
vn 0 0 1
vn 0 0 1
vn 0 1 0
vn 0 1 0
vn 0 1 0
vn 0 1 0
vn 0 0 -1
vn 0 0 -1
vn 0 0 -1
vn 0 0 -1
vn 1 0 0
vn 1 0 0
vn 1 0 0
vn 1 0 0
vn 1 0 0
vn 1 0 0
vn 1 0 0
vn 1 0 0
vn 1 0 0
vn 1 0 0
vn 1 0 0
vn 0 -1 0
vn 0 -1 0
vn 0 -1 0
vn 0 -1 0
vn 1 0 0
vn 1 0 0
vn 1 0 0
vn 1 0 0
vn 1 0 0
vn 1 0 0
vn 1 0 0
vn 1 0 0
vn 1 0 0
vn 1 0 0
vn 1 0 0
vn 1 0 0
vn 1 0 0
vn 1 0 0
vn 0 0 1
vn 0 0 1
vn 0 0 1
vn 0 0 1
vn 0 0 -1
vn 0 0 -1
vn 0 0 -1
vn 0 0 -1
vn -1 0 0
vn -1 0 0
vn -1 0 0
vn -1 0 0
vn 0 0 -1
vn 0 0 -1
vn 0 0 -1
vn 0 0 -1
vn 1 0 0
vn 1 0 0
vn 1 0 0
vn 1 0 0
vn 1 0 0
vn -1 0 0
vn -1 0 0
vn -1 0 0
vn -1 0 0
vn -1 0 0
vn 1 0 0
vn 1 0 0
vn 1 0 0
vn 1 0 0
vn 0 -1 0
vn 0 -1 0
vn 0 -1 0
vn 0 -1 0
vn 0 0 -1
vn 0 0 -1
vn 0 0 -1
vn 0 0 -1
vn 0 -1 0
vn 0 -1 0
vn 0 -1 0
vn 0 -1 0
vn 0 0 -1
vn 0 0 -1
vn 0 0 -1
vn 0 0 -1
vn 0 0 -1
vn 0 0 -1
vn 0 1 0
vn 0 1 0
vn 0 1 0
vn 0 1 0
vn 0 0 -1
vn 0 0 -1
vn 0 0 -1
vn 0 0 -1
vn 0 -1 0
vn 0 -1 0
vn 0 -1 0
vn 0 -1 0
vn 0 0 1
vn 0 0 1
vn 0 0 1
vn 0 0 1
vn 0 0 1
vn 0 0 1
vn 0 0 1
vn 0 0 1
vn 0 0 1
vn 0 0 1
vn 0 0 1
vn 0 0 1
vn 1 0 0
vn 1 0 0
vn 1 0 0
vn 1 0 0
vn 1 0 0
vn 1 0 0
vn 1 0 0
vn 1 0 0
vn 1 0 0
vn 1 0 0
vn 1 0 0
vn 1 0 0
vn 1 0 0
vn 1 0 0
vn 1 0 0
vn 1 0 0
vn 1 0 0
vn 1 0 0
vn 0 0 1
vn 0 0 1
vn 0 0 1
vn 0 0 1
vn 0 0 1
vn 0 0 1
vn 0 0 1
vn 0 0 1
vn 0 0 1
vn 0 0 1
vn 0 0 1
vn 0 0 0.9999999
vn 0 0 0.9999999
vn 0 0 0.9999999
vn 0 0 0.9999999
vn -1 0 0
vn -1 0 0
vn -1 0 0
vn -1 0 0
vn 0 0 -0.9999999
vn 0 0 -0.9999999
vn 0 0 -0.9999999
vn 0 0 -0.9999999
vn 1 0 0
vn 1 0 0
vn 1 0 0
vn 1 0 0
vn 0 1 0
vn 0 1 0
vn 0 1 0
vn 0 1 0
vn 0 -1 0
vn 0 -1 0
vn 0 -1 0
vn 0 -1 0
vn 0 0 0.9999999
vn 0 0 0.9999999
vn 0 0 0.9999999
vn 0 0 0.9999999
vn -1 0 0
vn -1 0 0
vn -1 0 0
vn -1 0 0
vn 0 0 -0.9999999
vn 0 0 -0.9999999
vn 0 0 -0.9999999
vn 0 0 -0.9999999
vn 1 0 0
vn 1 0 0
vn 1 0 0
vn 1 0 0
vn 0 1 0
vn 0 1 0
vn 0 1 0
vn 0 1 0
vn 0 -1 0
vn 0 -1 0
vn 0 -1 0
vn 0 -1 0
vn 0 0 0.9999999
vn 0 0 0.9999999
vn 0 0 0.9999999
vn 0 0 0.9999999
vn -1 0 0
vn -1 0 0
vn -1 0 0
vn -1 0 0
vn 0 0 -0.9999999
vn 0 0 -0.9999999
vn 0 0 -0.9999999
vn 0 0 -0.9999999
vn 1 0 0
vn 1 0 0
vn 1 0 0
vn 1 0 0
vn 0 1 0
vn 0 1 0
vn 0 1 0
vn 0 1 0
vn 0 -1 0
vn 0 -1 0
vn 0 -1 0
vn 0 -1 0
vn 0 0 0.9999999
vn 0 0 0.9999999
vn 0 0 0.9999999
vn 0 0 0.9999999
vn -1 0 0
vn -1 0 0
vn -1 0 0
vn -1 0 0
vn 0 0 -0.9999999
vn 0 0 -0.9999999
vn 0 0 -0.9999999
vn 0 0 -0.9999999
vn 1 0 0
vn 1 0 0
vn 1 0 0
vn 1 0 0
vn 0 1 0
vn 0 1 0
vn 0 1 0
vn 0 1 0
vn 0 -1 0
vn 0 -1 0
vn 0 -1 0
vn 0 -1 0
vn 0 0 0.9999999
vn 0 0 0.9999999
vn 0 0 0.9999999
vn 0 0 0.9999999
vn -1 0 0
vn -1 0 0
vn -1 0 0
vn -1 0 0
vn 0 0 -0.9999999
vn 0 0 -0.9999999
vn 0 0 -0.9999999
vn 0 0 -0.9999999
vn 1 0 0
vn 1 0 0
vn 1 0 0
vn 1 0 0
vn 0 1 0
vn 0 1 0
vn 0 1 0
vn 0 1 0
vn 0 -1 0
vn 0 -1 0
vn 0 -1 0
vn 0 -1 0
vn 0 0 0.9999999
vn 0 0 0.9999999
vn 0 0 0.9999999
vn 0 0 0.9999999
vn -1 0 0
vn -1 0 0
vn -1 0 0
vn -1 0 0
vn 0 0 -0.9999999
vn 0 0 -0.9999999
vn 0 0 -0.9999999
vn 0 0 -0.9999999
vn 1 0 0
vn 1 0 0
vn 1 0 0
vn 1 0 0
vn 0 1 0
vn 0 1 0
vn 0 1 0
vn 0 1 0
vn 0 -1 0
vn 0 -1 0
vn 0 -1 0
vn 0 -1 0
vn 0 0 0.9999999
vn 0 0 0.9999999
vn 0 0 0.9999999
vn 0 0 0.9999999
vn -1 0 0
vn -1 0 0
vn -1 0 0
vn -1 0 0
vn 0 0 -0.9999999
vn 0 0 -0.9999999
vn 0 0 -0.9999999
vn 0 0 -0.9999999
vn 1 0 0
vn 1 0 0
vn 1 0 0
vn 1 0 0
vn 0 1 0
vn 0 1 0
vn 0 1 0
vn 0 1 0
vn 0 -1 0
vn 0 -1 0
vn 0 -1 0
vn 0 -1 0
vn 0 0 0.9999999
vn 0 0 0.9999999
vn 0 0 0.9999999
vn 0 0 0.9999999
vn -1 0 0
vn -1 0 0
vn -1 0 0
vn -1 0 0
vn 0 0 -0.9999999
vn 0 0 -0.9999999
vn 0 0 -0.9999999
vn 0 0 -0.9999999
vn 1 0 0
vn 1 0 0
vn 1 0 0
vn 1 0 0
vn 0 1 0
vn 0 1 0
vn 0 1 0
vn 0 1 0
vn 0 -1 0
vn 0 -1 0
vn 0 -1 0
vn 0 -1 0
vn 0 0 0.9999999
vn 0 0 0.9999999
vn 0 0 0.9999999
vn 0 0 0.9999999
vn -1 0 0
vn -1 0 0
vn -1 0 0
vn -1 0 0
vn 0 0 -0.9999999
vn 0 0 -0.9999999
vn 0 0 -0.9999999
vn 0 0 -0.9999999
vn 1 0 0
vn 1 0 0
vn 1 0 0
vn 1 0 0
vn 0 1 0
vn 0 1 0
vn 0 1 0
vn 0 1 0
vn 0 -1 0
vn 0 -1 0
vn 0 -1 0
vn 0 -1 0
vn 0 0 0.9999999
vn 0 0 0.9999999
vn 0 0 0.9999999
vn 0 0 0.9999999
vn -1 0 0
vn -1 0 0
vn -1 0 0
vn -1 0 0
vn 0 0 -0.9999999
vn 0 0 -0.9999999
vn 0 0 -0.9999999
vn 0 0 -0.9999999
vn 1 0 0
vn 1 0 0
vn 1 0 0
vn 1 0 0
vn 0 1 0
vn 0 1 0
vn 0 1 0
vn 0 1 0
vn 0 -1 0
vn 0 -1 0
vn 0 -1 0
vn 0 -1 0
vn 0 0 0.9999999
vn 0 0 0.9999999
vn 0 0 0.9999999
vn 0 0 0.9999999
vn -1 0 0
vn -1 0 0
vn -1 0 0
vn -1 0 0
vn 0 0 -0.9999999
vn 0 0 -0.9999999
vn 0 0 -0.9999999
vn 0 0 -0.9999999
vn 1 0 0
vn 1 0 0
vn 1 0 0
vn 1 0 0
vn 0 1 0
vn 0 1 0
vn 0 1 0
vn 0 1 0
vn 0 -1 0
vn 0 -1 0
vn 0 -1 0
vn 0 -1 0
vn 0 0 0.9999999
vn 0 0 0.9999999
vn 0 0 0.9999999
vn 0 0 0.9999999
vn -1 0 0
vn -1 0 0
vn -1 0 0
vn -1 0 0
vn 0 0 -0.9999999
vn 0 0 -0.9999999
vn 0 0 -0.9999999
vn 0 0 -0.9999999
vn 1 0 0
vn 1 0 0
vn 1 0 0
vn 1 0 0
vn 0 1 0
vn 0 1 0
vn 0 1 0
vn 0 1 0
vn 0 -1 0
vn 0 -1 0
vn 0 -1 0
vn 0 -1 0
vn 0 0 0.9999999
vn 0 0 0.9999999
vn 0 0 0.9999999
vn 0 0 0.9999999
vn -1 0 0
vn -1 0 0
vn -1 0 0
vn -1 0 0
vn 0 0 -0.9999999
vn 0 0 -0.9999999
vn 0 0 -0.9999999
vn 0 0 -0.9999999
vn 1 0 0
vn 1 0 0
vn 1 0 0
vn 1 0 0
vn 0 1 0
vn 0 1 0
vn 0 1 0
vn 0 1 0
vn 0 -1 0
vn 0 -1 0
vn 0 -1 0
vn 0 -1 0
vn 0 0 0.9999999
vn 0 0 0.9999999
vn 0 0 0.9999999
vn 0 0 0.9999999
vn -1 0 0
vn -1 0 0
vn -1 0 0
vn -1 0 0
vn 0 0 -0.9999999
vn 0 0 -0.9999999
vn 0 0 -0.9999999
vn 0 0 -0.9999999
vn 1 0 0
vn 1 0 0
vn 1 0 0
vn 1 0 0
vn 0 1 0
vn 0 1 0
vn 0 1 0
vn 0 1 0
vn 0 -1 0
vn 0 -1 0
vn 0 -1 0
vn 0 -1 0
vn 0 0 0.9999999
vn 0 0 0.9999999
vn 0 0 0.9999999
vn 0 0 0.9999999
vn -1 0 0
vn -1 0 0
vn -1 0 0
vn -1 0 0
vn 0 0 -0.9999999
vn 0 0 -0.9999999
vn 0 0 -0.9999999
vn 0 0 -0.9999999
vn 1 0 0
vn 1 0 0
vn 1 0 0
vn 1 0 0
vn 0 1 0
vn 0 1 0
vn 0 1 0
vn 0 1 0
vn 0 -1 0
vn 0 -1 0
vn 0 -1 0
vn 0 -1 0
vn 0 0 0.9999999
vn 0 0 0.9999999
vn 0 0 0.9999999
vn 0 0 0.9999999
vn -1 0 0
vn -1 0 0
vn -1 0 0
vn -1 0 0
vn 0 0 -0.9999999
vn 0 0 -0.9999999
vn 0 0 -0.9999999
vn 0 0 -0.9999999
vn 1 0 0
vn 1 0 0
vn 1 0 0
vn 1 0 0
vn 0 1 0
vn 0 1 0
vn 0 1 0
vn 0 1 0
vn 0 -1 0
vn 0 -1 0
vn 0 -1 0
vn 0 -1 0
vn 0 0 0.9999999
vn 0 0 0.9999999
vn 0 0 0.9999999
vn 0 0 0.9999999
vn -1 0 0
vn -1 0 0
vn -1 0 0
vn -1 0 0
vn 0 0 -0.9999999
vn 0 0 -0.9999999
vn 0 0 -0.9999999
vn 0 0 -0.9999999
vn 1 0 0
vn 1 0 0
vn 1 0 0
vn 1 0 0
vn 0 1 0
vn 0 1 0
vn 0 1 0
vn 0 1 0
vn 0 -1 0
vn 0 -1 0
vn 0 -1 0
vn 0 -1 0
vn 0 0 0.9999999
vn 0 0 0.9999999
vn 0 0 0.9999999
vn 0 0 0.9999999
vn -1 0 0
vn -1 0 0
vn -1 0 0
vn -1 0 0
vn 0 0 -0.9999999
vn 0 0 -0.9999999
vn 0 0 -0.9999999
vn 0 0 -0.9999999
vn 1 0 0
vn 1 0 0
vn 1 0 0
vn 1 0 0
vn 0 1 0
vn 0 1 0
vn 0 1 0
vn 0 1 0
vn 0 -1 0
vn 0 -1 0
vn 0 -1 0
vn 0 -1 0
vn 0 0 0.9999999
vn 0 0 0.9999999
vn 0 0 0.9999999
vn 0 0 0.9999999
vn -1 0 0
vn -1 0 0
vn -1 0 0
vn -1 0 0
vn 0 0 -0.9999999
vn 0 0 -0.9999999
vn 0 0 -0.9999999
vn 0 0 -0.9999999
vn 1 0 0
vn 1 0 0
vn 1 0 0
vn 1 0 0
vn 0 1 0
vn 0 1 0
vn 0 1 0
vn 0 1 0
vn 0 -1 0
vn 0 -1 0
vn 0 -1 0
vn 0 -1 0
vn 0 0 0.9999999
vn 0 0 0.9999999
vn 0 0 0.9999999
vn 0 0 0.9999999
vn -1 0 0
vn -1 0 0
vn -1 0 0
vn -1 0 0
vn 0 0 -0.9999999
vn 0 0 -0.9999999
vn 0 0 -0.9999999
vn 0 0 -0.9999999
vn 1 0 0
vn 1 0 0
vn 1 0 0
vn 1 0 0
vn 0 1 0
vn 0 1 0
vn 0 1 0
vn 0 1 0
vn 0 -1 0
vn 0 -1 0
vn 0 -1 0
vn 0 -1 0
vn 0 0 0.9999999
vn 0 0 0.9999999
vn 0 0 0.9999999
vn 0 0 0.9999999
vn -1 0 0
vn -1 0 0
vn -1 0 0
vn -1 0 0
vn 0 0 -0.9999999
vn 0 0 -0.9999999
vn 0 0 -0.9999999
vn 0 0 -0.9999999
vn 1 0 0
vn 1 0 0
vn 1 0 0
vn 1 0 0
vn 0 1 0
vn 0 1 0
vn 0 1 0
vn 0 1 0
vn 0 -1 0
vn 0 -1 0
vn 0 -1 0
vn 0 -1 0
vn 0 0 0.9999999
vn 0 0 0.9999999
vn 0 0 0.9999999
vn 0 0 0.9999999
vn -1 0 0
vn -1 0 0
vn -1 0 0
vn -1 0 0
vn 0 0 -0.9999999
vn 0 0 -0.9999999
vn 0 0 -0.9999999
vn 0 0 -0.9999999
vn 1 0 0
vn 1 0 0
vn 1 0 0
vn 1 0 0
vn 0 1 0
vn 0 1 0
vn 0 1 0
vn 0 1 0
vn 0 -1 0
vn 0 -1 0
vn 0 -1 0
vn 0 -1 0
vn 0 0 0.9999999
vn 0 0 0.9999999
vn 0 0 0.9999999
vn 0 0 0.9999999
vn -1 0 0
vn -1 0 0
vn -1 0 0
vn -1 0 0
vn 0 0 -0.9999999
vn 0 0 -0.9999999
vn 0 0 -0.9999999
vn 0 0 -0.9999999
vn 1 0 0
vn 1 0 0
vn 1 0 0
vn 1 0 0
vn 0 1 0
vn 0 1 0
vn 0 1 0
vn 0 1 0
vn 0 -1 0
vn 0 -1 0
vn 0 -1 0
vn 0 -1 0
vn 0 0 0.9999999
vn 0 0 0.9999999
vn 0 0 0.9999999
vn 0 0 0.9999999
vn -1 0 0
vn -1 0 0
vn -1 0 0
vn -1 0 0
vn 0 0 -0.9999999
vn 0 0 -0.9999999
vn 0 0 -0.9999999
vn 0 0 -0.9999999
vn 1 0 0
vn 1 0 0
vn 1 0 0
vn 1 0 0
vn 0 1 0
vn 0 1 0
vn 0 1 0
vn 0 1 0
vn 0 -1 0
vn 0 -1 0
vn 0 -1 0
vn 0 -1 0
vn 0 0 0.9999999
vn 0 0 0.9999999
vn 0 0 0.9999999
vn 0 0 0.9999999
vn -1 0 0
vn -1 0 0
vn -1 0 0
vn -1 0 0
vn 0 0 -0.9999999
vn 0 0 -0.9999999
vn 0 0 -0.9999999
vn 0 0 -0.9999999
vn 1 0 0
vn 1 0 0
vn 1 0 0
vn 1 0 0
vn 0 1 0
vn 0 1 0
vn 0 1 0
vn 0 1 0
vn 0 -1 0
vn 0 -1 0
vn 0 -1 0
vn 0 -1 0
vn 0 0 0.9999999
vn 0 0 0.9999999
vn 0 0 0.9999999
vn 0 0 0.9999999
vn -1 0 0
vn -1 0 0
vn -1 0 0
vn -1 0 0
vn 0 0 -0.9999999
vn 0 0 -0.9999999
vn 0 0 -0.9999999
vn 0 0 -0.9999999
vn 1 0 0
vn 1 0 0
vn 1 0 0
vn 1 0 0
vn 0 1 0
vn 0 1 0
vn 0 1 0
vn 0 1 0
vn 0 -1 0
vn 0 -1 0
vn 0 -1 0
vn 0 -1 0
vn 0 0 0.9999999
vn 0 0 0.9999999
vn 0 0 0.9999999
vn 0 0 0.9999999
vn -1 0 0
vn -1 0 0
vn -1 0 0
vn -1 0 0
vn 0 0 -0.9999999
vn 0 0 -0.9999999
vn 0 0 -0.9999999
vn 0 0 -0.9999999
vn 1 0 0
vn 1 0 0
vn 1 0 0
vn 1 0 0
vn 0 1 0
vn 0 1 0
vn 0 1 0
vn 0 1 0
vn 0 -1 0
vn 0 -1 0
vn 0 -1 0
vn 0 -1 0
vn 0 0 0.9999999
vn 0 0 0.9999999
vn 0 0 0.9999999
vn 0 0 0.9999999
vn -1 0 0
vn -1 0 0
vn -1 0 0
vn -1 0 0
vn 0 0 -0.9999999
vn 0 0 -0.9999999
vn 0 0 -0.9999999
vn 0 0 -0.9999999
vn 1 0 0
vn 1 0 0
vn 1 0 0
vn 1 0 0
vn 0 1 0
vn 0 1 0
vn 0 1 0
vn 0 1 0
vn 0 -1 0
vn 0 -1 0
vn 0 -1 0
vn 0 -1 0
vn 0 0 0.9999999
vn 0 0 0.9999999
vn 0 0 0.9999999
vn 0 0 0.9999999
vn -1 0 0
vn -1 0 0
vn -1 0 0
vn -1 0 0
vn 0 0 -0.9999999
vn 0 0 -0.9999999
vn 0 0 -0.9999999
vn 0 0 -0.9999999
vn 1 0 0
vn 1 0 0
vn 1 0 0
vn 1 0 0
vn 0 1 0
vn 0 1 0
vn 0 1 0
vn 0 1 0
vn 0 -1 0
vn 0 -1 0
vn 0 -1 0
vn 0 -1 0
vn 0 0 0.9999999
vn 0 0 0.9999999
vn 0 0 0.9999999
vn 0 0 0.9999999
vn -1 0 0
vn -1 0 0
vn -1 0 0
vn -1 0 0
vn 0 0 -0.9999999
vn 0 0 -0.9999999
vn 0 0 -0.9999999
vn 0 0 -0.9999999
vn 1 0 0
vn 1 0 0
vn 1 0 0
vn 1 0 0
vn 0 1 0
vn 0 1 0
vn 0 1 0
vn 0 1 0
vn 0 -1 0
vn 0 -1 0
vn 0 -1 0
vn 0 -1 0
vn 0 0 0.9999999
vn 0 0 0.9999999
vn 0 0 0.9999999
vn 0 0 0.9999999
vn -1 0 0
vn -1 0 0
vn -1 0 0
vn -1 0 0
vn 0 0 -0.9999999
vn 0 0 -0.9999999
vn 0 0 -0.9999999
vn 0 0 -0.9999999
vn 1 0 0
vn 1 0 0
vn 1 0 0
vn 1 0 0
vn 0 1 0
vn 0 1 0
vn 0 1 0
vn 0 1 0
vn 0 -1 0
vn 0 -1 0
vn 0 -1 0
vn 0 -1 0
vn 0 0 0.9999999
vn 0 0 0.9999999
vn 0 0 0.9999999
vn 0 0 0.9999999
vn -1 0 0
vn -1 0 0
vn -1 0 0
vn -1 0 0
vn 0 0 -0.9999999
vn 0 0 -0.9999999
vn 0 0 -0.9999999
vn 0 0 -0.9999999
vn 1 0 0
vn 1 0 0
vn 1 0 0
vn 1 0 0
vn 0 1 0
vn 0 1 0
vn 0 1 0
vn 0 1 0
vn 0 -1 0
vn 0 -1 0
vn 0 -1 0
vn 0 -1 0
vn 0 0 0.9999999
vn 0 0 0.9999999
vn 0 0 0.9999999
vn 0 0 0.9999999
vn -1 0 0
vn -1 0 0
vn -1 0 0
vn -1 0 0
vn 0 0 -0.9999999
vn 0 0 -0.9999999
vn 0 0 -0.9999999
vn 0 0 -0.9999999
vn 1 0 0
vn 1 0 0
vn 1 0 0
vn 1 0 0
vn 0 1 0
vn 0 1 0
vn 0 1 0
vn 0 1 0
vn 0 -1 0
vn 0 -1 0
vn 0 -1 0
vn 0 -1 0
vn 0 0 0.9999999
vn 0 0 0.9999999
vn 0 0 0.9999999
vn 0 0 0.9999999
vn -1 0 0
vn -1 0 0
vn -1 0 0
vn -1 0 0
vn 0 0 -0.9999999
vn 0 0 -0.9999999
vn 0 0 -0.9999999
vn 0 0 -0.9999999
vn 1 0 0
vn 1 0 0
vn 1 0 0
vn 1 0 0
vn 0 1 0
vn 0 1 0
vn 0 1 0
vn 0 1 0
vn 0 -1 0
vn 0 -1 0
vn 0 -1 0
vn 0 -1 0
vn 0 0 0.9999999
vn 0 0 0.9999999
vn 0 0 0.9999999
vn 0 0 0.9999999
vn -1 0 0
vn -1 0 0
vn -1 0 0
vn -1 0 0
vn 0 0 -0.9999999
vn 0 0 -0.9999999
vn 0 0 -0.9999999
vn 0 0 -0.9999999
vn 1 0 0
vn 1 0 0
vn 1 0 0
vn 1 0 0
vn 0 1 0
vn 0 1 0
vn 0 1 0
vn 0 1 0
vn 0 -1 0
vn 0 -1 0
vn 0 -1 0
vn 0 -1 0
vn 0 0 0.9999999
vn 0 0 0.9999999
vn 0 0 0.9999999
vn 0 0 0.9999999
vn -1 0 0
vn -1 0 0
vn -1 0 0
vn -1 0 0
vn 0 0 -0.9999999
vn 0 0 -0.9999999
vn 0 0 -0.9999999
vn 0 0 -0.9999999
vn 1 0 0
vn 1 0 0
vn 1 0 0
vn 1 0 0
vn 0 1 0
vn 0 1 0
vn 0 1 0
vn 0 1 0
vn 0 -1 0
vn 0 -1 0
vn 0 -1 0
vn 0 -1 0
vn 0 0 0.9999999
vn 0 0 0.9999999
vn 0 0 0.9999999
vn 0 0 0.9999999
vn -1 0 0
vn -1 0 0
vn -1 0 0
vn -1 0 0
vn 0 0 -0.9999999
vn 0 0 -0.9999999
vn 0 0 -0.9999999
vn 0 0 -0.9999999
vn 1 0 0
vn 1 0 0
vn 1 0 0
vn 1 0 0
vn 0 1 0
vn 0 1 0
vn 0 1 0
vn 0 1 0
vn 0 -1 0
vn 0 -1 0
vn 0 -1 0
vn 0 -1 0
vn 0 0 0.9999999
vn 0 0 0.9999999
vn 0 0 0.9999999
vn 0 0 0.9999999
vn -1 0 0
vn -1 0 0
vn -1 0 0
vn -1 0 0
vn 0 0 -0.9999999
vn 0 0 -0.9999999
vn 0 0 -0.9999999
vn 0 0 -0.9999999
vn 1 0 0
vn 1 0 0
vn 1 0 0
vn 1 0 0
vn 0 1 0
vn 0 1 0
vn 0 1 0
vn 0 1 0
vn 0 -1 0
vn 0 -1 0
vn 0 -1 0
vn 0 -1 0
vn 0 0 0.9999999
vn 0 0 0.9999999
vn 0 0 0.9999999
vn 0 0 0.9999999
vn -1 0 0
vn -1 0 0
vn -1 0 0
vn -1 0 0
vn 0 0 -0.9999999
vn 0 0 -0.9999999
vn 0 0 -0.9999999
vn 0 0 -0.9999999
vn 1 0 0
vn 1 0 0
vn 1 0 0
vn 1 0 0
vn 0 1 0
vn 0 1 0
vn 0 1 0
vn 0 1 0
vn 0 -1 0
vn 0 -1 0
vn 0 -1 0
vn 0 -1 0
vn 0 0 0.9999999
vn 0 0 0.9999999
vn 0 0 0.9999999
vn 0 0 0.9999999
vn -1 0 0
vn -1 0 0
vn -1 0 0
vn -1 0 0
vn 0 0 -0.9999999
vn 0 0 -0.9999999
vn 0 0 -0.9999999
vn 0 0 -0.9999999
vn 1 0 0
vn 1 0 0
vn 1 0 0
vn 1 0 0
vn 0 1 0
vn 0 1 0
vn 0 1 0
vn 0 1 0
vn 0 -1 0
vn 0 -1 0
vn 0 -1 0
vn 0 -1 0
vn 0 0 0.9999999
vn 0 0 0.9999999
vn 0 0 0.9999999
vn 0 0 0.9999999
vn -1 0 0
vn -1 0 0
vn -1 0 0
vn -1 0 0
vn 0 0 -0.9999999
vn 0 0 -0.9999999
vn 0 0 -0.9999999
vn 0 0 -0.9999999
vn 1 0 0
vn 1 0 0
vn 1 0 0
vn 1 0 0
vn 0 1 0
vn 0 1 0
vn 0 1 0
vn 0 1 0
vn 0 -1 0
vn 0 -1 0
vn 0 -1 0
vn 0 -1 0
vn 0 0 0.9999999
vn 0 0 0.9999999
vn 0 0 0.9999999
vn 0 0 0.9999999
vn -1 0 0
vn -1 0 0
vn -1 0 0
vn -1 0 0
vn 0 0 -0.9999999
vn 0 0 -0.9999999
vn 0 0 -0.9999999
vn 0 0 -0.9999999
vn 1 0 0
vn 1 0 0
vn 1 0 0
vn 1 0 0
vn 0 1 0
vn 0 1 0
vn 0 1 0
vn 0 1 0
vn 0 -1 0
vn 0 -1 0
vn 0 -1 0
vn 0 -1 0
vn 0 0 0.9999999
vn 0 0 0.9999999
vn 0 0 0.9999999
vn 0 0 0.9999999
vn -1 0 0
vn -1 0 0
vn -1 0 0
vn -1 0 0
vn 0 0 -0.9999999
vn 0 0 -0.9999999
vn 0 0 -0.9999999
vn 0 0 -0.9999999
vn 1 0 0
vn 1 0 0
vn 1 0 0
vn 1 0 0
vn 0 1 0
vn 0 1 0
vn 0 1 0
vn 0 1 0
vn 0 -1 0
vn 0 -1 0
vn 0 -1 0
vn 0 -1 0
vn 0 0 0.9999999
vn 0 0 0.9999999
vn 0 0 0.9999999
vn 0 0 0.9999999
vn -1 0 0
vn -1 0 0
vn -1 0 0
vn -1 0 0
vn 0 0 -0.9999999
vn 0 0 -0.9999999
vn 0 0 -0.9999999
vn 0 0 -0.9999999
vn 1 0 0
vn 1 0 0
vn 1 0 0
vn 1 0 0
vn 0 1 0
vn 0 1 0
vn 0 1 0
vn 0 1 0
vn 0 -1 0
vn 0 -1 0
vn 0 -1 0
vn 0 -1 0
vn 0 0 0.9999999
vn 0 0 0.9999999
vn 0 0 0.9999999
vn 0 0 0.9999999
vn -1 0 0
vn -1 0 0
vn -1 0 0
vn -1 0 0
vn 0 0 -0.9999999
vn 0 0 -0.9999999
vn 0 0 -0.9999999
vn 0 0 -0.9999999
vn 1 0 0
vn 1 0 0
vn 1 0 0
vn 1 0 0
vn 0 1 0
vn 0 1 0
vn 0 1 0
vn 0 1 0
vn 0 -1 0
vn 0 -1 0
vn 0 -1 0
vn 0 -1 0
vn 0 0 0.9999999
vn 0 0 0.9999999
vn 0 0 0.9999999
vn 0 0 0.9999999
vn -1 0 0
vn -1 0 0
vn -1 0 0
vn -1 0 0
vn 0 0 -0.9999999
vn 0 0 -0.9999999
vn 0 0 -0.9999999
vn 0 0 -0.9999999
vn 1 0 0
vn 1 0 0
vn 1 0 0
vn 1 0 0
vn 0 1 0
vn 0 1 0
vn 0 1 0
vn 0 1 0
vn 0 -1 0
vn 0 -1 0
vn 0 -1 0
vn 0 -1 0
vn 0 0 0.9999999
vn 0 0 0.9999999
vn 0 0 0.9999999
vn 0 0 0.9999999
vn -1 0 0
vn -1 0 0
vn -1 0 0
vn -1 0 0
vn 0 0 -0.9999999
vn 0 0 -0.9999999
vn 0 0 -0.9999999
vn 0 0 -0.9999999
vn 1 0 0
vn 1 0 0
vn 1 0 0
vn 1 0 0
vn 0 1 0
vn 0 1 0
vn 0 1 0
vn 0 1 0
vn 0 -1 0
vn 0 -1 0
vn 0 -1 0
vn 0 -1 0
vn -1.192081E-07 0.00443788 0.9999903
vn -1.192081E-07 0.00443788 0.9999903
vn -1.192081E-07 0.00443788 0.9999903
vn -1.192081E-07 0.00443788 0.9999903
vn -1.192081E-07 0.00443788 0.9999903
vn -1.192081E-07 0.00443788 0.9999903
vn -1.192081E-07 0.00443788 0.9999903
vn -1.192081E-07 0.00443788 0.9999903
vn 0.9999902 0.00443788 0
vn 0.9999902 0.00443788 0
vn 0.9999902 0.00443788 0
vn 0.9999902 0.00443788 0
vn 1.421085E-14 0 -1
vn 1.421085E-14 0 -1
vn 1.421085E-14 0 -1
vn 1.421085E-14 0 -1
vn -1.192081E-07 0.00443788 -0.9999903
vn -1.192081E-07 0.00443788 -0.9999903
vn -1.192081E-07 0.00443788 -0.9999903
vn -1.192081E-07 0.00443788 -0.9999903
vn -1.192081E-07 0.00443788 0.9999903
vn -1.192081E-07 0.00443788 0.9999903
vn -1.192081E-07 0.00443788 0.9999903
vn -1.192081E-07 0.00443788 0.9999903
vn -1.192081E-07 0.00443788 -0.9999903
vn -1.192081E-07 0.00443788 -0.9999903
vn -1.192081E-07 0.00443788 -0.9999903
vn -1.192081E-07 0.00443788 -0.9999903
vn -1.192081E-07 0.00443788 -0.9999903
vn -1.192081E-07 0.00443788 -0.9999903
vn -1.192081E-07 0.00443788 -0.9999903
vn -1.192081E-07 0.00443788 -0.9999903
vn 3.258414E-07 0 -1
vn 3.258414E-07 0 -1
vn 3.258414E-07 0 -1
vn 3.258414E-07 0 -1
vn 1 0 3.258414E-07
vn 1 0 3.258414E-07
vn 1 0 3.258414E-07
vn 1 0 3.258414E-07
vn -3.258414E-07 0 1
vn -3.258414E-07 0 1
vn -3.258414E-07 0 1
vn -3.258414E-07 0 1
vn -1 0 -3.258414E-07
vn -1 0 -3.258414E-07
vn -1 0 -3.258414E-07
vn -1 0 -3.258414E-07
vn 0 1 0
vn 0 1 0
vn 0 1 0
vn 0 1 0
vn -1.192081E-07 0.00443788 -0.9999903
vn -1.192081E-07 0.00443788 -0.9999903
vn -1.192081E-07 0.00443788 -0.9999903
vn -1.192081E-07 0.00443788 -0.9999903
vn 0 1 0
vn 0 1 0
vn 0 1 0
vn 0 1 0
vn 0 1 0
vn 0 1 0
vn 0 1 0
vn 0 1 0
vn 0 1 0
vn 0 1 0
vn 0 1 0
vn 0 1 0
vn 0 1 0
vn 0 1 0
vn 0 1 0
vn 0 1 0
vn 0 1 0
vn 0 1 0
vn 0 1 0
vn 0 1 0
vn 0 1 0
vn 0 1 0
vn 0 1 0
vn 0 1 0
vn 0 1 0
vn 0 1 0
vn 0 1 0
vn 0 1 0
vn 0 1 0
vn 0 1 0
vn 0 0.9999999 0
vn 0 1 0
vn 0 1 0
vn 0 1 0
vn 0 1 0
vn 0 1 0
vn 0 1 0
vn 0 1 0
vn 0 1 0
vn 0 1 0
vn 0 1 0
vn 0 0.9999999 0
vn 0 0.9999999 0
vn 0 1 0
vn 0 1 0
vn 0 1 0
vn 0 1 0
vn 0 1 0
vn 0 1 0
vn 0 1 0
vn 0 1 0
vn 0 1 0
vn 0 1 0
vn 0 1 0
vn 0 1 0
vn 0 1 0
vn 0 1 0
vn 0 1 0
vn 0 1 0
vn 0 1 0
vn 0 1 0
vn 0 1 0
vn 0 1 0
vn 0 1 0
vn 0 1 0
vn 0 1 0
vn 0 1 0
vn 0 1 0
vn 0 1 0
vn 0 1 0
vn 0 1 0
vn 0 1 0
vn 0 1 0
vn 0 1 0
vn 0 1 0
vn 0 1 0
vn 0 1 0
vn 0 1 0
vn 0 1 0
vn 0 1 0
vn 0 1 0
vn 0 1 0
vn 0 1 0
vn 0 1 0
vn 0 1 0
vn 0 0.9999999 0
vn 0 1 0
vn 0 1 0
vn 0 1 0
vn 0 1 0
vn 0 1 0
vn 0 1 0
vn 0 1 0
vn 0 1 0
vn 0 1 0
vn 0 1 0
vn 0 1 0
vn 0 1 0
vn 0 1 0
vn 0 1 0
vn 0 1 0
vn 0 1 0
vn 0 1 0
vn 0 1 0
vn 0 1 0
vn 0 1 0
vn 0 1 0
vn 0 1 0
vn 0 1 0
vn 0 1 0
vn 0 1 0
vn 0 1 0
vn 0 1 0
vn 0 1 0
vn 0 1 0
vn 0 1 0
vn 0 1 0
vn 0 1 0

vt 3 0
vt 0 0
vt 3 3
vt 0 3
vt 5 0
vt 0 0
vt 5 3
vt 0 3
vt 3 0
vt 0 0
vt 3 3
vt 0 3
vt 5 0
vt 0 0
vt 5 3
vt 0 3
vt 0 5
vt 3 5
vt 0 0
vt 3 0
vt 3 0
vt 0 0
vt 3 5
vt 0 5
vt 1 0
vt 0 0
vt 1 0.04983568
vt 0 0.04983568
vt 1 0
vt 0 0
vt 1 0.04983568
vt 0 0.04983568
vt 1 0
vt 0 0
vt 1 0.04983568
vt 0 0.04983568
vt 1 0
vt 0 0
vt 1 0.04983568
vt 0 0.04983568
vt 0 1
vt 1 1
vt 0 0
vt 1 0
vt 1 0
vt 0 0
vt 1 1
vt 0 1
vt 1 0
vt 0 0
vt 1 0.04983568
vt 0 0.04983568
vt 3 0
vt 0 0
vt 3 0.04983568
vt 0 0.04983568
vt 1 0
vt 0 0
vt 1 0.04983568
vt 0 0.04983568
vt 3 0
vt 0 0
vt 3 0.04983568
vt 0 0.04983568
vt 0 3
vt 1 3
vt 0 0
vt 1 0
vt 1 0
vt 0 0
vt 1 3
vt 0 3
vt 1 0
vt 0 0
vt 1 0.04983568
vt 0 0.04983568
vt 1 0
vt 0 0
vt 1 0.04983568
vt 0 0.04983568
vt 1 0
vt 0 0
vt 1 0.04983568
vt 0 0.04983568
vt 1 0
vt 0 0
vt 1 0.04983568
vt 0 0.04983568
vt 0 1
vt 1 1
vt 0 0
vt 1 0
vt 1 0
vt 0 0
vt 1 1
vt 0 1
vt 1 0
vt 0 0
vt 1 0.04983568
vt 0 0.04983568
vt 3 0
vt 0 0
vt 3 0.04983568
vt 0 0.04983568
vt 1 0
vt 0 0
vt 1 0.04983568
vt 0 0.04983568
vt 3 0
vt 0 0
vt 3 0.04983568
vt 0 0.04983568
vt 0 3
vt 1 3
vt 0 0
vt 1 0
vt 1 0
vt 0 0
vt 1 3
vt 0 3
vt 1 0
vt 0 0
vt 1 1
vt 0 1
vt 1 0.04983568
vt 1 0
vt 0 0.04983568
vt 0 0
vt 0 0
vt 0 0.04983568
vt 1 0
vt 1 0.04983568
vt 1 0
vt 0 0
vt 1 1
vt 0 1
vt 0 0
vt 0 0.04983568
vt 2 0
vt 2 0.04983568
vt 2 1
vt 2 0
vt 0 1
vt 0 0
vt 0 0
vt 0 1
vt 2 0
vt 2 1
vt 2 0.04983568
vt 2 0
vt 0 0.04983568
vt 0 0
vt 1 0
vt 0 0
vt 1 0.04983568
vt 0 0.04983568
vt 2 0
vt 0 0
vt 2 0.04983568
vt 0 0.04983568
vt 1 0
vt 0 0
vt 1 0.04983568
vt 0 0.04983568
vt 2 0
vt 0 0
vt 2 0.04983568
vt 0 0.04983568
vt 0 2
vt 1 2
vt 0 0
vt 1 0
vt 1 0
vt 0 0
vt 1 2
vt 0 2
vt 2 0
vt 0 0
vt 2 0.04983568
vt 0 0.04983568
vt 2 0
vt 0 0
vt 2 0.04983568
vt 0 0.04983568
vt 2 0
vt 0 0
vt 2 0.04983568
vt 0 0.04983568
vt 2 0
vt 0 0
vt 2 0.04983568
vt 0 0.04983568
vt 0 2
vt 2 2
vt 0 0
vt 2 0
vt 2 0
vt 0 0
vt 2 2
vt 0 2
vt 1 0
vt 0 0
vt 1 0.04983568
vt 0 0.04983568
vt 1 0
vt 0 0
vt 1 0.04983568
vt 0 0.04983568
vt 1 0
vt 0 0
vt 1 0.04983568
vt 0 0.04983568
vt 1 0
vt 0 0
vt 1 0.04983568
vt 0 0.04983568
vt 0 1
vt 1 1
vt 0 0
vt 1 0
vt 1 0
vt 0 0
vt 1 1
vt 0 1
vt 0 0
vt 0 1
vt 1 0
vt 1 1
vt 1 0.04983568
vt 1 0
vt 0 0.04983568
vt 0 0
vt 0 0
vt 0 0.04983568
vt 1 0
vt 1 0.04983568
vt 1 1
vt 1 0
vt 0 1
vt 0 0
vt 3 0.04983568
vt 3 0
vt 0 0.04983568
vt 0 0
vt 0 3
vt 1 3
vt 0 0
vt 1 0
vt 0 3
vt 1 3
vt 0 0
vt 1 0
vt 0 0
vt 0 0.04983568
vt 3 0
vt 3 0.04983568
vt 1 0
vt 0 0
vt 1 0.04983568
vt 0 0.04983568
vt 2 0
vt 0 0
vt 2 0.04983568
vt 0 0.04983568
vt 1 0
vt 0 0
vt 1 0.04983568
vt 0 0.04983568
vt 2 0
vt 0 0
vt 2 0.04983568
vt 0 0.04983568
vt 0 2
vt 1 2
vt 0 0
vt 1 0
vt 1 0
vt 0 0
vt 1 2
vt 0 2
vt 0 5
vt 12 5
vt 0 0
vt 12 0
vt 12 0
vt 0 0
vt 12 1
vt 0 1
vt 5 0
vt 0 0
vt 5 1
vt 0 1
vt 29 5
vt 17 5
vt 29 10
vt 0 0
vt 0 10
vt 17 0
vt 0 10
vt 13 10
vt 0 0
vt 13 0
vt 3 6
vt 3 0
vt 0 0
vt 0 6
vt 0 8
vt 0 10
vt 3 10
vt 3 0
vt 0 2
vt 0 0
vt 0 6
vt 5 6
vt 5 0
vt 0 0
vt 0 6
vt 5 6
vt 5 0
vt 0 0
vt 0 12
vt 6 12
vt 6 0
vt 0 0
vt 0 0
vt 0 15
vt 6 11
vt 6 0
vt 16 15
vt 16 11
vt 16 0
vt 0 0
vt 0 5
vt 16 5
vt 16 0
vt 0 0
vt 0 5
vt 16 5
vt 5 0
vt 0 0
vt 0 5
vt 5 5
vt 3 0
vt 0 0
vt 0 5
vt 3 5
vt 5 0
vt 0 0
vt 5 14
vt 0 14
vt 0 4
vt 0 9
vt 5 6.5
vt 5 24
vt 0 23
vt 5 0
vt 0 0
vt 0 28
vt 5 28
vt 0 0
vt 0 6
vt 26 6
vt 10 0
vt 20 0
vt 26 0
vt 15 0
vt 2 11
vt 0 11
vt 0 15
vt 10 18
vt 10 11
vt 0 18
vt 10 0
vt 2 0
vt 0 1
vt 26 0
vt 0 0
vt 26 1
vt 26 0
vt 0 1
vt 26 1
vt 0 0
vt 16 10
vt 25 10
vt 25 7
vt 19 7
vt 16 5
vt 19 0
vt 5 5
vt 0 0
vt 5 20
vt 0 25
vt 30 25
vt 35 20
vt 35 25
vt 5 3
vt 5 0
vt 0 0
vt 0 3
vt 31 6
vt 31 0
vt 0 0
vt 0 6
vt 0 0
vt 0 3
vt 5 3
vt 5 0
vt 19 7
vt 19 0
vt 0 0
vt 0 7
vt 5 8
vt 10 8
vt 5 0
vt 10 0
vt 0 0
vt 0 8
vt 0 0
vt 0 15
vt 5 15
vt 5 5
vt 8 0
vt 8 5
vt 0 0
vt 0 3
vt 5 3
vt 5 0
vt 4 10
vt 10 10
vt 10 0
vt 0 0
vt 0 10
vt 4 14
vt 0 14
vt 10 14
vt 4 0
vt 0 0
vt 0 6
vt 4 6
vt 0 0
vt 0 4
vt 12 4
vt 12 0
vt 0 7
vt 4 7
vt 0 6
vt 4 6
vt 13 4
vt 13 0
vt 12 0
vt 12 4
vt 0 0
vt 4 4
vt 4 0
vt 0 4
vt 4 4
vt 1.907349E-06 0
vt 1.907349E-06 4
vt 4 2.384186E-07
vt 2 4
vt 0 0
vt 0 4
vt 2 0
vt 5 4
vt 5 0
vt 0 4
vt 0 0
vt 0 0
vt 10 4
vt 10 0
vt 4 4
vt 0 9
vt 4 5
vt 4 9
vt 0 0
vt 2 4
vt 2 0
vt 0 4
vt 0 1
vt 5 1
vt 5 0
vt 0 0
vt 0 5
vt 5 0
vt 0 1
vt 5 5
vt 0 9
vt 5 0
vt 0 0
vt 5 9
vt 1 0
vt 0 0
vt 1 1
vt 0 1
vt 1 0
vt 0 0
vt 1 2
vt 0 2
vt 0 0
vt 0 1
vt 1 1
vt 1 0
vt 2 0
vt 0 0
vt 1 1
vt 2 1
vt 1 2
vt 0 2
vt 1 0
vt 0 1
vt 1 1
vt 0 0
vt 1 0
vt 0 1
vt 1 1
vt 0 0
vt 1 0
vt 0 0
vt 1 1
vt 0 1
vt 1 0
vt 0 0
vt 1 1
vt 0 1
vt 0 0
vt 0 1
vt 1 0
vt 1 1
vt 1 0
vt 0 0
vt 0 1
vt 1 1
vt 1 1
vt 1 0
vt 0 1
vt 0 0
vt 1 0
vt 0 0
vt 1 1
vt 0 1
vt 1 0
vt 0 0
vt 0 1
vt 1 1
vt 0 0
vt 0 1
vt 1 1
vt 1 0
vt 0 1
vt 1 0
vt 0 0
vt 1 1
vt 2 0
vt 0 0
vt 2 1
vt 1 1
vt 1 2
vt 0 2
vt 0 2
vt 1 2
vt 0 0
vt 1 0
vt 0 0
vt 0 1
vt 4 0
vt 4 1
vt 3 1
vt 3 0
vt 0 1
vt 0 0
vt 1 0
vt 0 0
vt 1 1
vt 0 1
vt 3 0
vt 0 0
vt 3 1
vt 0 1
vt 1 1
vt 0 0
vt 0 1
vt 2 0
vt 2 1
vt 0 1
vt 1 1
vt 0 0
vt 1 0
vt 1 0
vt 0 1
vt 1 1
vt 0 0
vt 0 0
vt 1 3
vt 1 0
vt 0 3
vt 3 2
vt 3 0
vt 1 2
vt 0 1
vt 1 1
vt 0 0
vt 0 0
vt 1 3
vt 1 0
vt 0 4
vt 3 3
vt 3 4
vt 1 0
vt 0 0
vt 1 1
vt 0 1
vt 1 0
vt 0 0
vt 1 1
vt 0 1
vt 1 0
vt 0 0
vt 1 1
vt 0 1
vt 0 1
vt 1 1
vt 0 0
vt 1 0
vt 2 0
vt 0 0
vt 2 1
vt 0 1
vt 2 0
vt 0 0
vt 2 1
vt 0 1
vt 1 0
vt 0 0
vt 1 1
vt 0 1
vt 0 1
vt 2 1
vt 0 0
vt 2 0
vt 9.179115E-06 2.000005
vt 1.000009 2
vt 0 4.529953E-06
vt 1 0
vt 0 1
vt 1 1
vt 1 0
vt 0 0
vt 2 1
vt 2 0
vt 5.960464E-08 1
vt 5.960464E-08 0
vt 1 0
vt 0 0
vt 1 1
vt 0 1
vt 4.589558E-06 1.000005
vt 1.000005 0.9999999
vt 0 4.559755E-06
vt 1 -5.960464E-08
vt 1 0
vt 0 1
vt 1 1
vt 0 0
vt 1.000005 1
vt 0 4.559755E-06
vt 4.589558E-06 1.000005
vt 1 0
vt 0 4.172325E-06
vt 1.000009 2
vt 1.00001 0
vt 9.179115E-06 2.000004
vt 1 2
vt 2 2
vt 1 1
vt 2 0
vt 5.960464E-08 0
vt 5.960464E-08 1
vt 2.384186E-07 5.960464E-08
vt 0 2
vt 1 1
vt 1 2
vt 3 5.960464E-08
vt 3 1
vt 0.9999999 2
vt 2 0
vt 0.9999999 1
vt 2 2
vt 0 0
vt 0 1
vt 1 0
vt 0 0
vt 1 1
vt 0 1
vt 3 0
vt 0 0
vt 3 2
vt 0 2
vt 0 3
vt 2 3
vt 0 0
vt 2 0
vt 1 1
vt 1 0
vt 0 0
vt 0 1
vt 1 0
vt 0 0
vt 0 1
vt 1 1
vt 2 1
vt 0 2
vt 2 2
vt 1 1
vt 0 0
vt 1 0
vt 2 0
vt 0 0
vt 2 2
vt 0 2
vt 2 0
vt 0 0
vt 2 2
vt 0 2
vt 2 0
vt 0 0
vt 2 2
vt 0 2
vt 0 2
vt 2 2
vt 0 0
vt 2 0
vt 4 0
vt 0 0
vt 4 2
vt 0 2
vt 0 2
vt 1 2
vt 0 0
vt 1 0
vt 0 1
vt 1 1
vt 0 0
vt 1 0
vt 0 1
vt 1 1
vt 1 0
vt 0 0
vt 0 0
vt 2 2
vt 2 0
vt 0 2
vt 1 3
vt 0 0
vt 0 4
vt 1 0
vt 2 3
vt 2 4
vt 3 0
vt 1 2
vt 3 2
vt 1 1
vt 0 1
vt 0 0
vt 1 0
vt 0 1
vt 1 1
vt 0 0
vt 1.000003 5.960464E-08
vt 0 5.960464E-08
vt 1 2
vt 0 2
vt 1 0
vt 0 0
vt 1 2
vt 0 2
vt 2.741814E-06 1.000003
vt 1.000003 1
vt 0 2.741814E-06
vt 1 0
vt 0.9999999 0
vt 0 0
vt 0.9999999 1
vt 0 1
vt 1 0
vt 0 0
vt 1 1
vt 0 1
vt 2 0
vt 5.960464E-08 0
vt 2 1
vt 5.960464E-08 1
vt 2.980232E-08 2
vt 1 2
vt 0 0
vt 1 0
vt 1 0
vt 0 0
vt 1 2
vt 0 2
vt 2 0
vt 0 0
vt 2 2
vt 0 2
vt 1 0
vt 0 0
vt 1 2
vt 0 2
vt 2 1
vt 0 0
vt 0 1
vt 2 0
vt 1 0
vt 0 0
vt 1 1
vt 0 1
vt 1 0
vt 0 0
vt 1 1
vt 0 1
vt 0 0
vt 0 1
vt 1 0
vt 1 1
vt 1 0
vt 0 0
vt 0 1
vt 1 1
vt 1 1
vt 1 0
vt 0 1
vt 0 0
vt 1 0
vt 0 0
vt 1 1
vt 0 1
vt 1 0
vt 0 0
vt 0 1
vt 1 1
vt 0 0
vt 0 1
vt 1 1
vt 1 0
vt 0 1
vt 1 0
vt 0 0
vt 1 1
vt 2 0
vt 0 0
vt 2 1
vt 0 1
vt 1 0
vt 0 0
vt 1 1
vt 0 1
vt 0 1
vt 2 1
vt 0 0
vt 2 0
vt 23 6
vt 25 0
vt 6 0
vt 8 6
vt 28 6
vt 31 0
vt 31 6
vt 31 3
vt 0 0
vt 3 6
vt 0 6
vt 0 3
vt 19 0
vt 0 7
vt 19 7
vt 0 0
vt 1 2
vt 1 3
vt 4 3
vt 4 2
vt 0 0
vt 0 2
vt 5 0
vt 5 2
vt 4 2
vt 4 3
vt 5 2
vt 5 3
vt 1 3
vt 1 2
vt 5 0
vt 0 0
vt 0 2
vt 3 5
vt 0 0
vt 0 5
vt 8 0
vt 3 15
vt 8 15
vt 10 3
vt 10 0
vt 5 0
vt 10 8
vt 0 0
vt 0 8
vt 4 0
vt 0 0
vt 4 6
vt 0 6
vt 13 4
vt 13 0
vt 1 4
vt 1 0
vt 0 10
vt 0 14
vt 6 14
vt 10 14
vt 10 0
vt 0 0
vt 0 7
vt 4 7
vt 4 6
vt 0 6
vt 0 0
vt 0 4
vt 1 0
vt 1 4
vt 0 0
vt 1 4
vt 1 0
vt 0 4
vt 1 4
vt 0 0
vt 0 4
vt 1 0
vt 0 0
vt 3 4
vt 3 0
vt 0 4
vt 4 0
vt 0 0
vt 0 6
vt 4 6
vt 0 4
vt 0 7
vt 4 7
vt 4 0
vt 0 0
vt 0 10
vt 5 10
vt 0 9
vt 5 9
vt 0 9
vt 15 9
vt 0 4
vt 15 0
vt 0 0
vt 5 5
vt 0 9
vt 5 9
vt 0 0
vt 5 0
vt 0 0
vt 15 7
vt 15 0
vt 0 7
vt 0 0
vt 3 7
vt 3 0
vt 0 7
vt 0 0
vt 4 7
vt 4 0
vt 0 7
vt 0 4
vt 4 4
vt 4 0
vt 0 0
vt 0 4
vt 4 4
vt 0 0
vt 4 0
vt 11 0
vt 0 0
vt 11 3
vt 0 7
vt 11 7
vt 0 0
vt 0 7
vt 14 0
vt 14 7
vt 10 7
vt 10 0
vt 0 7
vt 0 0
vt 3 7
vt 3 0
vt 0 3
vt 0 7
vt 0 0
vt 0 1
vt 5 0
vt 0 0
vt 0 4
vt 5 4
vt 5 0
vt 0 0
vt 5 1
vt 0 4
vt 5 4
vt 12 5
vt 0 0
vt 0 5
vt 12 0
vt 1 1
vt 1 0
vt 0 1
vt 0 0
vt 0 3
vt 1 3
vt 6 0
vt 7 3
vt 7 0
vt 0 0
vt 0 1
vt 1 1
vt 7 3
vt 7 0
vt 6 3
vt 1 0
vt 0 0
vt 0 3
vt 1 0
vt 0 0
vt 0 4
vt 1 4
vt 0 4
vt 1 4
vt 1 0
vt 0 0
vt 0 5
vt 13 5
vt 0 0
vt 13 0
vt 0 5
vt 22 5
vt 22 0
vt 0 0
vt 1 4
vt 1 0
vt 0 4
vt 0 0
vt 1 0
vt 0 4
vt 1 4
vt 0 0
vt 2 0
vt 0 0
vt 2 4
vt 0 4
vt 2 5
vt 0 5
vt 0 0
vt 0 1
vt 4 1
vt 4 0
vt 0 4
vt 2 4
vt 2 0
vt 0 0
vt 0 5
vt 2 5
vt 4 0
vt 0 0
vt 0 1
vt 4 1
vt 0 0
vt 6 1
vt 6 0
vt 0 1
vt 0 0
vt 1 6
vt 1 0
vt 0 6
vt 0 0
vt 1 5
vt 1 0
vt 0 5
vt 0 0
vt 0 5
vt 1 5
vt 1 0
vt 1 5
vt 1 4
vt 0 5
vt 1 0
vt 0 0
vt 3 0
vt 0 0
vt 0 4
vt 3 5
vt 0 5
vt 1 0
vt 0 0
vt 1 4
vt 0 5
vt 1 5
vt 4 1
vt 0 0
vt 0 1
vt 4 0
vt 1 5
vt 1 0
vt 0 4
vt 0 5
vt 0 0
vt 1 5
vt 0 0
vt 0 5
vt 1 0
vt 0 1
vt 4 1
vt 4 0
vt 0 0
vt 1 4
vt 0 0
vt 0 4
vt 1 0
vt 0 1
vt 8 0
vt 0 0
vt 8 1
vt 0 0
vt 0 4
vt 1 4
vt 1 0
vt 0 1
vt 8 0
vt 0 0
vt 8 1
vt 0 0
vt 2 5
vt 2 0
vt 0 5
vt 0 0
vt 13 5
vt 13 0
vt 0 5
vt 0 0
vt 2 5
vt 2 0
vt 0 5
vt 0 0
vt 13 5
vt 13 0
vt 0 5
vt 0 0
vt 2 5
vt 2 0
vt 0 5
vt 1 5
vt 0 0
vt 0 5
vt 1 0
vt 25 5
vt 0 0
vt 0 5
vt 25 0
vt 1 5
vt 0 0
vt 0 5
vt 1 0
vt 1 5
vt 1 0
vt 0 0
vt 0 5
vt 0 0
vt 0 5
vt 14 0
vt 14 5
vt 0 0
vt 10 5
vt 10 0
vt 0 5
vt 4 0
vt 0 6
vt 4 6
vt 0 0
vt 4 0
vt 0 2
vt 4 2
vt 0 0
vt 11 4
vt 13 4
vt 13 0
vt 2 0
vt 1 4
vt 0 0
vt 0 4
vt 11 16
vt 18 16
vt 27 0
vt 27 16
vt 0 16
vt 0 0
vt 17 46
vt 28 0
vt 17 0
vt 28 52
vt 0 46
vt 0 52
vt 0 0
vt 4 4
vt 4 -2.384186E-07
vt 0 4
vt 0 0
vt 2 4
vt 2 0
vt 0 4
vt 0 0
vt 3 4
vt 3 0
vt 0 4
vt 0 0
vt 2 4
vt 2 0
vt 0 4
vt 0 7
vt 4 7
vt 0 4
vt 4 4
vt 0 0
vt 4 0
vt 2 4
vt 0 0
vt 0 4
vt 2 0
vt 2 4
vt 0 0
vt 0 4
vt 2 0
vt 7 4
vt 0 0
vt 0 4
vt 7 0
vt 20 4
vt 0 0
vt 0 4
vt 20 0
vt 0 0
vt 26 8
vt 26 0
vt 0 8
vt 0 2
vt 0 10
vt 7 0
vt 0 0
vt 7 10
vt 4 0
vt 0 8
vt 4 8
vt 0 0
vt 4 0
vt 0 4
vt 4 4
vt 0 0
vt 0 0
vt 1 4
vt 1 0
vt 0 4
vt 0 0
vt 4 4
vt 4 0
vt 0 4
vt 0 6
vt 4 0
vt 0 0
vt 4 6
vt 4 0
vt 0 6
vt 4 6
vt 0 0
vt 0 0
vt 4 4
vt 5 4
vt 9 0
vt 0 5
vt 4 5
vt 5 10
vt 9 10
vt 0 0
vt 0 6
vt 4 6
vt 4 0
vt 4 0
vt 0 3
vt 4 3
vt 0 0
vt 0 3
vt 4 0
vt 0 0
vt 4 3
vt 0 0
vt 0 8
vt 3 0
vt 7 0
vt 7 4
vt 7 8
vt 11 6
vt 0 0
vt 0 6
vt 11 0
vt 0 5.015625
vt 4 0
vt 0 0
vt 4 5.015625
vt 0 7
vt 10 11
vt 6 7
vt 0 11
vt 10 0
vt 6 0
vt 0 0
vt 10 4
vt 10 0
vt 10 9
vt 0 9
vt 11 10
vt 11 0
vt 9 10
vt 0 0
vt 0 43
vt 9 23
vt 11 23
vt 11 37
vt 11 43
vt 0 6
vt 5 0
vt 0 0
vt 5 6
vt 0 2
vt 5 0
vt 0 0
vt 5 2
vt 5 0
vt 0 2
vt 5 2
vt 0 0
vt 5 0
vt 0 0
vt 5 1
vt 0 1
vt 0 12
vt 7 0
vt 2 0
vt 13 12
vt 13 0
vt 8 0
vt 0 0
vt 3 3
vt 0 0
vt 0 3
vt 3 0
vt 6 3
vt 0 0
vt 0 3
vt 6 0
vt 6 3
vt 0 0
vt 0 3
vt 6 0
vt 7 3
vt 0 0
vt 0 3
vt 7 0
vt 19 3
vt 0 0
vt 0 3
vt 19 0
vt 7 3
vt 0 0
vt 0 3
vt 7 0
vt 6 3
vt 0 0
vt 0 3
vt 6 0
vt 6 3
vt 0 0
vt 0 3
vt 6 0
vt 3 3
vt 0 0
vt 0 3
vt 3 0
vt 2 0
vt 0 0
vt 2 3
vt 0 3
vt 11 3
vt 0 0
vt 0 3
vt 11 0
vt 2 3
vt 0 0
vt 0 3
vt 2 0
vt 11 3
vt 0 0
vt 0 3
vt 11 0
vt 15 3
vt 0 0
vt 0 3
vt 15 0
vt 14 0
vt 0 0
vt 14 3
vt 0 3
vt 0 0
vt 3 3
vt 3 0
vt 0 3
vt 0 0
vt 5 3
vt 5 0
vt 0 3
vt 0 0
vt 3 3
vt 3 0
vt 0 3
vt 0 0
vt 2 3
vt 2 0
vt 0 3
vt 0 0
vt 1 3
vt 1 0
vt 0 3
vt 0 0
vt 1 3
vt 1 0
vt 0 3
vt 0 0
vt 1 3
vt 1 0
vt 0 3
vt 0 0
vt 1 3
vt 1 0
vt 0 3
vt 0 0
vt 2 3
vt 2 0
vt 0 3
vt 0 0
vt 16 3
vt 16 0
vt 0 3
vt 0 0
vt 16 3
vt 16 0
vt 0 3
vt 0 0
vt 15 3
vt 15 0
vt 0 3
vt 0 0
vt 0 3
vt 1 0
vt 1 3
vt 1 3
vt 1 0
vt 0 3
vt 0 0
vt 0 0
vt 0 3
vt 14 0
vt 14 3
vt 1 3
vt 1 0
vt 0 0
vt 0 3
vt 0 0
vt 0 3
vt 1 0
vt 1 3
vt 0 0
vt 1 3
vt 1 0
vt 0 3
vt 0 0
vt 1 3
vt 1 0
vt 0 3
vt 0 0
vt 14 3
vt 14 0
vt 0 3
vt 0 0
vt 1 3
vt 1 0
vt 0 3
vt 0 0
vt 1 3
vt 1 0
vt 0 3
vt 26 7
vt 0 0
vt 0 7
vt 26 0
vt 4 7
vt 0 0
vt 0 7
vt 4 0
vt 0 0
vt 0 7
vt 2 0
vt 2 7
vt 9 7
vt 9 0
vt 1 0
vt 1 7
vt 6 1
vt 0 0
vt 0 1
vt 6 0
vt 0 0
vt 0 4
vt 6 0
vt 6 4
vt 0 4
vt 0 7
vt 1 7
vt 0 0
vt 1 0
vt 0 7
vt 6 7
vt 0 6
vt 6 6
vt 6 0
vt 0 0
vt 6 4
vt 0 4
vt 0 7
vt 2 7
vt 0 6
vt 2 6
vt 2 4
vt 0 4
vt 2 0
vt 0 0
vt 2 7
vt 3 7
vt 3 6
vt 3 4
vt 2 0
vt 3 0
vt 6 0
vt 0 1
vt 6 1
vt 0 0
vt 6 0
vt 0 1
vt 6 1
vt 0 0
vt 0 7
vt 2 7
vt 2 4
vt 2 0
vt 0 0
vt 2 0
vt 0 0
vt 0 4
vt 0 7
vt 2 7
vt 3 7
vt 0 0
vt 0 7
vt 3 0
vt 8 7
vt 0 0
vt 0 7
vt 8 0
vt 7 7
vt 0 0
vt 0 7
vt 7 0
vt 4 7
vt 0 0
vt 0 7
vt 4 0
vt 4 3
vt 0 0
vt 0 3
vt 4 0
vt 4 0
vt 0 1
vt 4 1
vt 0 0
vt 0 7
vt 15 7
vt 0 4
vt 15 0
vt 0 0
vt 5 4
vt 0 0
vt 0 4
vt 5 0
vt 0 7
vt 9 7
vt 9 0
vt 0 0
vt 0 0
vt 0 7
vt 9 0
vt 9 7
vt 0 0
vt 0 3
vt 1 0
vt 1 3
vt 1 3
vt 1 0
vt 0 3
vt 0 0
vt 5 1
vt 5 0
vt 0 1
vt 0 0
vt 0 7
vt 1 7
vt 0 0
vt 1 4
vt 1 0
vt 0 7
vt 4 7
vt 4 0
vt 0 0
vt 0 0
vt 2 1
vt 2 0
vt 0 1
vt 1 0
vt 0 1
vt 1 1
vt 0 0
vt 0 0
vt 7 1
vt 7 0
vt 0 1
vt 1 0
vt 0 3
vt 1 3
vt 0 0
vt 0 3
vt 2 3
vt 2 0
vt 0 0
vt 1 3
vt 0 0
vt 0 3
vt 1 0
vt 9 3
vt 0 0
vt 2 3
vt 9 0
vt 2 4
vt 0 4
vt 9 4
vt 7 3
vt 7 4
vt 9 0
vt 0 0
vt 0 3
vt 15 0
vt 0 0
vt 15 3
vt 0 3
vt 5 0
vt 0 0
vt 5 3
vt 0 3
vt 10 3
vt 10 0
vt 1 0
vt 1 3
vt 0 0
vt 0 3
vt 24 0
vt 24 3
vt 0 3
vt 9 3
vt 0 0
vt 9 0
vt 0 0
vt 0 3
vt 1 0
vt 1 3
vt 10 3
vt 10 0
vt 9 0
vt 9 3
vt 0 0
vt 1 3
vt 1 0
vt 0 3
vt 0 0
vt 1 3
vt 1 0
vt 0 3
vt 5 1
vt 0 0
vt 0 1
vt 5 0
vt 5 1
vt 0 0
vt 0 1
vt 5 0
vt 4 3
vt 0 0
vt 0 3
vt 4 0
vt 6 3
vt 0 0
vt 0 3
vt 6 0
vt 0 0
vt 2 3
vt 2 0
vt 0 3
vt 0 0
vt 1 3
vt 1 0
vt 0 3
vt 15 7
vt 15 4
vt 14 7
vt 15 0
vt 14 0
vt 0 0
vt 0 4
vt 1 0
vt 0 7
vt 1 7
vt 0 0
vt 1 3
vt 1 0
vt 0 3
vt 16 3
vt 0 0
vt 0 3
vt 16 0
vt 0 0
vt 5 3
vt 5 0
vt 0 3
vt 5 3
vt 0 0
vt 0 3
vt 5 0
vt 0 0
vt 1 12
vt 1 0
vt 0 12
vt 0 0
vt 2 3
vt 2 0
vt 0 3
vt 0 0
vt 1 3
vt 1 0
vt 0 3
vt 0 0
vt 1 3
vt 1 0
vt 0 3
vt 0 0
vt 1 3
vt 1 0
vt 0 3
vt 0 0
vt 1 3
vt 1 0
vt 0 3
vt 0 0
vt 1 3
vt 1 0
vt 0 3
vt 0 0
vt 1 3
vt 1 0
vt 0 3
vt 0 0
vt 2 3
vt 2 0
vt 0 3
vt 0 0
vt 1 3
vt 1 0
vt 0 3
vt 21 3
vt 21 0
vt 0 0
vt 0 3
vt 30 3
vt 0 0
vt 0 3
vt 30 0
vt 5 3
vt 0 0
vt 0 3
vt 5 0
vt 1 3
vt 0 0
vt 0 3
vt 1 0
vt 1 3
vt 0 0
vt 0 3
vt 1 0
vt 0 0
vt 1 3
vt 1 0
vt 0 3
vt 0 0
vt 31 3
vt 31 0
vt 0 3
vt 0 0
vt 1 3
vt 1 0
vt 0 3
vt 1 3
vt 0 0
vt 0 3
vt 1 0
vt 19 3
vt 0 0
vt 0 3
vt 19 0
vt 5 3
vt 0 0
vt 0 3
vt 5 0
vt 1 3
vt 0 0
vt 0 3
vt 1 0
vt 1 3
vt 0 0
vt 0 3
vt 1 0
vt 1 3
vt 0 0
vt 0 3
vt 1 0
vt 13 3
vt 0 0
vt 0 3
vt 13 0
vt 7 3
vt 0 0
vt 0 3
vt 7 0
vt 6 3
vt 0 0
vt 0 3
vt 6 0
vt 0 0
vt 0 3
vt 4 0
vt 4 3
vt 0 0
vt 1 3
vt 1 0
vt 0 3
vt 0 0
vt 15 3
vt 15 0
vt 0 3
vt 0 0
vt 1 3
vt 1 0
vt 0 3
vt 0 0
vt 1 3
vt 1 0
vt 0 3
vt 0 0
vt 10 3
vt 10 0
vt 0 3
vt 0 0
vt 5 3
vt 5 0
vt 0 3
vt 0 0
vt 9 3
vt 9 0
vt 0 3
vt 2 3
vt 0 0
vt 0 3
vt 2 0
vt 1 3
vt 0 0
vt 0 3
vt 1 0
vt 1 3
vt 0 0
vt 0 3
vt 1 0
vt 2 3
vt 0 0
vt 0 3
vt 2 0
vt 2 3
vt 0 0
vt 0 3
vt 2 0
vt 1 3
vt 0 0
vt 0 3
vt 1 0
vt 1 3
vt 0 0
vt 0 3
vt 1 0
vt 6 3
vt 0 0
vt 0 3
vt 6 0
vt 8 3
vt 0 0
vt 0 3
vt 8 0
vt 13 3
vt 0 0
vt 0 3
vt 13 0
vt 10 3
vt 0 0
vt 0 3
vt 10 0
vt 11 3
vt 11 0
vt 0 0
vt 0 3
vt 0 0
vt 0 3
vt 2 0
vt 2 3
vt 15 0
vt 0 0
vt 15 3
vt 0 3
vt 8 3
vt 0 0
vt 0 3
vt 8 0
vt 3 3
vt 0 0
vt 0 3
vt 3 0
vt 1 3
vt 0 0
vt 0 3
vt 1 0
vt 1 3
vt 0 0
vt 0 3
vt 1 0
vt 1 3
vt 0 0
vt 0 3
vt 1 0
vt 2 3
vt 0 0
vt 0 3
vt 2 0
vt 2 3
vt 0 0
vt 0 3
vt 2 0
vt 1 3
vt 0 0
vt 0 3
vt 1 0
vt 1 3
vt 0 0
vt 0 3
vt 1 0
vt 3 3
vt 0 0
vt 0 3
vt 3 0
vt 18 3
vt 0 0
vt 0 3
vt 18 0
vt 0 0
vt 4 3
vt 4 0
vt 0 3
vt 0 0
vt 10 3
vt 10 0
vt 0 3
vt 0 0
vt 3 3
vt 3 0
vt 0 3
vt 0 0
vt 0 3
vt 6 3
vt 6 0
vt 21 3
vt 21 0
vt 1 3
vt 1 0
vt 0 0
vt 0 3
vt 12 0
vt 12 3
vt 19 3
vt 19 0
vt 1 0
vt 1 3
vt 7 3
vt 7 0
vt 6 0
vt 6 3
vt 0 0
vt 0 3
vt 1 0
vt 1 3
vt 13 3
vt 13 0
vt 12 0
vt 12 3
vt 0 0
vt 0 3
vt 1 0
vt 1 3
vt 0 0
vt 1 3
vt 1 0
vt 0 3
vt 0 0
vt 1 3
vt 1 0
vt 0 3
vt 4 1
vt 0 0
vt 0 1
vt 4 0
vt 1 3
vt 0 0
vt 0 3
vt 1 0
vt 0 0
vt 1 3
vt 1 0
vt 0 3
vt 0 4
vt 1 0
vt 0 0
vt 1 4
vt 4 1
vt 0 0
vt 0 1
vt 4 0
vt 12.72792 9
vt 16.26346 9
vt 12.72792 5
vt 16.26346 5
vt 0 9
vt 1 9
vt 1 5
vt 0 5
vt 9.899495 9
vt 13.43503 9
vt 13.43503 8
vt 9.899495 8
vt 13.43503 9
vt 12.02081 9
vt 13.43503 8
vt 12.02081 5
vt 13.43503 5
vt 5.656854 9
vt 8.485281 9
vt 5.656854 8
vt 8.485281 8
vt 9.899495 9
vt 9.899495 8
vt 9.899495 5
vt 8.485281 5
vt 0 9
vt 0 5
vt 5.656854 5
vt 0 9
vt 2 9
vt 2 6
vt 0 6
vt 0 4
vt 2 4
vt 2 1
vt 2 0
vt 0 0
vt 0 9
vt 10 9
vt 8 6
vt 10 6
vt 0 6
vt 16.26346 4
vt 12.72792 4
vt 12.72792 5
vt 16.26346 5
vt 0 0
vt 1 4
vt 1 0
vt 0 5
vt 1 5
vt 12.02081 0
vt 13.43503 0
vt 13.43503 5
vt 12.02081 5
vt 13.43503 0
vt 9.899495 0
vt 9.899495 5
vt 13.43503 5
vt 9.899495 0
vt 8.485281 0
vt 8.485281 5
vt 9.899495 5
vt 5.656854 0
vt 5.656854 5
vt 0 0
vt 0 5
vt 0 4
vt 1 0
vt 0 0
vt 1 4
vt 0 4
vt 0 5
vt 2 5
vt 0 0
vt 2 0
vt 2 6
vt 0 5
vt 0 6
vt 0 0
vt 2 4
vt 2 0
vt 10 6
vt 10 4
vt 8 4
vt 8 6
vt 10 0
vt 0 0
vt 0 4
vt 0 0
vt 1 8
vt 1 0
vt 0 8
vt 1 0
vt 0 2
vt 1 2
vt 0 0
vt 1 0
vt 0 2
vt 1 2
vt 0 0
vt 7 4
vt 7 0
vt 5 1
vt 6 4
vt 0 1
vt 0 4
vt 0 0
vt 0 4
vt 7 1
vt 7 4
vt 3 4
vt 0 0
vt 0 4
vt 3 0
vt 3 4
vt 0 0
vt 0 4
vt 3 0
vt 0 0
vt 3 5
vt 3 0
vt 0 5
vt 0 0
vt 3 5
vt 3 0
vt 0 5
vt 27 9
vt 0 0
vt 0 9
vt 27 0
vt 16 9
vt 0 0
vt 0 9
vt 16 0
vt 2 9
vt 0 0
vt 0 9
vt 2 0
vt 8 5
vt 0 0
vt 0 5
vt 8 0
vt 0 9
vt 2 9
vt 0 0
vt 2 4
vt 2 0
vt 0 0
vt 0 9
vt 3 0
vt 3 9
vt 0 7
vt 5 7
vt 5 6
vt 0 6
vt 5 6
vt 5 0
vt 0 6
vt 0 0
vt 1 0
vt 0 0
vt 1 4
vt 0 4
vt 1 4
vt 0 0
vt 0 4
vt 1 0
vt 6 0
vt 0 1
vt 6 1
vt 0 0
vt 1 0
vt 0 2
vt 1 2
vt 0 0
vt 1 0
vt 0 2
vt 1 2
vt 0 0
vt 0 1
vt 6 0
vt 0 0
vt 6 1
vt 0 2
vt 1 0
vt 0 0
vt 1 2
vt 1 0
vt 0 2
vt 1 2
vt 0 0
vt 0 8
vt 2 8
vt 0 4
vt 2 0
vt 0 0
vt 0 0
vt 0 4
vt 6 0
vt 6 4
vt 0 8
vt 2 8
vt 2 4
vt 0 0
vt 2 0
vt 0 6
vt 0 8
vt 6 8
vt 6 6
vt 0 6
vt 6 0
vt 0 0
vt 0 4
vt 6 4
vt 0 8
vt 6 8
vt 0 6
vt 6 6
vt 6 0
vt 0 0
vt 0 4
vt 6 4
vt 0 8
vt 2 8
vt 0 6
vt 2 6
vt 2 4
vt 2 0
vt 0 4
vt 0 0
vt 6 6
vt 0 8
vt 6 8
vt 0 0
vt 6 4
vt 6 0
vt 3 0
vt 0 0
vt 0 4
vt 3 6
vt 0 6
vt 3 8
vt 0 9
vt 3 9
vt 0 6
vt 3 6
vt 3 4
vt 0 0
vt 0 4
vt 3 0
vt 0 0
vt 0 4
vt 1 0
vt 1 4
vt 0 0
vt 0 4
vt 1 0
vt 1 4
vt 0 0
vt 4 5
vt 4 0
vt 0 5
vt 0 0
vt 3 5
vt 3 0
vt 0 5
vt 9 0
vt 0 0
vt 9 9
vt 0 4
vt 0 9
vt 0 0
vt 1 3
vt 1 0
vt 0 3
vt 1 12
vt 0 0
vt 0 12
vt 1 0
vt 0 3
vt 1 0
vt 0 0
vt 1 3
vt 3 8
vt 15 9
vt 15 8
vt 3 9
vt 0 9
vt 3 0
vt 0 0
vt 16 0
vt 3 5
vt 16 9
vt 15 5
vt 0 1
vt 4 0
vt 0 0
vt 4 1
vt 1 0
vt 0 0
vt 1 7
vt 0 4
vt 0 7
vt 8 4
vt 8 0
vt 0 4
vt 0 0
vt 1 6
vt 0 7
vt 1 7
vt 0 0
vt 1 0
vt 9 7
vt 9 0
vt 0 7
vt 0 0
vt 0 0
vt 4 7
vt 4 0
vt 0 7
vt 0 0
vt 6 7
vt 6 0
vt 0 7
vt 0 0
vt 1 7
vt 1 0
vt 0 7
vt 8 7
vt 8 0
vt 0 7
vt 0 0
vt 0 4
vt 12 4
vt 0 0
vt 0 7
vt 12 7
vt 12 0
vt 8 1
vt 0 0
vt 0 1
vt 8 0
vt 1 8
vt 0 0
vt 0 8
vt 1 0
vt 0 0
vt 4 3
vt 4 0
vt 0 3
vt 0 0
vt 4 1
vt 4 0
vt 0 1
vt 0 6
vt 0 8
vt 24 8
vt 24 0
vt 0 4
vt 0 0
vt 1 10
vt 0 0
vt 0 10
vt 1 0
vt 0 0
vt 0 4
vt 1 0
vt 1 4
vt 1 6
vt 1 0
vt 0 6
vt 0 0
vt 1 4
vt 1 0
vt 0 4
vt 0 0
vt 8 0
vt 4 0
vt 4 5
vt 8 5
vt 28 0
vt 28 5
vt 0 0
vt 0 5
vt 6 4
vt 0 0
vt 0 4
vt 6 0
vt 0 4
vt 0 8
vt 2 0
vt 2 8
vt 0 0
vt 0 8
vt 2 8
vt 0 0
vt 2 4
vt 2 0
vt 0 0
vt 0 4
vt 6 0
vt 6 4
vt 4 9
vt 8 9
vt 8 8
vt 4 8
vt 0 8
vt 0 9
vt 4 5
vt 0 5
vt 28 9
vt 28 5
vt 8 5
vt 0.3999977 0
vt 0 0
vt 0.3999977 0.09999943
vt 0 0.09999943
vt 0.3999996 0
vt 0 0
vt 0.3999996 0.09999943
vt 0 0.09999943
vt 0.3999977 0
vt 0 0
vt 0.3999977 0.09999943
vt 0 0.09999943
vt 0.3999996 0
vt 0 0
vt 0.3999996 0.09999943
vt 0 0.09999943
vt 0 0.3999996
vt 0.3999977 0.3999996
vt 0 0
vt 0.3999977 0
vt 0.3999977 0
vt 0 0
vt 0.3999977 0.3999996
vt 0 0.3999996
vt 0.3999977 0
vt 0 0
vt 0.3999977 0.09999943
vt 0 0.09999943
vt 0.3999996 0
vt 0 0
vt 0.3999996 0.09999943
vt 0 0.09999943
vt 0.3999977 0
vt 0 0
vt 0.3999977 0.09999943
vt 0 0.09999943
vt 0.3999996 0
vt 0 0
vt 0.3999996 0.09999943
vt 0 0.09999943
vt 0 0.3999996
vt 0.3999977 0.3999996
vt 0 0
vt 0.3999977 0
vt 0.3999977 0
vt 0 0
vt 0.3999977 0.3999996
vt 0 0.3999996
vt 0.3999977 0
vt 0 0
vt 0.3999977 0.09999943
vt 0 0.09999943
vt 0.3999996 0
vt 0 0
vt 0.3999996 0.09999943
vt 0 0.09999943
vt 0.3999977 0
vt 0 0
vt 0.3999977 0.09999943
vt 0 0.09999943
vt 0.3999996 0
vt 0 0
vt 0.3999996 0.09999943
vt 0 0.09999943
vt 0 0.3999996
vt 0.3999977 0.3999996
vt 0 0
vt 0.3999977 0
vt 0.3999977 0
vt 0 0
vt 0.3999977 0.3999996
vt 0 0.3999996
vt 0.3999977 0
vt 0 0
vt 0.3999977 0.09999943
vt 0 0.09999943
vt 0.3999996 0
vt 0 0
vt 0.3999996 0.09999943
vt 0 0.09999943
vt 0.3999977 0
vt 0 0
vt 0.3999977 0.09999943
vt 0 0.09999943
vt 0.3999996 0
vt 0 0
vt 0.3999996 0.09999943
vt 0 0.09999943
vt 0 0.3999996
vt 0.3999977 0.3999996
vt 0 0
vt 0.3999977 0
vt 0.3999977 0
vt 0 0
vt 0.3999977 0.3999996
vt 0 0.3999996
vt 0.3999977 0
vt 0 0
vt 0.3999977 0.09999943
vt 0 0.09999943
vt 0.3999996 0
vt 0 0
vt 0.3999996 0.09999943
vt 0 0.09999943
vt 0.3999977 0
vt 0 0
vt 0.3999977 0.09999943
vt 0 0.09999943
vt 0.3999996 0
vt 0 0
vt 0.3999996 0.09999943
vt 0 0.09999943
vt 0 0.3999996
vt 0.3999977 0.3999996
vt 0 0
vt 0.3999977 0
vt 0.3999977 0
vt 0 0
vt 0.3999977 0.3999996
vt 0 0.3999996
vt 0.3999977 0
vt 0 0
vt 0.3999977 0.09999943
vt 0 0.09999943
vt 0.3999996 0
vt 0 0
vt 0.3999996 0.09999943
vt 0 0.09999943
vt 0.3999977 0
vt 0 0
vt 0.3999977 0.09999943
vt 0 0.09999943
vt 0.3999996 0
vt 0 0
vt 0.3999996 0.09999943
vt 0 0.09999943
vt 0 0.3999996
vt 0.3999977 0.3999996
vt 0 0
vt 0.3999977 0
vt 0.3999977 0
vt 0 0
vt 0.3999977 0.3999996
vt 0 0.3999996
vt 0.3999977 0
vt 0 0
vt 0.3999977 0.09999943
vt 0 0.09999943
vt 0.3999996 0
vt 0 0
vt 0.3999996 0.09999943
vt 0 0.09999943
vt 0.3999977 0
vt 0 0
vt 0.3999977 0.09999943
vt 0 0.09999943
vt 0.3999996 0
vt 0 0
vt 0.3999996 0.09999943
vt 0 0.09999943
vt 0 0.3999996
vt 0.3999977 0.3999996
vt 0 0
vt 0.3999977 0
vt 0.3999977 0
vt 0 0
vt 0.3999977 0.3999996
vt 0 0.3999996
vt 0.3999977 0
vt 0 0
vt 0.3999977 0.09999943
vt 0 0.09999943
vt 0.3999996 0
vt 0 0
vt 0.3999996 0.09999943
vt 0 0.09999943
vt 0.3999977 0
vt 0 0
vt 0.3999977 0.09999943
vt 0 0.09999943
vt 0.3999996 0
vt 0 0
vt 0.3999996 0.09999943
vt 0 0.09999943
vt 0 0.3999996
vt 0.3999977 0.3999996
vt 0 0
vt 0.3999977 0
vt 0.3999977 0
vt 0 0
vt 0.3999977 0.3999996
vt 0 0.3999996
vt 0.3999977 0
vt 0 0
vt 0.3999977 0.09999943
vt 0 0.09999943
vt 0.3999996 0
vt 0 0
vt 0.3999996 0.09999943
vt 0 0.09999943
vt 0.3999977 0
vt 0 0
vt 0.3999977 0.09999943
vt 0 0.09999943
vt 0.3999996 0
vt 0 0
vt 0.3999996 0.09999943
vt 0 0.09999943
vt 0 0.3999996
vt 0.3999977 0.3999996
vt 0 0
vt 0.3999977 0
vt 0.3999977 0
vt 0 0
vt 0.3999977 0.3999996
vt 0 0.3999996
vt 0.3999977 0
vt 0 0
vt 0.3999977 0.09999943
vt 0 0.09999943
vt 0.3999996 0
vt 0 0
vt 0.3999996 0.09999943
vt 0 0.09999943
vt 0.3999977 0
vt 0 0
vt 0.3999977 0.09999943
vt 0 0.09999943
vt 0.3999996 0
vt 0 0
vt 0.3999996 0.09999943
vt 0 0.09999943
vt 0 0.3999996
vt 0.3999977 0.3999996
vt 0 0
vt 0.3999977 0
vt 0.3999977 0
vt 0 0
vt 0.3999977 0.3999996
vt 0 0.3999996
vt 0.3999977 0
vt 0 0
vt 0.3999977 0.09999943
vt 0 0.09999943
vt 0.3999996 0
vt 0 0
vt 0.3999996 0.09999943
vt 0 0.09999943
vt 0.3999977 0
vt 0 0
vt 0.3999977 0.09999943
vt 0 0.09999943
vt 0.3999996 0
vt 0 0
vt 0.3999996 0.09999943
vt 0 0.09999943
vt 0 0.3999996
vt 0.3999977 0.3999996
vt 0 0
vt 0.3999977 0
vt 0.3999977 0
vt 0 0
vt 0.3999977 0.3999996
vt 0 0.3999996
vt 0.3999977 0
vt 0 0
vt 0.3999977 0.09999943
vt 0 0.09999943
vt 0.3999996 0
vt 0 0
vt 0.3999996 0.09999943
vt 0 0.09999943
vt 0.3999977 0
vt 0 0
vt 0.3999977 0.09999943
vt 0 0.09999943
vt 0.3999996 0
vt 0 0
vt 0.3999996 0.09999943
vt 0 0.09999943
vt 0 0.3999996
vt 0.3999977 0.3999996
vt 0 0
vt 0.3999977 0
vt 0.3999977 0
vt 0 0
vt 0.3999977 0.3999996
vt 0 0.3999996
vt 0.3999977 0
vt 0 0
vt 0.3999977 0.09999943
vt 0 0.09999943
vt 0.3999996 0
vt 0 0
vt 0.3999996 0.09999943
vt 0 0.09999943
vt 0.3999977 0
vt 0 0
vt 0.3999977 0.09999943
vt 0 0.09999943
vt 0.3999996 0
vt 0 0
vt 0.3999996 0.09999943
vt 0 0.09999943
vt 0 0.3999996
vt 0.3999977 0.3999996
vt 0 0
vt 0.3999977 0
vt 0.3999977 0
vt 0 0
vt 0.3999977 0.3999996
vt 0 0.3999996
vt 0.3999977 0
vt 0 0
vt 0.3999977 0.09999943
vt 0 0.09999943
vt 0.3999996 0
vt 0 0
vt 0.3999996 0.09999943
vt 0 0.09999943
vt 0.3999977 0
vt 0 0
vt 0.3999977 0.09999943
vt 0 0.09999943
vt 0.3999996 0
vt 0 0
vt 0.3999996 0.09999943
vt 0 0.09999943
vt 0 0.3999996
vt 0.3999977 0.3999996
vt 0 0
vt 0.3999977 0
vt 0.3999977 0
vt 0 0
vt 0.3999977 0.3999996
vt 0 0.3999996
vt 0.3999977 0
vt 0 0
vt 0.3999977 0.09999943
vt 0 0.09999943
vt 0.3999996 0
vt 0 0
vt 0.3999996 0.09999943
vt 0 0.09999943
vt 0.3999977 0
vt 0 0
vt 0.3999977 0.09999943
vt 0 0.09999943
vt 0.3999996 0
vt 0 0
vt 0.3999996 0.09999943
vt 0 0.09999943
vt 0 0.3999996
vt 0.3999977 0.3999996
vt 0 0
vt 0.3999977 0
vt 0.3999977 0
vt 0 0
vt 0.3999977 0.3999996
vt 0 0.3999996
vt 0.3999977 0
vt 0 0
vt 0.3999977 0.09999943
vt 0 0.09999943
vt 0.3999996 0
vt 0 0
vt 0.3999996 0.09999943
vt 0 0.09999943
vt 0.3999977 0
vt 0 0
vt 0.3999977 0.09999943
vt 0 0.09999943
vt 0.3999996 0
vt 0 0
vt 0.3999996 0.09999943
vt 0 0.09999943
vt 0 0.3999996
vt 0.3999977 0.3999996
vt 0 0
vt 0.3999977 0
vt 0.3999977 0
vt 0 0
vt 0.3999977 0.3999996
vt 0 0.3999996
vt 0.3999977 0
vt 0 0
vt 0.3999977 0.09999943
vt 0 0.09999943
vt 0.3999996 0
vt 0 0
vt 0.3999996 0.09999943
vt 0 0.09999943
vt 0.3999977 0
vt 0 0
vt 0.3999977 0.09999943
vt 0 0.09999943
vt 0.3999996 0
vt 0 0
vt 0.3999996 0.09999943
vt 0 0.09999943
vt 0 0.3999996
vt 0.3999977 0.3999996
vt 0 0
vt 0.3999977 0
vt 0.3999977 0
vt 0 0
vt 0.3999977 0.3999996
vt 0 0.3999996
vt 0.3999977 0
vt 0 0
vt 0.3999977 0.09999943
vt 0 0.09999943
vt 0.3999996 0
vt 0 0
vt 0.3999996 0.09999943
vt 0 0.09999943
vt 0.3999977 0
vt 0 0
vt 0.3999977 0.09999943
vt 0 0.09999943
vt 0.3999996 0
vt 0 0
vt 0.3999996 0.09999943
vt 0 0.09999943
vt 0 0.3999996
vt 0.3999977 0.3999996
vt 0 0
vt 0.3999977 0
vt 0.3999977 0
vt 0 0
vt 0.3999977 0.3999996
vt 0 0.3999996
vt 0.3999977 0
vt 0 0
vt 0.3999977 0.09999943
vt 0 0.09999943
vt 0.3999996 0
vt 0 0
vt 0.3999996 0.09999943
vt 0 0.09999943
vt 0.3999977 0
vt 0 0
vt 0.3999977 0.09999943
vt 0 0.09999943
vt 0.3999996 0
vt 0 0
vt 0.3999996 0.09999943
vt 0 0.09999943
vt 0 0.3999996
vt 0.3999977 0.3999996
vt 0 0
vt 0.3999977 0
vt 0.3999977 0
vt 0 0
vt 0.3999977 0.3999996
vt 0 0.3999996
vt 0.3999977 0
vt 0 0
vt 0.3999977 0.09999943
vt 0 0.09999943
vt 0.3999996 0
vt 0 0
vt 0.3999996 0.09999943
vt 0 0.09999943
vt 0.3999977 0
vt 0 0
vt 0.3999977 0.09999943
vt 0 0.09999943
vt 0.3999996 0
vt 0 0
vt 0.3999996 0.09999943
vt 0 0.09999943
vt 0 0.3999996
vt 0.3999977 0.3999996
vt 0 0
vt 0.3999977 0
vt 0.3999977 0
vt 0 0
vt 0.3999977 0.3999996
vt 0 0.3999996
vt 0.3999977 0
vt 0 0
vt 0.3999977 0.09999943
vt 0 0.09999943
vt 0.3999996 0
vt 0 0
vt 0.3999996 0.09999943
vt 0 0.09999943
vt 0.3999977 0
vt 0 0
vt 0.3999977 0.09999943
vt 0 0.09999943
vt 0.3999996 0
vt 0 0
vt 0.3999996 0.09999943
vt 0 0.09999943
vt 0 0.3999996
vt 0.3999977 0.3999996
vt 0 0
vt 0.3999977 0
vt 0.3999977 0
vt 0 0
vt 0.3999977 0.3999996
vt 0 0.3999996
vt 0.3999977 0
vt 0 0
vt 0.3999977 0.09999943
vt 0 0.09999943
vt 0.3999996 0
vt 0 0
vt 0.3999996 0.09999943
vt 0 0.09999943
vt 0.3999977 0
vt 0 0
vt 0.3999977 0.09999943
vt 0 0.09999943
vt 0.3999996 0
vt 0 0
vt 0.3999996 0.09999943
vt 0 0.09999943
vt 0 0.3999996
vt 0.3999977 0.3999996
vt 0 0
vt 0.3999977 0
vt 0.3999977 0
vt 0 0
vt 0.3999977 0.3999996
vt 0 0.3999996
vt 0.3999977 0
vt 0 0
vt 0.3999977 0.09999943
vt 0 0.09999943
vt 0.3999996 0
vt 0 0
vt 0.3999996 0.09999943
vt 0 0.09999943
vt 0.3999977 0
vt 0 0
vt 0.3999977 0.09999943
vt 0 0.09999943
vt 0.3999996 0
vt 0 0
vt 0.3999996 0.09999943
vt 0 0.09999943
vt 0 0.3999996
vt 0.3999977 0.3999996
vt 0 0
vt 0.3999977 0
vt 0.3999977 0
vt 0 0
vt 0.3999977 0.3999996
vt 0 0.3999996
vt 0.3999977 0
vt 0 0
vt 0.3999977 0.09999943
vt 0 0.09999943
vt 0.3999996 0
vt 0 0
vt 0.3999996 0.09999943
vt 0 0.09999943
vt 0.3999977 0
vt 0 0
vt 0.3999977 0.09999943
vt 0 0.09999943
vt 0.3999996 0
vt 0 0
vt 0.3999996 0.09999943
vt 0 0.09999943
vt 0 0.3999996
vt 0.3999977 0.3999996
vt 0 0
vt 0.3999977 0
vt 0.3999977 0
vt 0 0
vt 0.3999977 0.3999996
vt 0 0.3999996
vt 0.3999977 0
vt 0 0
vt 0.3999977 0.09999943
vt 0 0.09999943
vt 0.3999996 0
vt 0 0
vt 0.3999996 0.09999943
vt 0 0.09999943
vt 0.3999977 0
vt 0 0
vt 0.3999977 0.09999943
vt 0 0.09999943
vt 0.3999996 0
vt 0 0
vt 0.3999996 0.09999943
vt 0 0.09999943
vt 0 0.3999996
vt 0.3999977 0.3999996
vt 0 0
vt 0.3999977 0
vt 0.3999977 0
vt 0 0
vt 0.3999977 0.3999996
vt 0 0.3999996
vt 0.3999977 0
vt 0 0
vt 0.3999977 0.09999943
vt 0 0.09999943
vt 0.3999996 0
vt 0 0
vt 0.3999996 0.09999943
vt 0 0.09999943
vt 0.3999977 0
vt 0 0
vt 0.3999977 0.09999943
vt 0 0.09999943
vt 0.3999996 0
vt 0 0
vt 0.3999996 0.09999943
vt 0 0.09999943
vt 0 0.3999996
vt 0.3999977 0.3999996
vt 0 0
vt 0.3999977 0
vt 0.3999977 0
vt 0 0
vt 0.3999977 0.3999996
vt 0 0.3999996
vt 0.3999977 0
vt 0 0
vt 0.3999977 0.09999943
vt 0 0.09999943
vt 0.3999996 0
vt 0 0
vt 0.3999996 0.09999943
vt 0 0.09999943
vt 0.3999977 0
vt 0 0
vt 0.3999977 0.09999943
vt 0 0.09999943
vt 0.3999996 0
vt 0 0
vt 0.3999996 0.09999943
vt 0 0.09999943
vt 0 0.3999996
vt 0.3999977 0.3999996
vt 0 0
vt 0.3999977 0
vt 0.3999977 0
vt 0 0
vt 0.3999977 0.3999996
vt 0 0.3999996
vt 0.3999977 0
vt 0 0
vt 0.3999977 0.09999943
vt 0 0.09999943
vt 0.3999996 0
vt 0 0
vt 0.3999996 0.09999943
vt 0 0.09999943
vt 0.3999977 0
vt 0 0
vt 0.3999977 0.09999943
vt 0 0.09999943
vt 0.3999996 0
vt 0 0
vt 0.3999996 0.09999943
vt 0 0.09999943
vt 0 0.3999996
vt 0.3999977 0.3999996
vt 0 0
vt 0.3999977 0
vt 0.3999977 0
vt 0 0
vt 0.3999977 0.3999996
vt 0 0.3999996
vt 0.3999977 0
vt 0 0
vt 0.3999977 0.09999943
vt 0 0.09999943
vt 0.3999996 0
vt 0 0
vt 0.3999996 0.09999943
vt 0 0.09999943
vt 0.3999977 0
vt 0 0
vt 0.3999977 0.09999943
vt 0 0.09999943
vt 0.3999996 0
vt 0 0
vt 0.3999996 0.09999943
vt 0 0.09999943
vt 0 0.3999996
vt 0.3999977 0.3999996
vt 0 0
vt 0.3999977 0
vt 0.3999977 0
vt 0 0
vt 0.3999977 0.3999996
vt 0 0.3999996
vt 0.3999977 0
vt 0 0
vt 0.3999977 0.09999943
vt 0 0.09999943
vt 0.3999996 0
vt 0 0
vt 0.3999996 0.09999943
vt 0 0.09999943
vt 0.3999977 0
vt 0 0
vt 0.3999977 0.09999943
vt 0 0.09999943
vt 0.3999996 0
vt 0 0
vt 0.3999996 0.09999943
vt 0 0.09999943
vt 0 0.3999996
vt 0.3999977 0.3999996
vt 0 0
vt 0.3999977 0
vt 0.3999977 0
vt 0 0
vt 0.3999977 0.3999996
vt 0 0.3999996
vt 0.3999977 0
vt 0 0
vt 0.3999977 0.09999943
vt 0 0.09999943
vt 0.3999996 0
vt 0 0
vt 0.3999996 0.09999943
vt 0 0.09999943
vt 0.3999977 0
vt 0 0
vt 0.3999977 0.09999943
vt 0 0.09999943
vt 0.3999996 0
vt 0 0
vt 0.3999996 0.09999943
vt 0 0.09999943
vt 0 0.3999996
vt 0.3999977 0.3999996
vt 0 0
vt 0.3999977 0
vt 0.3999977 0
vt 0 0
vt 0.3999977 0.3999996
vt 0 0.3999996
vt 0.3999977 0
vt 0 0
vt 0.3999977 0.09999943
vt 0 0.09999943
vt 0.3999996 0
vt 0 0
vt 0.3999996 0.09999943
vt 0 0.09999943
vt 0.3999977 0
vt 0 0
vt 0.3999977 0.09999943
vt 0 0.09999943
vt 0.3999996 0
vt 0 0
vt 0.3999996 0.09999943
vt 0 0.09999943
vt 0 0.3999996
vt 0.3999977 0.3999996
vt 0 0
vt 0.3999977 0
vt 0.3999977 0
vt 0 0
vt 0.3999977 0.3999996
vt 0 0.3999996
vt 0.3999977 0
vt 0 0
vt 0.3999977 0.09999943
vt 0 0.09999943
vt 0.3999996 0
vt 0 0
vt 0.3999996 0.09999943
vt 0 0.09999943
vt 0.3999977 0
vt 0 0
vt 0.3999977 0.09999943
vt 0 0.09999943
vt 0.3999996 0
vt 0 0
vt 0.3999996 0.09999943
vt 0 0.09999943
vt 0 0.3999996
vt 0.3999977 0.3999996
vt 0 0
vt 0.3999977 0
vt 0.3999977 0
vt 0 0
vt 0.3999977 0.3999996
vt 0 0.3999996
vt 0.3999977 0
vt 0 0
vt 0.3999977 0.09999943
vt 0 0.09999943
vt 0.3999996 0
vt 0 0
vt 0.3999996 0.09999943
vt 0 0.09999943
vt 0.3999977 0
vt 0 0
vt 0.3999977 0.09999943
vt 0 0.09999943
vt 0.3999996 0
vt 0 0
vt 0.3999996 0.09999943
vt 0 0.09999943
vt 0 0.3999996
vt 0.3999977 0.3999996
vt 0 0
vt 0.3999977 0
vt 0.3999977 0
vt 0 0
vt 0.3999977 0.3999996
vt 0 0.3999996
vt 0.3999977 0
vt 0 0
vt 0.3999977 0.09999943
vt 0 0.09999943
vt 0.3999996 0
vt 0 0
vt 0.3999996 0.09999943
vt 0 0.09999943
vt 0.3999977 0
vt 0 0
vt 0.3999977 0.09999943
vt 0 0.09999943
vt 0.3999996 0
vt 0 0
vt 0.3999996 0.09999943
vt 0 0.09999943
vt 0 0.3999996
vt 0.3999977 0.3999996
vt 0 0
vt 0.3999977 0
vt 0.3999977 0
vt 0 0
vt 0.3999977 0.3999996
vt 0 0.3999996
vt 0.3999977 0
vt 0 0
vt 0.3999977 0.09999943
vt 0 0.09999943
vt 0.3999996 0
vt 0 0
vt 0.3999996 0.09999943
vt 0 0.09999943
vt 0.3999977 0
vt 0 0
vt 0.3999977 0.09999943
vt 0 0.09999943
vt 0.3999996 0
vt 0 0
vt 0.3999996 0.09999943
vt 0 0.09999943
vt 0 0.3999996
vt 0.3999977 0.3999996
vt 0 0
vt 0.3999977 0
vt 0.3999977 0
vt 0 0
vt 0.3999977 0.3999996
vt 0 0.3999996
vt 0.3999977 0
vt 0 0
vt 0.3999977 0.09999943
vt 0 0.09999943
vt 0.3999996 0
vt 0 0
vt 0.3999996 0.09999943
vt 0 0.09999943
vt 0.3999977 0
vt 0 0
vt 0.3999977 0.09999943
vt 0 0.09999943
vt 0.3999996 0
vt 0 0
vt 0.3999996 0.09999943
vt 0 0.09999943
vt 0 0.3999996
vt 0.3999977 0.3999996
vt 0 0
vt 0.3999977 0
vt 0.3999977 0
vt 0 0
vt 0.3999977 0.3999996
vt 0 0.3999996
vt 0.3999977 0
vt 0 0
vt 0.3999977 0.09999943
vt 0 0.09999943
vt 0.3999996 0
vt 0 0
vt 0.3999996 0.09999943
vt 0 0.09999943
vt 0.3999977 0
vt 0 0
vt 0.3999977 0.09999943
vt 0 0.09999943
vt 0.3999996 0
vt 0 0
vt 0.3999996 0.09999943
vt 0 0.09999943
vt 0 0.3999996
vt 0.3999977 0.3999996
vt 0 0
vt 0.3999977 0
vt 0.3999977 0
vt 0 0
vt 0.3999977 0.3999996
vt 0 0.3999996
vt 0.3999977 0
vt 0 0
vt 0.3999977 0.09999943
vt 0 0.09999943
vt 0.3999996 0
vt 0 0
vt 0.3999996 0.09999943
vt 0 0.09999943
vt 0.3999977 0
vt 0 0
vt 0.3999977 0.09999943
vt 0 0.09999943
vt 0.3999996 0
vt 0 0
vt 0.3999996 0.09999943
vt 0 0.09999943
vt 0 0.3999996
vt 0.3999977 0.3999996
vt 0 0
vt 0.3999977 0
vt 0.3999977 0
vt 0 0
vt 0.3999977 0.3999996
vt 0 0.3999996
vt 0.3999977 0
vt 0 0
vt 0.3999977 0.09999943
vt 0 0.09999943
vt 0.3999996 0
vt 0 0
vt 0.3999996 0.09999943
vt 0 0.09999943
vt 0.3999977 0
vt 0 0
vt 0.3999977 0.09999943
vt 0 0.09999943
vt 0.3999996 0
vt 0 0
vt 0.3999996 0.09999943
vt 0 0.09999943
vt 0 0.3999996
vt 0.3999977 0.3999996
vt 0 0
vt 0.3999977 0
vt 0.3999977 0
vt 0 0
vt 0.3999977 0.3999996
vt 0 0.3999996
vt 0.3999977 0
vt 0 0
vt 0.3999977 0.09999943
vt 0 0.09999943
vt 0.3999996 0
vt 0 0
vt 0.3999996 0.09999943
vt 0 0.09999943
vt 0.3999977 0
vt 0 0
vt 0.3999977 0.09999943
vt 0 0.09999943
vt 0.3999996 0
vt 0 0
vt 0.3999996 0.09999943
vt 0 0.09999943
vt 0 0.3999996
vt 0.3999977 0.3999996
vt 0 0
vt 0.3999977 0
vt 0.3999977 0
vt 0 0
vt 0.3999977 0.3999996
vt 0 0.3999996
vt 0.3999977 0
vt 0 0
vt 0.3999977 0.09999943
vt 0 0.09999943
vt 0.3999996 0
vt 0 0
vt 0.3999996 0.09999943
vt 0 0.09999943
vt 0.3999977 0
vt 0 0
vt 0.3999977 0.09999943
vt 0 0.09999943
vt 0.3999996 0
vt 0 0
vt 0.3999996 0.09999943
vt 0 0.09999943
vt 0 0.3999996
vt 0.3999977 0.3999996
vt 0 0
vt 0.3999977 0
vt 0.3999977 0
vt 0 0
vt 0.3999977 0.3999996
vt 0 0.3999996
vt 0.3999977 0
vt 0 0
vt 0.3999977 0.09999943
vt 0 0.09999943
vt 0.3999996 0
vt 0 0
vt 0.3999996 0.09999943
vt 0 0.09999943
vt 0.3999977 0
vt 0 0
vt 0.3999977 0.09999943
vt 0 0.09999943
vt 0.3999996 0
vt 0 0
vt 0.3999996 0.09999943
vt 0 0.09999943
vt 0 0.3999996
vt 0.3999977 0.3999996
vt 0 0
vt 0.3999977 0
vt 0.3999977 0
vt 0 0
vt 0.3999977 0.3999996
vt 0 0.3999996
vt 0.3999977 0
vt 0 0
vt 0.3999977 0.09999943
vt 0 0.09999943
vt 0.3999996 0
vt 0 0
vt 0.3999996 0.09999943
vt 0 0.09999943
vt 0.3999977 0
vt 0 0
vt 0.3999977 0.09999943
vt 0 0.09999943
vt 0.3999996 0
vt 0 0
vt 0.3999996 0.09999943
vt 0 0.09999943
vt 0 0.3999996
vt 0.3999977 0.3999996
vt 0 0
vt 0.3999977 0
vt 0.3999977 0
vt 0 0
vt 0.3999977 0.3999996
vt 0 0.3999996
vt 0.3999977 0
vt 0 0
vt 0.3999977 0.09999943
vt 0 0.09999943
vt 0.3999996 0
vt 0 0
vt 0.3999996 0.09999943
vt 0 0.09999943
vt 0.3999977 0
vt 0 0
vt 0.3999977 0.09999943
vt 0 0.09999943
vt 0.3999996 0
vt 0 0
vt 0.3999996 0.09999943
vt 0 0.09999943
vt 0 0.3999996
vt 0.3999977 0.3999996
vt 0 0
vt 0.3999977 0
vt 0.3999977 0
vt 0 0
vt 0.3999977 0.3999996
vt 0 0.3999996
vt 0.3999977 0
vt 0 0
vt 0.3999977 0.09999943
vt 0 0.09999943
vt 0.3999996 0
vt 0 0
vt 0.3999996 0.09999943
vt 0 0.09999943
vt 0.3999977 0
vt 0 0
vt 0.3999977 0.09999943
vt 0 0.09999943
vt 0.3999996 0
vt 0 0
vt 0.3999996 0.09999943
vt 0 0.09999943
vt 0 0.3999996
vt 0.3999977 0.3999996
vt 0 0
vt 0.3999977 0
vt 0.3999977 0
vt 0 0
vt 0.3999977 0.3999996
vt 0 0.3999996
vt 0.3999977 0
vt 0 0
vt 0.3999977 0.09999943
vt 0 0.09999943
vt 0.3999996 0
vt 0 0
vt 0.3999996 0.09999943
vt 0 0.09999943
vt 0.3999977 0
vt 0 0
vt 0.3999977 0.09999943
vt 0 0.09999943
vt 0.3999996 0
vt 0 0
vt 0.3999996 0.09999943
vt 0 0.09999943
vt 0 0.3999996
vt 0.3999977 0.3999996
vt 0 0
vt 0.3999977 0
vt 0.3999977 0
vt 0 0
vt 0.3999977 0.3999996
vt 0 0.3999996
vt 1 0
vt 0 0
vt 1 2.00002
vt 0 2.00002
vt 1 0
vt 0 0
vt 1 2.00002
vt 0 2.00002
vt 1 0
vt 0 0
vt 1 2.00002
vt 0 2.00002
vt 1 0
vt 0 0
vt 1 2
vt 0 2
vt 1 0
vt 0 0
vt 1 2.00002
vt 0 2.00002
vt 1 0
vt 0 0
vt 1 2.00002
vt 0 2.00002
vt 1 0
vt 0 0
vt 1 2.00002
vt 0 2.00002
vt 1 0
vt 0 0
vt 1 2.00002
vt 0 2.00002
vt 9 0
vt 0 0
vt 9 1
vt 0 1
vt 2 0
vt 0 0
vt 2 1
vt 0 1
vt 9 0
vt 0 0
vt 9 1
vt 0 1
vt 2 0
vt 0 0
vt 2 1
vt 0 1
vt 0 2
vt 9 2
vt 0 0
vt 9 0
vt 1 0
vt 0 0
vt 1 2.00002
vt 0 2.00002
vt 5 5
vt 0 0
vt 0 5
vt 5 0
vt 3 5
vt 0 0
vt 0 5
vt 3 0
vt 0 14
vt 5 14
vt 5 0
vt 0 0
vt 16 5
vt 0 0
vt 0 5
vt 16 0
vt 4 3
vt 4 2
vt 1 2
vt 1 3
vt 5 0
vt 5 2
vt 0 0
vt 0 2
vt 6 0
vt 6 7
vt 9 5
vt 0 7
vt 9 10
vt 0 10
vt 19 1
vt 19 5
vt 19 0
vt 20 5
vt 20 1
vt 25 0
vt 20 0
vt 4 20
vt 4 19
vt 1 19
vt 1 20
vt 5 19
vt 0 5
vt 0 19
vt 5 0
vt 5 6
vt 0 0
vt 0 6
vt 5 0
vt 10 2
vt 10 0
vt 9 2
vt 0 0
vt 9 3
vt 8 3
vt 8 4
vt 7 4
vt 7 5
vt 5 5
vt 0 6
vt 5 6
vt 10 15
vt 10 11
vt 0 18
vt 8 11
vt 10 18
vt 7 0
vt 2 0
vt 8 0
vt 0 0
vt 0 0
vt 5 6
vt 5 0
vt 0 6
vt 0 0
vt 5 6
vt 5 0
vt 0 6
vt 0 0
vt 6 12
vt 6 0
vt 0 12
vt 5 9
vt 0 24
vt 5 23
vt 0 0
vt 5 4
vt 5 0
vt 5 5
vt 5 8
vt 6 6
vt 0 0
vt 0 6
vt 6 0
vt 5 6
vt 0 0
vt 0 6
vt 5 0
vt 16 1
vt 15 1
vt 16 4
vt 15 4
vt 15 5
vt 1 5
vt 15 0
vt 1 1
vt 1 0
vt 1 4
vt 0 1
vt 0 4
vt 5 5
vt 0 0
vt 0 4
vt 0 5
vt 35 5
vt 31 0
vt 34 0
vt 35 0

g Combined_Mesh_(root:_scene)
usemtl Combined_Mesh_(root:_scene)
usemap Combined_Mesh_(root:_scene)
f 1/1/1 3/3/3 2/2/2
f 2/2/2 3/3/3 4/4/4
f 5/5/5 7/7/7 6/6/6
f 6/6/6 7/7/7 8/8/8
f 9/9/9 11/11/11 10/10/10
f 10/10/10 11/11/11 12/12/12
f 13/13/13 15/15/15 14/14/14
f 14/14/14 15/15/15 16/16/16
f 17/17/17 19/19/19 18/18/18
f 18/18/18 19/19/19 20/20/20
f 21/21/21 23/23/23 22/22/22
f 22/22/22 23/23/23 24/24/24
g Combined_Mesh_(root:_scene)_1
usemtl Combined_Mesh_(root:_scene)_1
usemap Combined_Mesh_(root:_scene)_1
f 25/25/25 27/27/27 26/26/26
f 26/26/26 27/27/27 28/28/28
f 29/29/29 31/31/31 30/30/30
f 30/30/30 31/31/31 32/32/32
f 33/33/33 35/35/35 34/34/34
f 34/34/34 35/35/35 36/36/36
f 37/37/37 39/39/39 38/38/38
f 38/38/38 39/39/39 40/40/40
f 41/41/41 43/43/43 42/42/42
f 42/42/42 43/43/43 44/44/44
f 45/45/45 47/47/47 46/46/46
f 46/46/46 47/47/47 48/48/48
g Combined_Mesh_(root:_scene)_2
usemtl Combined_Mesh_(root:_scene)_2
usemap Combined_Mesh_(root:_scene)_2
f 49/49/49 51/51/51 50/50/50
f 50/50/50 51/51/51 52/52/52
f 53/53/53 55/55/55 54/54/54
f 54/54/54 55/55/55 56/56/56
f 57/57/57 59/59/59 58/58/58
f 58/58/58 59/59/59 60/60/60
f 61/61/61 63/63/63 62/62/62
f 62/62/62 63/63/63 64/64/64
f 65/65/65 67/67/67 66/66/66
f 66/66/66 67/67/67 68/68/68
f 69/69/69 71/71/71 70/70/70
f 70/70/70 71/71/71 72/72/72
g Combined_Mesh_(root:_scene)_3
usemtl Combined_Mesh_(root:_scene)_3
usemap Combined_Mesh_(root:_scene)_3
f 73/73/73 75/75/75 74/74/74
f 74/74/74 75/75/75 76/76/76
f 77/77/77 79/79/79 78/78/78
f 78/78/78 79/79/79 80/80/80
f 81/81/81 83/83/83 82/82/82
f 82/82/82 83/83/83 84/84/84
f 85/85/85 87/87/87 86/86/86
f 86/86/86 87/87/87 88/88/88
f 89/89/89 91/91/91 90/90/90
f 90/90/90 91/91/91 92/92/92
f 93/93/93 95/95/95 94/94/94
f 94/94/94 95/95/95 96/96/96
g Combined_Mesh_(root:_scene)_4
usemtl Combined_Mesh_(root:_scene)_4
usemap Combined_Mesh_(root:_scene)_4
f 97/97/97 99/99/99 98/98/98
f 98/98/98 99/99/99 100/100/100
f 101/101/101 103/103/103 102/102/102
f 102/102/102 103/103/103 104/104/104
f 105/105/105 107/107/107 106/106/106
f 106/106/106 107/107/107 108/108/108
f 109/109/109 111/111/111 110/110/110
f 110/110/110 111/111/111 112/112/112
f 113/113/113 115/115/115 114/114/114
f 114/114/114 115/115/115 116/116/116
f 117/117/117 119/119/119 118/118/118
f 118/118/118 119/119/119 120/120/120
f 121/121/121 123/123/123 122/122/122
f 122/122/122 123/123/123 124/124/124
f 125/125/125 127/127/127 126/126/126
f 126/126/126 127/127/127 128/128/128
f 129/129/129 131/131/131 130/130/130
f 130/130/130 131/131/131 132/132/132
f 133/133/133 135/135/135 134/134/134
f 134/134/134 135/135/135 136/136/136
f 137/137/137 139/139/139 138/138/138
f 138/138/138 139/139/139 140/140/140
f 141/141/141 143/143/143 142/142/142
f 142/142/142 143/143/143 144/144/144
f 145/145/145 147/147/147 146/146/146
f 146/146/146 147/147/147 148/148/148
f 149/149/149 151/151/151 150/150/150
f 150/150/150 151/151/151 152/152/152
g Combined_Mesh_(root:_scene)_5
usemtl Combined_Mesh_(root:_scene)_5
usemap Combined_Mesh_(root:_scene)_5
f 153/153/153 155/155/155 154/154/154
f 154/154/154 155/155/155 156/156/156
f 157/157/157 159/159/159 158/158/158
f 158/158/158 159/159/159 160/160/160
f 161/161/161 163/163/163 162/162/162
f 162/162/162 163/163/163 164/164/164
f 165/165/165 167/167/167 166/166/166
f 166/166/166 167/167/167 168/168/168
f 169/169/169 171/171/171 170/170/170
f 170/170/170 171/171/171 172/172/172
f 173/173/173 175/175/175 174/174/174
f 174/174/174 175/175/175 176/176/176
g Combined_Mesh_(root:_scene)_6
usemtl Combined_Mesh_(root:_scene)_6
usemap Combined_Mesh_(root:_scene)_6
f 177/177/177 179/179/179 178/178/178
f 178/178/178 179/179/179 180/180/180
f 181/181/181 183/183/183 182/182/182
f 182/182/182 183/183/183 184/184/184
f 185/185/185 187/187/187 186/186/186
f 186/186/186 187/187/187 188/188/188
f 189/189/189 191/191/191 190/190/190
f 190/190/190 191/191/191 192/192/192
f 193/193/193 195/195/195 194/194/194
f 194/194/194 195/195/195 196/196/196
f 197/197/197 199/199/199 198/198/198
f 198/198/198 199/199/199 200/200/200
g Combined_Mesh_(root:_scene)_7
usemtl Combined_Mesh_(root:_scene)_7
usemap Combined_Mesh_(root:_scene)_7
f 201/201/201 203/203/203 202/202/202
f 202/202/202 203/203/203 204/204/204
f 205/205/205 207/207/207 206/206/206
f 206/206/206 207/207/207 208/208/208
f 209/209/209 211/211/211 210/210/210
f 210/210/210 211/211/211 212/212/212
f 213/213/213 215/215/215 214/214/214
f 214/214/214 215/215/215 216/216/216
f 217/217/217 219/219/219 218/218/218
f 218/218/218 219/219/219 220/220/220
f 221/221/221 223/223/223 222/222/222
f 222/222/222 223/223/223 224/224/224
f 225/225/225 227/227/227 226/226/226
f 226/226/226 227/227/227 228/228/228
f 229/229/229 231/231/231 230/230/230
f 230/230/230 231/231/231 232/232/232
f 233/233/233 235/235/235 234/234/234
f 234/234/234 235/235/235 236/236/236
f 237/237/237 239/239/239 238/238/238
f 238/238/238 239/239/239 240/240/240
f 241/241/241 243/243/243 242/242/242
f 242/242/242 243/243/243 244/244/244
f 245/245/245 247/247/247 246/246/246
f 246/246/246 247/247/247 248/248/248
f 249/249/249 251/251/251 250/250/250
f 250/250/250 251/251/251 252/252/252
f 253/253/253 255/255/255 254/254/254
f 254/254/254 255/255/255 256/256/256
g Combined_Mesh_(root:_scene)_8
usemtl Combined_Mesh_(root:_scene)_8
usemap Combined_Mesh_(root:_scene)_8
f 257/257/257 259/259/259 258/258/258
f 258/258/258 259/259/259 260/260/260
f 261/261/261 263/263/263 262/262/262
f 262/262/262 263/263/263 264/264/264
f 265/265/265 267/267/267 266/266/266
f 266/266/266 267/267/267 268/268/268
f 269/269/269 271/271/271 270/270/270
f 270/270/270 271/271/271 272/272/272
f 273/273/273 275/275/275 274/274/274
f 274/274/274 275/275/275 276/276/276
f 277/277/277 279/279/279 278/278/278
f 278/278/278 279/279/279 280/280/280
g Combined_Mesh_(root:_scene)_9
usemtl Combined_Mesh_(root:_scene)_9
usemap Combined_Mesh_(root:_scene)_9
f 281/281/281 283/283/283 282/282/282
f 282/282/282 283/283/283 284/284/284
f 285/285/285 287/287/287 286/286/286
f 286/286/286 287/287/287 288/288/288
f 289/289/289 291/291/291 290/290/290
f 290/290/290 291/291/291 292/292/292
f 293/293/293 295/295/295 294/294/294
f 296/296/296 294/294/294 297/297/297
f 298/298/298 294/294/294 296/296/296
f 297/297/297 294/294/294 295/295/295
f 299/299/299 301/301/301 300/300/300
f 300/300/300 301/301/301 302/302/302
f 303/303/303 305/305/305 304/304/304
f 303/303/303 306/306/306 305/305/305
f 307/307/307 309/309/309 308/308/308
f 307/307/307 310/310/310 309/309/309
f 311/311/311 310/310/310 307/307/307
f 312/312/312 310/310/310 311/311/311
g Combined_Mesh_(root:_scene)_10
usemtl Combined_Mesh_(root:_scene)_10
usemap Combined_Mesh_(root:_scene)_10
f 313/313/313 315/315/315 314/314/314
f 316/316/316 315/315/315 313/313/313
f 317/317/317 319/319/319 318/318/318
f 320/320/320 319/319/319 317/317/317
f 321/321/321 323/323/323 322/322/322
f 324/324/324 323/323/323 321/321/321
f 325/325/325 327/327/327 326/326/326
f 328/328/328 327/327/327 325/325/325
f 326/326/326 330/330/330 329/329/329
f 327/327/327 330/330/330 326/326/326
g Combined_Mesh_(root:_scene)_11
usemtl Combined_Mesh_(root:_scene)_11
usemap Combined_Mesh_(root:_scene)_11
f 331/331/331 333/333/333 332/332/332
f 334/334/334 333/333/333 331/331/331
f 335/335/335 337/337/337 336/336/336
f 338/338/338 337/337/337 335/335/335
f 339/339/339 341/341/341 340/340/340
f 342/342/342 341/341/341 339/339/339
f 343/343/343 345/345/345 344/344/344
f 346/346/346 345/345/345 343/343/343
f 347/347/347 349/349/349 348/348/348
f 348/348/348 349/349/349 350/350/350
f 351/351/351 353/353/353 352/352/352
f 353/353/353 354/354/354 352/352/352
f 352/352/352 354/354/354 355/355/355
f 351/351/351 356/356/356 353/353/353
f 357/357/357 356/356/356 351/351/351
f 354/354/354 358/358/358 355/355/355
f 354/354/354 359/359/359 358/358/358
g Combined_Mesh_(root:_scene)_12
usemtl Combined_Mesh_(root:_scene)_12
usemap Combined_Mesh_(root:_scene)_12
f 360/360/360 362/362/362 361/361/361
f 363/363/363 362/362/362 360/360/360
f 364/364/364 365/365/365 362/362/362
f 366/366/366 364/364/364 362/362/362
f 363/363/363 366/366/366 362/362/362
f 367/367/367 369/369/369 368/368/368
f 367/367/367 371/371/371 370/370/370
f 367/367/367 370/370/370 369/369/369
f 372/372/372 369/369/369 370/370/370
f 367/367/367 374/374/374 373/373/373
f 367/367/367 373/373/373 371/371/371
f 375/375/375 377/377/377 376/376/376
f 375/375/375 376/376/376 378/378/378
f 379/379/379 381/381/381 380/380/380
f 379/379/379 380/380/380 382/382/382
g Combined_Mesh_(root:_scene)_13
usemtl Combined_Mesh_(root:_scene)_13
usemap Combined_Mesh_(root:_scene)_13
f 383/383/383 385/385/385 384/384/384
f 386/386/386 385/385/385 383/383/383
f 387/387/387 386/386/386 383/383/383
f 388/388/388 386/386/386 387/387/387
f 389/389/389 388/388/388 387/387/387
f 390/390/390 388/388/388 389/389/389
f 391/391/391 390/390/390 389/389/389
f 392/392/392 390/390/390 391/391/391
f 393/393/393 392/392/392 391/391/391
f 391/391/391 394/394/394 393/393/393
f 395/395/395 393/393/393 394/394/394
g Combined_Mesh_(root:_scene)_14
usemtl Combined_Mesh_(root:_scene)_14
usemap Combined_Mesh_(root:_scene)_14
f 396/396/396 398/398/398 397/397/397
f 399/399/399 398/398/398 396/396/396
f 400/400/400 402/402/402 401/401/401
f 403/403/403 402/402/402 400/400/400
f 404/404/404 406/406/406 405/405/405
f 407/407/407 406/406/406 404/404/404
f 408/408/408 410/410/410 409/409/409
f 411/411/411 410/410/410 408/408/408
g Combined_Mesh_(root:_scene)_15
usemtl Combined_Mesh_(root:_scene)_15
usemap Combined_Mesh_(root:_scene)_15
f 412/412/412 414/414/414 413/413/413
f 414/414/414 415/415/415 413/413/413
f 412/412/412 416/416/416 414/414/414
f 412/412/412 417/417/417 416/416/416
f 418/418/418 420/420/420 419/419/419
f 421/421/421 420/420/420 418/418/418
f 422/422/422 421/421/421 418/418/418
f 423/423/423 421/421/421 422/422/422
g Combined_Mesh_(root:_scene)_16
usemtl Combined_Mesh_(root:_scene)_16
usemap Combined_Mesh_(root:_scene)_16
f 424/424/424 426/426/426 425/425/425
f 427/427/427 426/426/426 424/424/424
f 428/428/428 430/430/430 429/429/429
f 428/428/428 432/432/432 431/431/431
f 428/428/428 431/431/431 430/430/430
f 433/433/433 432/432/432 428/428/428
f 433/433/433 434/434/434 432/432/432
f 433/433/433 428/428/428 429/429/429
f 433/433/433 429/429/429 435/435/435
f 436/436/436 438/438/438 437/437/437
f 439/439/439 438/438/438 436/436/436
f 440/440/440 442/442/442 441/441/441
f 443/443/443 442/442/442 440/440/440
g Combined_Mesh_(root:_scene)_17
usemtl Combined_Mesh_(root:_scene)_17
usemap Combined_Mesh_(root:_scene)_17
f 444/444/444 446/446/446 445/445/445
f 445/445/445 446/446/446 447/447/447
f 448/448/448 450/450/450 449/449/449
f 448/448/448 451/451/451 450/450/450
g Combined_Mesh_(root:_scene)_18
usemtl Combined_Mesh_(root:_scene)_18
usemap Combined_Mesh_(root:_scene)_18
f 452/452/452 454/454/454 453/453/453
f 452/452/452 453/453/453 455/455/455
f 456/456/456 458/458/458 457/457/457
f 456/456/456 457/457/457 459/459/459
f 460/460/460 462/462/462 461/461/461
f 460/460/460 461/461/461 463/463/463
f 464/464/464 466/466/466 465/465/465
f 465/465/465 466/466/466 467/467/467
f 468/468/468 470/470/470 469/469/469
f 468/468/468 469/469/469 471/471/471
f 472/472/472 468/468/468 471/471/471
f 472/472/472 471/471/471 473/473/473
f 472/472/472 473/473/473 474/474/474
g Combined_Mesh_(root:_scene)_19
usemtl Combined_Mesh_(root:_scene)_19
usemap Combined_Mesh_(root:_scene)_19
f 475/475/475 477/477/477 476/476/476
f 475/475/475 476/476/476 478/478/478
g Combined_Mesh_(root:_scene)_20
usemtl Combined_Mesh_(root:_scene)_20
usemap Combined_Mesh_(root:_scene)_20
f 479/479/479 481/481/481 480/480/480
f 482/482/482 481/481/481 479/479/479
g Combined_Mesh_(root:_scene)_21
usemtl Combined_Mesh_(root:_scene)_21
usemap Combined_Mesh_(root:_scene)_21
f 483/483/483 485/485/485 484/484/484
f 483/483/483 484/484/484 486/486/486
f 487/487/487 489/489/489 488/488/488
f 487/487/487 488/488/488 490/490/490
g Combined_Mesh_(root:_scene)_22
usemtl Combined_Mesh_(root:_scene)_22
usemap Combined_Mesh_(root:_scene)_22
f 491/491/491 493/493/493 492/492/492
f 492/492/492 493/493/493 494/494/494
f 495/495/495 497/497/497 496/496/496
f 496/496/496 497/497/497 498/498/498
f 499/499/499 501/501/501 500/500/500
f 502/502/502 501/501/501 499/499/499
f 503/503/503 505/505/505 504/504/504
f 503/503/503 506/506/506 505/505/505
f 505/505/505 507/507/507 504/504/504
f 504/504/504 507/507/507 508/508/508
f 509/509/509 511/511/511 510/510/510
f 509/509/509 510/510/510 512/512/512
f 513/513/513 515/515/515 514/514/514
f 513/513/513 514/514/514 516/516/516
g Combined_Mesh_(root:_scene)_23
usemtl Combined_Mesh_(root:_scene)_23
usemap Combined_Mesh_(root:_scene)_23
f 517/517/517 519/519/519 518/518/518
f 518/518/518 519/519/519 520/520/520
f 521/521/521 523/523/523 522/522/522
f 522/522/522 523/523/523 524/524/524
f 525/525/525 527/527/527 526/526/526
f 526/526/526 527/527/527 528/528/528
f 529/529/529 531/531/531 530/530/530
f 532/532/532 531/531/531 529/529/529
f 533/533/533 535/535/535 534/534/534
f 534/534/534 535/535/535 536/536/536
f 537/537/537 539/539/539 538/538/538
f 538/538/538 539/539/539 540/540/540
f 541/541/541 543/543/543 542/542/542
f 544/544/544 543/543/543 541/541/541
f 545/545/545 547/547/547 546/546/546
f 548/548/548 547/547/547 545/545/545
f 549/549/549 551/551/551 550/550/550
f 549/549/549 550/550/550 552/552/552
f 553/553/553 555/555/555 554/554/554
f 554/554/554 555/555/555 556/556/556
f 556/556/556 557/557/557 554/554/554
f 554/554/554 557/557/557 558/558/558
g Combined_Mesh_(root:_scene)_24
usemtl Combined_Mesh_(root:_scene)_24
usemap Combined_Mesh_(root:_scene)_24
f 559/559/559 561/561/561 560/560/560
f 560/560/560 561/561/561 562/562/562
f 563/563/563 565/565/565 564/564/564
f 564/564/564 565/565/565 566/566/566
f 567/567/567 569/569/569 568/568/568
f 569/569/569 570/570/570 568/568/568
f 571/571/571 573/573/573 572/572/572
f 572/572/572 573/573/573 574/574/574
f 575/575/575 577/577/577 576/576/576
f 576/576/576 577/577/577 578/578/578
f 579/579/579 581/581/581 580/580/580
f 582/582/582 583/583/583 580/580/580
f 580/580/580 583/583/583 579/579/579
f 584/584/584 586/586/586 585/585/585
f 585/585/585 586/586/586 587/587/587
f 588/588/588 590/590/590 589/589/589
f 588/588/588 589/589/589 591/591/591
f 592/592/592 594/594/594 593/593/593
f 592/592/592 593/593/593 595/595/595
f 596/596/596 598/598/598 597/597/597
f 597/597/597 600/600/600 599/599/599
f 598/598/598 600/600/600 597/597/597
f 601/601/601 597/597/597 599/599/599
f 602/602/602 604/604/604 603/603/603
f 602/602/602 603/603/603 605/605/605
f 605/605/605 603/603/603 606/606/606
f 605/605/605 606/606/606 607/607/607
g Combined_Mesh_(root:_scene)_25
usemtl Combined_Mesh_(root:_scene)_25
usemap Combined_Mesh_(root:_scene)_25
f 608/608/608 610/610/610 609/609/609
f 609/609/609 610/610/610 611/611/611
f 612/612/612 614/614/614 613/613/613
f 613/613/613 614/614/614 615/615/615
f 616/616/616 618/618/618 617/617/617
f 617/617/617 618/618/618 619/619/619
f 620/620/620 622/622/622 621/621/621
f 621/621/621 622/622/622 623/623/623
g Combined_Mesh_(root:_scene)_26
usemtl Combined_Mesh_(root:_scene)_26
usemap Combined_Mesh_(root:_scene)_26
f 624/624/624 626/626/626 625/625/625
f 625/625/625 626/626/626 627/627/627
f 628/628/628 630/630/630 629/629/629
f 629/629/629 630/630/630 631/631/631
f 632/632/632 634/634/634 633/633/633
f 633/633/633 634/634/634 635/635/635
f 636/636/636 638/638/638 637/637/637
f 637/637/637 638/638/638 639/639/639
g Combined_Mesh_(root:_scene)_27
usemtl Combined_Mesh_(root:_scene)_27
usemap Combined_Mesh_(root:_scene)_27
f 640/640/640 642/642/642 641/641/641
f 641/641/641 642/642/642 643/643/643
f 644/644/644 646/646/646 645/645/645
f 644/644/644 647/647/647 646/646/646
f 648/648/648 650/650/650 649/649/649
f 650/650/650 651/651/651 649/649/649
f 652/652/652 654/654/654 653/653/653
f 653/653/653 654/654/654 655/655/655
f 656/656/656 658/658/658 657/657/657
f 657/657/657 658/658/658 659/659/659
f 660/660/660 662/662/662 661/661/661
f 660/660/660 661/661/661 663/663/663
f 664/664/664 666/666/666 665/665/665
f 664/664/664 665/665/665 667/667/667
f 668/668/668 670/670/670 669/669/669
f 668/668/668 669/669/669 671/671/671
f 672/672/672 674/674/674 673/673/673
f 673/673/673 674/674/674 675/675/675
f 675/675/675 674/674/674 676/676/676
f 677/677/677 676/676/676 674/674/674
f 678/678/678 680/680/680 679/679/679
f 679/679/679 680/680/680 681/681/681
f 682/682/682 683/683/683 680/680/680
f 682/682/682 680/680/680 678/678/678
f 684/684/684 686/686/686 685/685/685
f 684/684/684 685/685/685 687/687/687
f 686/686/686 689/689/689 688/688/688
f 686/686/686 688/688/688 685/685/685
g Combined_Mesh_(root:_scene)_28
usemtl Combined_Mesh_(root:_scene)_28
usemap Combined_Mesh_(root:_scene)_28
f 690/690/690 692/692/692 691/691/691
f 691/691/691 692/692/692 693/693/693
f 694/694/694 696/696/696 695/695/695
f 695/695/695 696/696/696 697/697/697
f 698/698/698 700/700/700 699/699/699
f 699/699/699 700/700/700 701/701/701
f 702/702/702 704/704/704 703/703/703
f 705/705/705 704/704/704 702/702/702
f 706/706/706 708/708/708 707/707/707
f 709/709/709 708/708/708 706/706/706
f 710/710/710 712/712/712 711/711/711
f 710/710/710 711/711/711 713/713/713
f 713/713/713 711/711/711 714/714/714
f 713/713/713 714/714/714 715/715/715
g Combined_Mesh_(root:_scene)_29
usemtl Combined_Mesh_(root:_scene)_29
usemap Combined_Mesh_(root:_scene)_29
f 716/716/716 718/718/718 717/717/717
f 717/717/717 718/718/718 719/719/719
f 720/720/720 722/722/722 721/721/721
f 721/721/721 722/722/722 723/723/723
f 724/724/724 726/726/726 725/725/725
f 725/725/725 726/726/726 727/727/727
f 728/728/728 730/730/730 729/729/729
f 729/729/729 730/730/730 731/731/731
g Combined_Mesh_(root:_scene)_30
usemtl Combined_Mesh_(root:_scene)_30
usemap Combined_Mesh_(root:_scene)_30
f 732/732/732 734/734/734 733/733/733
f 733/733/733 734/734/734 735/735/735
f 736/736/736 738/738/738 737/737/737
f 737/737/737 738/738/738 739/739/739
f 740/740/740 742/742/742 741/741/741
f 741/741/741 742/742/742 743/743/743
f 744/744/744 746/746/746 745/745/745
f 747/747/747 746/746/746 744/744/744
f 748/748/748 750/750/750 749/749/749
f 748/748/748 749/749/749 751/751/751
f 752/752/752 754/754/754 753/753/753
f 752/752/752 753/753/753 755/755/755
f 754/754/754 752/752/752 756/756/756
f 754/754/754 756/756/756 757/757/757
f 758/758/758 760/760/760 759/759/759
f 758/758/758 759/759/759 761/761/761
f 762/762/762 763/763/763 758/758/758
f 762/762/762 758/758/758 761/761/761
f 764/764/764 766/766/766 765/765/765
f 764/764/764 765/765/765 767/767/767
g Combined_Mesh_(root:_scene)_31
usemtl Combined_Mesh_(root:_scene)_31
usemap Combined_Mesh_(root:_scene)_31
f 768/768/768 770/770/770 769/769/769
f 769/769/769 770/770/770 771/771/771
f 772/772/772 774/774/774 773/773/773
f 773/773/773 774/774/774 775/775/775
f 776/776/776 778/778/778 777/777/777
f 777/777/777 778/778/778 779/779/779
g Combined_Mesh_(root:_scene)_32
usemtl Combined_Mesh_(root:_scene)_32
usemap Combined_Mesh_(root:_scene)_32
f 780/780/780 782/782/782 781/781/781
f 781/781/781 782/782/782 783/783/783
f 784/784/784 786/786/786 785/785/785
f 785/785/785 786/786/786 787/787/787
f 788/788/788 790/790/790 789/789/789
f 789/789/789 790/790/790 791/791/791
f 792/792/792 794/794/794 793/793/793
f 793/793/793 794/794/794 795/795/795
g Combined_Mesh_(root:_scene)_33
usemtl Combined_Mesh_(root:_scene)_33
usemap Combined_Mesh_(root:_scene)_33
f 796/796/796 798/798/798 797/797/797
f 797/797/797 798/798/798 799/799/799
f 800/800/800 802/802/802 801/801/801
f 801/801/801 802/802/802 803/803/803
f 804/804/804 806/806/806 805/805/805
f 805/805/805 806/806/806 807/807/807
f 808/808/808 810/810/810 809/809/809
f 808/808/808 809/809/809 811/811/811
g Combined_Mesh_(root:_scene)_34
usemtl Combined_Mesh_(root:_scene)_34
usemap Combined_Mesh_(root:_scene)_34
f 812/812/812 814/814/814 813/813/813
f 813/813/813 814/814/814 815/815/815
f 816/816/816 818/818/818 817/817/817
f 817/817/817 818/818/818 819/819/819
f 820/820/820 822/822/822 821/821/821
f 821/821/821 822/822/822 823/823/823
f 824/824/824 826/826/826 825/825/825
f 827/827/827 826/826/826 824/824/824
f 828/828/828 830/830/830 829/829/829
f 829/829/829 830/830/830 831/831/831
f 832/832/832 834/834/834 833/833/833
f 833/833/833 834/834/834 835/835/835
f 836/836/836 838/838/838 837/837/837
f 839/839/839 838/838/838 836/836/836
f 840/840/840 842/842/842 841/841/841
f 843/843/843 842/842/842 840/840/840
f 844/844/844 846/846/846 845/845/845
f 844/844/844 845/845/845 847/847/847
g Combined_Mesh_(root:_scene)_35
usemtl Combined_Mesh_(root:_scene)_35
usemap Combined_Mesh_(root:_scene)_35
f 848/848/848 850/850/850 849/849/849
f 849/849/849 850/850/850 851/851/851
f 852/852/852 854/854/854 853/853/853
f 853/853/853 854/854/854 855/855/855
f 856/856/856 858/858/858 857/857/857
f 857/857/857 858/858/858 859/859/859
g Combined_Mesh_(root:_scene)_36
usemtl Combined_Mesh_(root:_scene)_36
usemap Combined_Mesh_(root:_scene)_36
f 860/860/860 862/862/862 861/861/861
f 860/860/860 863/863/863 862/862/862
f 864/864/864 861/861/861 865/865/865
f 864/864/864 860/860/860 861/861/861
f 864/864/864 867/867/867 866/866/866
f 868/868/868 862/862/862 869/869/869
f 862/862/862 863/863/863 869/869/869
f 870/870/870 871/871/871 869/869/869
f 865/865/865 867/867/867 864/864/864
f 869/869/869 871/871/871 868/868/868
f 872/872/872 874/874/874 873/873/873
f 872/872/872 873/873/873 875/875/875
f 876/876/876 878/878/878 877/877/877
f 879/879/879 878/878/878 876/876/876
f 876/876/876 881/881/881 880/880/880
f 882/882/882 879/879/879 880/880/880
f 880/880/880 879/879/879 876/876/876
f 883/883/883 879/879/879 882/882/882
f 884/884/884 886/886/886 885/885/885
f 885/885/885 886/886/886 887/887/887
f 888/888/888 884/884/884 885/885/885
f 888/888/888 889/889/889 884/884/884
f 890/890/890 886/886/886 884/884/884
f 890/890/890 889/889/889 891/891/891
f 884/884/884 889/889/889 890/890/890
f 891/891/891 889/889/889 892/892/892
g Combined_Mesh_(root:_scene)_37
usemtl Combined_Mesh_(root:_scene)_37
usemap Combined_Mesh_(root:_scene)_37
f 893/893/893 895/895/895 894/894/894
f 893/893/893 894/894/894 896/896/896
f 897/897/897 893/893/893 896/896/896
f 897/897/897 896/896/896 898/898/898
f 899/899/899 901/901/901 900/900/900
f 899/899/899 902/902/902 901/901/901
f 901/901/901 904/904/904 903/903/903
f 902/902/902 904/904/904 901/901/901
g Combined_Mesh_(root:_scene)_38
usemtl Combined_Mesh_(root:_scene)_38
usemap Combined_Mesh_(root:_scene)_38
f 905/905/905 907/907/907 906/906/906
f 906/906/906 907/907/907 908/908/908
f 909/909/909 911/911/911 910/910/910
f 910/910/910 911/911/911 912/912/912
f 913/913/913 915/915/915 914/914/914
f 916/916/916 915/915/915 913/913/913
f 917/917/917 916/916/916 918/918/918
f 918/918/918 916/916/916 913/913/913
g Combined_Mesh_(root:_scene)_39
usemtl Combined_Mesh_(root:_scene)_39
usemap Combined_Mesh_(root:_scene)_39
f 919/919/919 921/921/921 920/920/920
f 922/922/922 921/921/921 919/919/919
f 923/923/923 925/925/925 924/924/924
f 925/925/925 926/926/926 924/924/924
g Combined_Mesh_(root:_scene)_40
usemtl Combined_Mesh_(root:_scene)_40
usemap Combined_Mesh_(root:_scene)_40
f 927/927/927 929/929/929 928/928/928
f 927/927/927 928/928/928 930/930/930
f 931/931/931 933/933/933 932/932/932
f 931/931/931 932/932/932 934/934/934
g Combined_Mesh_(root:_scene)_41
usemtl Combined_Mesh_(root:_scene)_41
usemap Combined_Mesh_(root:_scene)_41
f 935/935/935 937/937/937 936/936/936
f 935/935/935 936/936/936 938/938/938
f 939/939/939 941/941/941 940/940/940
f 939/939/939 942/942/942 941/941/941
g Combined_Mesh_(root:_scene)_42
usemtl Combined_Mesh_(root:_scene)_42
usemap Combined_Mesh_(root:_scene)_42
f 943/943/943 945/945/945 944/944/944
f 943/943/943 946/946/946 945/945/945
f 947/947/947 946/946/946 943/943/943
g Combined_Mesh_(root:_scene)_43
usemtl Combined_Mesh_(root:_scene)_43
usemap Combined_Mesh_(root:_scene)_43
f 948/948/948 950/950/950 949/949/949
f 949/949/949 950/950/950 951/951/951
g Combined_Mesh_(root:_scene)_44
usemtl Combined_Mesh_(root:_scene)_44
usemap Combined_Mesh_(root:_scene)_44
f 952/952/952 954/954/954 953/953/953
f 953/953/953 954/954/954 955/955/955
f 955/955/955 954/954/954 956/956/956
f 957/957/957 959/959/959 958/958/958
f 960/960/960 961/961/961 958/958/958
f 958/958/958 961/961/961 957/957/957
g Combined_Mesh_(root:_scene)_45
usemtl Combined_Mesh_(root:_scene)_45
usemap Combined_Mesh_(root:_scene)_45
f 962/962/962 964/964/964 963/963/963
f 962/962/962 963/963/963 965/965/965
f 966/966/966 968/968/968 967/967/967
f 966/966/966 967/967/967 969/969/969
f 970/970/970 972/972/972 971/971/971
f 970/970/970 971/971/971 973/973/973
f 974/974/974 976/976/976 975/975/975
f 974/974/974 977/977/977 976/976/976
f 978/978/978 980/980/980 979/979/979
f 979/979/979 980/980/980 981/981/981
f 982/982/982 984/984/984 983/983/983
f 983/983/983 984/984/984 985/985/985
f 985/985/985 984/984/984 986/986/986
f 987/987/987 989/989/989 988/988/988
f 988/988/988 989/989/989 990/990/990
f 991/991/991 993/993/993 992/992/992
f 992/992/992 993/993/993 994/994/994
f 995/995/995 997/997/997 996/996/996
f 995/995/995 998/998/998 997/997/997
f 997/997/997 999/999/999 996/996/996
f 1000/1000/1000 1002/1002/1002 1001/1001/1001
f 1000/1000/1000 1004/1004/1004 1003/1003/1003
f 1001/1001/1001 1004/1004/1004 1000/1000/1000
f 1005/1005/1005 1007/1007/1007 1006/1006/1006
f 1007/1007/1007 1008/1008/1008 1006/1006/1006
f 1009/1009/1009 1008/1008/1008 1007/1007/1007
f 1010/1010/1010 1012/1012/1012 1011/1011/1011
f 1010/1010/1010 1011/1011/1011 1013/1013/1013
f 1014/1014/1014 1016/1016/1016 1015/1015/1015
f 1017/1017/1017 1019/1019/1019 1018/1018/1018
f 1017/1017/1017 1020/1020/1020 1019/1019/1019
f 1019/1019/1019 1020/1020/1020 1021/1021/1021
f 1021/1021/1021 1020/1020/1020 1022/1022/1022
f 1023/1023/1023 1025/1025/1025 1024/1024/1024
f 1026/1026/1026 1028/1028/1028 1027/1027/1027
f 1028/1028/1028 1029/1029/1029 1027/1027/1027
f 1030/1030/1030 1029/1029/1029 1031/1031/1031
f 1031/1031/1031 1029/1029/1029 1028/1028/1028
g Combined_Mesh_(root:_scene)_46
usemtl Combined_Mesh_(root:_scene)_46
usemap Combined_Mesh_(root:_scene)_46
f 1032/1032/1032 1034/1034/1034 1033/1033/1033
f 1035/1035/1035 1034/1034/1034 1032/1032/1032
f 1036/1036/1036 1038/1038/1038 1037/1037/1037
f 1036/1036/1036 1039/1039/1039 1038/1038/1038
f 1040/1040/1040 1042/1042/1042 1041/1041/1041
f 1042/1042/1042 1043/1043/1043 1041/1041/1041
f 1044/1044/1044 1046/1046/1046 1045/1045/1045
f 1044/1044/1044 1047/1047/1047 1046/1046/1046
f 1048/1048/1048 1050/1050/1050 1049/1049/1049
f 1049/1049/1049 1050/1050/1050 1051/1051/1051
f 1052/1052/1052 1054/1054/1054 1053/1053/1053
f 1052/1052/1052 1053/1053/1053 1055/1055/1055
f 1056/1056/1056 1058/1058/1058 1057/1057/1057
f 1057/1057/1057 1058/1058/1058 1059/1059/1059
f 1058/1058/1058 1060/1060/1060 1059/1059/1059
f 1060/1060/1060 1061/1061/1061 1059/1059/1059
f 1062/1062/1062 1064/1064/1064 1063/1063/1063
f 1065/1065/1065 1064/1064/1064 1062/1062/1062
f 1066/1066/1066 1068/1068/1068 1067/1067/1067
f 1066/1066/1066 1069/1069/1069 1068/1068/1068
f 1067/1067/1067 1070/1070/1070 1066/1066/1066
f 1067/1067/1067 1071/1071/1071 1070/1070/1070
f 1072/1072/1072 1074/1074/1074 1073/1073/1073
f 1075/1075/1075 1074/1074/1074 1072/1072/1072
g Combined_Mesh_(root:_scene)_47
usemtl Combined_Mesh_(root:_scene)_47
usemap Combined_Mesh_(root:_scene)_47
f 1076/1076/1076 1078/1078/1078 1077/1077/1077
f 1076/1076/1076 1077/1077/1077 1079/1079/1079
f 1080/1080/1080 1082/1082/1082 1081/1081/1081
f 1080/1080/1080 1081/1081/1081 1083/1083/1083
g Combined_Mesh_(root:_scene)_48
usemtl Combined_Mesh_(root:_scene)_48
usemap Combined_Mesh_(root:_scene)_48
f 1084/1084/1084 1086/1086/1086 1085/1085/1085
f 1084/1084/1084 1085/1085/1085 1087/1087/1087
f 1088/1088/1088 1090/1090/1090 1089/1089/1089
f 1091/1091/1091 1090/1090/1090 1088/1088/1088
f 1092/1092/1092 1094/1094/1094 1093/1093/1093
f 1095/1095/1095 1094/1094/1094 1096/1096/1096
f 1093/1093/1093 1094/1094/1094 1095/1095/1095
f 1097/1097/1097 1099/1099/1099 1098/1098/1098
f 1100/1100/1100 1101/1101/1101 1097/1097/1097
f 1097/1097/1097 1101/1101/1101 1099/1099/1099
f 1102/1102/1102 1104/1104/1104 1103/1103/1103
f 1103/1103/1103 1104/1104/1104 1105/1105/1105
f 1104/1104/1104 1106/1106/1106 1105/1105/1105
f 1107/1107/1107 1109/1109/1109 1108/1108/1108
f 1107/1107/1107 1108/1108/1108 1110/1110/1110
f 1111/1111/1111 1113/1113/1113 1112/1112/1112
f 1114/1114/1114 1113/1113/1113 1111/1111/1111
f 1112/1112/1112 1113/1113/1113 1115/1115/1115
f 1116/1116/1116 1118/1118/1118 1117/1117/1117
f 1116/1116/1116 1117/1117/1117 1119/1119/1119
f 1120/1120/1120 1122/1122/1122 1121/1121/1121
f 1123/1123/1123 1122/1122/1122 1120/1120/1120
g Combined_Mesh_(root:_scene)_49
usemtl Combined_Mesh_(root:_scene)_49
usemap Combined_Mesh_(root:_scene)_49
f 1124/1124/1124 1126/1126/1126 1125/1125/1125
f 1124/1124/1124 1125/1125/1125 1127/1127/1127
f 1128/1128/1128 1130/1130/1130 1129/1129/1129
f 1128/1128/1128 1129/1129/1129 1131/1131/1131
f 1132/1132/1132 1134/1134/1134 1133/1133/1133
f 1135/1135/1135 1134/1134/1134 1132/1132/1132
f 1136/1136/1136 1138/1138/1138 1137/1137/1137
f 1136/1136/1136 1137/1137/1137 1139/1139/1139
g Combined_Mesh_(root:_scene)_50
usemtl Combined_Mesh_(root:_scene)_50
usemap Combined_Mesh_(root:_scene)_50
f 1140/1140/1140 1142/1142/1142 1141/1141/1141
f 1140/1140/1140 1141/1141/1141 1143/1143/1143
f 1144/1144/1144 1146/1146/1146 1145/1145/1145
f 1144/1144/1144 1145/1145/1145 1147/1147/1147
f 1148/1148/1148 1150/1150/1150 1149/1149/1149
f 1148/1148/1148 1149/1149/1149 1151/1151/1151
f 1152/1152/1152 1154/1154/1154 1153/1153/1153
f 1152/1152/1152 1153/1153/1153 1155/1155/1155
f 1156/1156/1156 1158/1158/1158 1157/1157/1157
f 1156/1156/1156 1157/1157/1157 1159/1159/1159
f 1160/1160/1160 1162/1162/1162 1161/1161/1161
f 1160/1160/1160 1161/1161/1161 1163/1163/1163
f 1164/1164/1164 1166/1166/1166 1165/1165/1165
f 1164/1164/1164 1165/1165/1165 1167/1167/1167
f 1168/1168/1168 1170/1170/1170 1169/1169/1169
f 1168/1168/1168 1169/1169/1169 1171/1171/1171
f 1172/1172/1172 1174/1174/1174 1173/1173/1173
f 1175/1175/1175 1174/1174/1174 1172/1172/1172
f 1176/1176/1176 1178/1178/1178 1177/1177/1177
f 1177/1177/1177 1178/1178/1178 1179/1179/1179
f 1180/1180/1180 1182/1182/1182 1181/1181/1181
f 1180/1180/1180 1181/1181/1181 1183/1183/1183
g Combined_Mesh_(root:_scene)_51
usemtl Combined_Mesh_(root:_scene)_51
usemap Combined_Mesh_(root:_scene)_51
f 1184/1184/1184 1186/1186/1186 1185/1185/1185
f 1184/1184/1184 1185/1185/1185 1187/1187/1187
f 1188/1188/1188 1190/1190/1190 1189/1189/1189
f 1188/1188/1188 1189/1189/1189 1191/1191/1191
g Combined_Mesh_(root:_scene)_52
usemtl Combined_Mesh_(root:_scene)_52
usemap Combined_Mesh_(root:_scene)_52
f 1192/1192/1192 1194/1194/1194 1193/1193/1193
f 1192/1192/1192 1195/1195/1195 1194/1194/1194
f 1196/1196/1196 1195/1195/1195 1192/1192/1192
f 1196/1196/1196 1198/1198/1198 1197/1197/1197
f 1197/1197/1197 1195/1195/1195 1196/1196/1196
f 1199/1199/1199 1201/1201/1201 1200/1200/1200
f 1200/1200/1200 1201/1201/1201 1202/1202/1202
f 1199/1199/1199 1203/1203/1203 1201/1201/1201
f 1201/1201/1201 1203/1203/1203 1204/1204/1204
g Combined_Mesh_(root:_scene)_53
usemtl Combined_Mesh_(root:_scene)_53
usemap Combined_Mesh_(root:_scene)_53
f 1205/1205/1205 1207/1207/1207 1206/1206/1206
f 1205/1205/1205 1206/1206/1206 1208/1208/1208
f 1209/1209/1209 1205/1205/1205 1208/1208/1208
f 1209/1209/1209 1208/1208/1208 1210/1210/1210
g Combined_Mesh_(root:_scene)_54
usemtl Combined_Mesh_(root:_scene)_54
usemap Combined_Mesh_(root:_scene)_54
f 1211/1211/1211 1213/1213/1213 1212/1212/1212
f 1211/1211/1211 1212/1212/1212 1214/1214/1214
f 1215/1215/1215 1217/1217/1217 1216/1216/1216
f 1215/1215/1215 1216/1216/1216 1218/1218/1218
f 1219/1219/1219 1221/1221/1221 1220/1220/1220
f 1219/1219/1219 1220/1220/1220 1222/1222/1222
f 1223/1223/1223 1225/1225/1225 1224/1224/1224
f 1223/1223/1223 1224/1224/1224 1226/1226/1226
f 1227/1227/1227 1229/1229/1229 1228/1228/1228
f 1228/1228/1228 1229/1229/1229 1230/1230/1230
f 1229/1229/1229 1231/1231/1231 1230/1230/1230
f 1230/1230/1230 1231/1231/1231 1232/1232/1232
g Combined_Mesh_(root:_scene)_55
usemtl Combined_Mesh_(root:_scene)_55
usemap Combined_Mesh_(root:_scene)_55
f 1233/1233/1233 1235/1235/1235 1234/1234/1234
f 1233/1233/1233 1234/1234/1234 1236/1236/1236
f 1237/1237/1237 1239/1239/1239 1238/1238/1238
f 1237/1237/1237 1238/1238/1238 1240/1240/1240
f 1241/1241/1241 1243/1243/1243 1242/1242/1242
f 1241/1241/1241 1242/1242/1242 1244/1244/1244
f 1245/1245/1245 1247/1247/1247 1246/1246/1246
f 1245/1245/1245 1246/1246/1246 1248/1248/1248
g Combined_Mesh_(root:_scene)_56
usemtl Combined_Mesh_(root:_scene)_56
usemap Combined_Mesh_(root:_scene)_56
f 1249/1249/1249 1251/1251/1251 1250/1250/1250
f 1249/1249/1249 1250/1250/1250 1252/1252/1252
f 1253/1253/1253 1255/1255/1255 1254/1254/1254
f 1256/1256/1256 1255/1255/1255 1253/1253/1253
f 1254/1254/1254 1255/1255/1255 1257/1257/1257
g Combined_Mesh_(root:_scene)_57
usemtl Combined_Mesh_(root:_scene)_57
usemap Combined_Mesh_(root:_scene)_57
f 1258/1258/1258 1260/1260/1260 1259/1259/1259
f 1258/1258/1258 1259/1259/1259 1261/1261/1261
f 1262/1262/1262 1264/1264/1264 1263/1263/1263
f 1262/1262/1262 1263/1263/1263 1265/1265/1265
f 1266/1266/1266 1268/1268/1268 1267/1267/1267
f 1266/1266/1266 1267/1267/1267 1269/1269/1269
f 1270/1270/1270 1272/1272/1272 1271/1271/1271
f 1270/1270/1270 1271/1271/1271 1273/1273/1273
f 1274/1274/1274 1276/1276/1276 1275/1275/1275
f 1274/1274/1274 1275/1275/1275 1277/1277/1277
g Combined_Mesh_(root:_scene)_58
usemtl Combined_Mesh_(root:_scene)_58
usemap Combined_Mesh_(root:_scene)_58
f 1278/1278/1278 1280/1280/1280 1279/1279/1279
f 1278/1278/1278 1279/1279/1279 1281/1281/1281
f 1282/1282/1282 1284/1284/1284 1283/1283/1283
f 1284/1284/1284 1282/1282/1282 1285/1285/1285
f 1286/1286/1286 1283/1283/1283 1287/1287/1287
f 1286/1286/1286 1282/1282/1282 1283/1283/1283
f 1288/1288/1288 1284/1284/1284 1285/1285/1285
f 1288/1288/1288 1285/1285/1285 1289/1289/1289
g Combined_Mesh_(root:_scene)_59
usemtl Combined_Mesh_(root:_scene)_59
usemap Combined_Mesh_(root:_scene)_59
f 1290/1290/1290 1292/1292/1292 1291/1291/1291
f 1293/1293/1293 1292/1292/1292 1290/1290/1290
f 1294/1294/1294 1296/1296/1296 1295/1295/1295
f 1294/1294/1294 1295/1295/1295 1297/1297/1297
f 1298/1298/1298 1300/1300/1300 1299/1299/1299
f 1298/1298/1298 1299/1299/1299 1301/1301/1301
f 1302/1302/1302 1304/1304/1304 1303/1303/1303
f 1303/1303/1303 1304/1304/1304 1305/1305/1305
f 1303/1303/1303 1305/1305/1305 1306/1306/1306
f 1303/1303/1303 1306/1306/1306 1307/1307/1307
f 1308/1308/1308 1310/1310/1310 1309/1309/1309
f 1308/1308/1308 1309/1309/1309 1311/1311/1311
g Combined_Mesh_(root:_scene)_60
usemtl Combined_Mesh_(root:_scene)_60
usemap Combined_Mesh_(root:_scene)_60
f 1312/1312/1312 1314/1314/1314 1313/1313/1313
f 1312/1312/1312 1313/1313/1313 1315/1315/1315
f 1316/1316/1316 1318/1318/1318 1317/1317/1317
f 1316/1316/1316 1317/1317/1317 1319/1319/1319
f 1318/1318/1318 1321/1321/1321 1320/1320/1320
f 1318/1318/1318 1320/1320/1320 1317/1317/1317
g Combined_Mesh_(root:_scene)_61
usemtl Combined_Mesh_(root:_scene)_61
usemap Combined_Mesh_(root:_scene)_61
f 1322/1322/1322 1324/1324/1324 1323/1323/1323
f 1323/1323/1323 1325/1325/1325 1322/1322/1322
f 1322/1322/1322 1325/1325/1325 1326/1326/1326
f 1327/1327/1327 1329/1329/1329 1328/1328/1328
f 1328/1328/1328 1329/1329/1329 1330/1330/1330
f 1331/1331/1331 1330/1330/1330 1329/1329/1329
f 1329/1329/1329 1332/1332/1332 1331/1331/1331
f 1332/1332/1332 1333/1333/1333 1331/1331/1331
f 1333/1333/1333 1334/1334/1334 1331/1331/1331
f 1331/1331/1331 1334/1334/1334 1335/1335/1335
g Combined_Mesh_(root:_scene)_62
usemtl Combined_Mesh_(root:_scene)_62
usemap Combined_Mesh_(root:_scene)_62
f 1336/1336/1336 1338/1338/1338 1337/1337/1337
f 1336/1336/1336 1337/1337/1337 1339/1339/1339
f 1340/1340/1340 1342/1342/1342 1341/1341/1341
f 1340/1340/1340 1341/1341/1341 1343/1343/1343
g Combined_Mesh_(root:_scene)_63
usemtl Combined_Mesh_(root:_scene)_63
usemap Combined_Mesh_(root:_scene)_63
f 1344/1344/1344 1346/1346/1346 1345/1345/1345
f 1344/1344/1344 1345/1345/1345 1347/1347/1347
f 1348/1348/1348 1350/1350/1350 1349/1349/1349
f 1349/1349/1349 1350/1350/1350 1351/1351/1351
f 1352/1352/1352 1354/1354/1354 1353/1353/1353
f 1352/1352/1352 1353/1353/1353 1355/1355/1355
f 1355/1355/1355 1357/1357/1357 1356/1356/1356
f 1357/1357/1357 1355/1355/1355 1353/1353/1353
f 1358/1358/1358 1354/1354/1354 1352/1352/1352
g Combined_Mesh_(root:_scene)_64
usemtl Combined_Mesh_(root:_scene)_64
usemap Combined_Mesh_(root:_scene)_64
f 1359/1359/1359 1361/1361/1361 1360/1360/1360
f 1359/1359/1359 1360/1360/1360 1362/1362/1362
f 1363/1363/1363 1365/1365/1365 1364/1364/1364
f 1363/1363/1363 1364/1364/1364 1366/1366/1366
f 1367/1367/1367 1369/1369/1369 1368/1368/1368
f 1367/1367/1367 1368/1368/1368 1370/1370/1370
f 1371/1371/1371 1373/1373/1373 1372/1372/1372
f 1371/1371/1371 1372/1372/1372 1374/1374/1374
f 1375/1375/1375 1377/1377/1377 1376/1376/1376
f 1375/1375/1375 1376/1376/1376 1378/1378/1378
f 1379/1379/1379 1381/1381/1381 1380/1380/1380
f 1379/1379/1379 1380/1380/1380 1382/1382/1382
f 1383/1383/1383 1385/1385/1385 1384/1384/1384
f 1383/1383/1383 1384/1384/1384 1386/1386/1386
f 1387/1387/1387 1389/1389/1389 1388/1388/1388
f 1387/1387/1387 1388/1388/1388 1390/1390/1390
f 1391/1391/1391 1393/1393/1393 1392/1392/1392
f 1391/1391/1391 1392/1392/1392 1394/1394/1394
f 1395/1395/1395 1397/1397/1397 1396/1396/1396
f 1396/1396/1396 1397/1397/1397 1398/1398/1398
f 1399/1399/1399 1401/1401/1401 1400/1400/1400
f 1399/1399/1399 1400/1400/1400 1402/1402/1402
f 1403/1403/1403 1405/1405/1405 1404/1404/1404
f 1403/1403/1403 1404/1404/1404 1406/1406/1406
f 1407/1407/1407 1409/1409/1409 1408/1408/1408
f 1407/1407/1407 1408/1408/1408 1410/1410/1410
f 1411/1411/1411 1413/1413/1413 1412/1412/1412
f 1411/1411/1411 1412/1412/1412 1414/1414/1414
g Combined_Mesh_(root:_scene)_65
usemtl Combined_Mesh_(root:_scene)_65
usemap Combined_Mesh_(root:_scene)_65
f 1415/1415/1415 1417/1417/1417 1416/1416/1416
f 1416/1416/1416 1417/1417/1417 1418/1418/1418
f 1419/1419/1419 1421/1421/1421 1420/1420/1420
f 1419/1419/1419 1420/1420/1420 1422/1422/1422
f 1423/1423/1423 1425/1425/1425 1424/1424/1424
f 1423/1423/1423 1424/1424/1424 1426/1426/1426
f 1427/1427/1427 1429/1429/1429 1428/1428/1428
f 1427/1427/1427 1428/1428/1428 1430/1430/1430
f 1431/1431/1431 1433/1433/1433 1432/1432/1432
f 1431/1431/1431 1432/1432/1432 1434/1434/1434
f 1435/1435/1435 1437/1437/1437 1436/1436/1436
f 1435/1435/1435 1436/1436/1436 1438/1438/1438
f 1439/1439/1439 1441/1441/1441 1440/1440/1440
f 1439/1439/1439 1440/1440/1440 1442/1442/1442
f 1443/1443/1443 1445/1445/1445 1444/1444/1444
f 1443/1443/1443 1444/1444/1444 1446/1446/1446
f 1447/1447/1447 1449/1449/1449 1448/1448/1448
f 1447/1447/1447 1448/1448/1448 1450/1450/1450
f 1451/1451/1451 1453/1453/1453 1452/1452/1452
f 1451/1451/1451 1452/1452/1452 1454/1454/1454
f 1455/1455/1455 1457/1457/1457 1456/1456/1456
f 1455/1455/1455 1456/1456/1456 1458/1458/1458
f 1459/1459/1459 1461/1461/1461 1460/1460/1460
f 1459/1459/1459 1460/1460/1460 1462/1462/1462
f 1463/1463/1463 1465/1465/1465 1464/1464/1464
f 1463/1463/1463 1464/1464/1464 1466/1466/1466
g Combined_Mesh_(root:_scene)_66
usemtl Combined_Mesh_(root:_scene)_66
usemap Combined_Mesh_(root:_scene)_66
f 1467/1467/1467 1469/1469/1469 1468/1468/1468
f 1468/1468/1468 1469/1469/1469 1470/1470/1470
f 1471/1471/1471 1473/1473/1473 1472/1472/1472
f 1472/1472/1472 1473/1473/1473 1474/1474/1474
f 1475/1475/1475 1477/1477/1477 1476/1476/1476
f 1476/1476/1476 1477/1477/1477 1478/1478/1478
f 1479/1479/1479 1481/1481/1481 1480/1480/1480
f 1482/1482/1482 1481/1481/1481 1479/1479/1479
f 1483/1483/1483 1485/1485/1485 1484/1484/1484
f 1484/1484/1484 1485/1485/1485 1486/1486/1486
f 1487/1487/1487 1489/1489/1489 1488/1488/1488
f 1487/1487/1487 1488/1488/1488 1490/1490/1490
f 1491/1491/1491 1493/1493/1493 1492/1492/1492
f 1491/1491/1491 1492/1492/1492 1494/1494/1494
f 1495/1495/1495 1497/1497/1497 1496/1496/1496
f 1495/1495/1495 1496/1496/1496 1498/1498/1498
f 1499/1499/1499 1501/1501/1501 1500/1500/1500
f 1499/1499/1499 1500/1500/1500 1502/1502/1502
f 1503/1503/1503 1505/1505/1505 1504/1504/1504
f 1503/1503/1503 1504/1504/1504 1506/1506/1506
g Combined_Mesh_(root:_scene)_67
usemtl Combined_Mesh_(root:_scene)_67
usemap Combined_Mesh_(root:_scene)_67
f 1507/1507/1507 1509/1509/1509 1508/1508/1508
f 1507/1507/1507 1508/1508/1508 1510/1510/1510
f 1511/1511/1511 1513/1513/1513 1512/1512/1512
f 1511/1511/1511 1512/1512/1512 1514/1514/1514
f 1515/1515/1515 1517/1517/1517 1516/1516/1516
f 1516/1516/1516 1517/1517/1517 1518/1518/1518
f 1519/1519/1519 1521/1521/1521 1520/1520/1520
f 1522/1522/1522 1521/1521/1521 1519/1519/1519
g Combined_Mesh_(root:_scene)_68
usemtl Combined_Mesh_(root:_scene)_68
usemap Combined_Mesh_(root:_scene)_68
f 1523/1523/1523 1525/1525/1525 1524/1524/1524
f 1523/1523/1523 1524/1524/1524 1526/1526/1526
f 1527/1527/1527 1529/1529/1529 1528/1528/1528
f 1528/1528/1528 1529/1529/1529 1530/1530/1530
f 1531/1531/1531 1533/1533/1533 1532/1532/1532
f 1534/1534/1534 1535/1535/1535 1531/1531/1531
f 1531/1531/1531 1535/1535/1535 1533/1533/1533
f 1536/1536/1536 1538/1538/1538 1537/1537/1537
f 1537/1537/1537 1538/1538/1538 1539/1539/1539
f 1540/1540/1540 1542/1542/1542 1541/1541/1541
f 1542/1542/1542 1543/1543/1543 1541/1541/1541
f 1544/1544/1544 1546/1546/1546 1545/1545/1545
f 1545/1545/1545 1546/1546/1546 1547/1547/1547
f 1546/1546/1546 1548/1548/1548 1547/1547/1547
f 1546/1546/1546 1549/1549/1549 1548/1548/1548
f 1548/1548/1548 1549/1549/1549 1550/1550/1550
f 1550/1550/1550 1549/1549/1549 1551/1551/1551
f 1552/1552/1552 1554/1554/1554 1553/1553/1553
f 1552/1552/1552 1555/1555/1555 1554/1554/1554
f 1556/1556/1556 1555/1555/1555 1552/1552/1552
f 1557/1557/1557 1555/1555/1555 1556/1556/1556
f 1558/1558/1558 1560/1560/1560 1559/1559/1559
f 1558/1558/1558 1559/1559/1559 1561/1561/1561
f 1562/1562/1562 1564/1564/1564 1563/1563/1563
f 1562/1562/1562 1563/1563/1563 1565/1565/1565
g Combined_Mesh_(root:_scene)_69
usemtl Combined_Mesh_(root:_scene)_69
usemap Combined_Mesh_(root:_scene)_69
f 1566/1566/1566 1568/1568/1568 1567/1567/1567
f 1569/1569/1569 1568/1568/1568 1570/1570/1570
f 1570/1570/1570 1568/1568/1568 1566/1566/1566
f 1571/1571/1571 1573/1573/1573 1572/1572/1572
f 1574/1574/1574 1573/1573/1573 1575/1575/1575
f 1575/1575/1575 1573/1573/1573 1571/1571/1571
f 1576/1576/1576 1578/1578/1578 1577/1577/1577
f 1576/1576/1576 1577/1577/1577 1579/1579/1579
f 1580/1580/1580 1582/1582/1582 1581/1581/1581
f 1580/1580/1580 1581/1581/1581 1583/1583/1583
f 1584/1584/1584 1586/1586/1586 1585/1585/1585
f 1584/1584/1584 1585/1585/1585 1587/1587/1587
f 1588/1588/1588 1590/1590/1590 1589/1589/1589
f 1588/1588/1588 1589/1589/1589 1591/1591/1591
g Combined_Mesh_(root:_scene)_70
usemtl Combined_Mesh_(root:_scene)_70
usemap Combined_Mesh_(root:_scene)_70
f 1592/1592/1592 1594/1594/1594 1593/1593/1593
f 1593/1593/1593 1595/1595/1595 1592/1592/1592
f 1596/1596/1596 1598/1598/1598 1597/1597/1597
f 1596/1596/1596 1597/1597/1597 1599/1599/1599
g Combined_Mesh_(root:_scene)_71
usemtl Combined_Mesh_(root:_scene)_71
usemap Combined_Mesh_(root:_scene)_71
f 1600/1600/1600 1602/1602/1602 1601/1601/1601
f 1601/1601/1601 1602/1602/1602 1603/1603/1603
f 1603/1603/1603 1602/1602/1602 1604/1604/1604
f 1605/1605/1605 1607/1607/1607 1606/1606/1606
f 1605/1605/1605 1606/1606/1606 1608/1608/1608
f 1609/1609/1609 1611/1611/1611 1610/1610/1610
f 1609/1609/1609 1612/1612/1612 1611/1611/1611
f 1613/1613/1613 1615/1615/1615 1614/1614/1614
f 1614/1614/1614 1615/1615/1615 1616/1616/1616
f 1617/1617/1617 1619/1619/1619 1618/1618/1618
f 1618/1618/1618 1619/1619/1619 1620/1620/1620
f 1621/1621/1621 1623/1623/1623 1622/1622/1622
f 1623/1623/1623 1624/1624/1624 1622/1622/1622
f 1625/1625/1625 1627/1627/1627 1626/1626/1626
f 1626/1626/1626 1627/1627/1627 1628/1628/1628
f 1629/1629/1629 1631/1631/1631 1630/1630/1630
f 1630/1630/1630 1631/1631/1631 1632/1632/1632
f 1632/1632/1632 1631/1631/1631 1633/1633/1633
f 1634/1634/1634 1636/1636/1636 1635/1635/1635
f 1637/1637/1637 1636/1636/1636 1634/1634/1634
f 1638/1638/1638 1640/1640/1640 1639/1639/1639
f 1638/1638/1638 1639/1639/1639 1641/1641/1641
f 1642/1642/1642 1644/1644/1644 1643/1643/1643
f 1642/1642/1642 1643/1643/1643 1645/1645/1645
f 1646/1646/1646 1648/1648/1648 1647/1647/1647
f 1646/1646/1646 1647/1647/1647 1649/1649/1649
f 1650/1650/1650 1652/1652/1652 1651/1651/1651
f 1650/1650/1650 1651/1651/1651 1653/1653/1653
f 1654/1654/1654 1656/1656/1656 1655/1655/1655
f 1657/1657/1657 1656/1656/1656 1654/1654/1654
f 1658/1658/1658 1660/1660/1660 1659/1659/1659
f 1658/1658/1658 1659/1659/1659 1661/1661/1661
f 1662/1662/1662 1664/1664/1664 1663/1663/1663
f 1662/1662/1662 1663/1663/1663 1665/1665/1665
f 1663/1663/1663 1664/1664/1664 1666/1666/1666
f 1663/1663/1663 1666/1666/1666 1667/1667/1667
f 1668/1668/1668 1670/1670/1670 1669/1669/1669
f 1668/1668/1668 1669/1669/1669 1671/1671/1671
f 1672/1672/1672 1671/1671/1671 1669/1669/1669
f 1672/1672/1672 1669/1669/1669 1673/1673/1673
g Combined_Mesh_(root:_scene)_72
usemtl Combined_Mesh_(root:_scene)_72
usemap Combined_Mesh_(root:_scene)_72
f 1674/1674/1674 1676/1676/1676 1675/1675/1675
f 1675/1675/1675 1676/1676/1676 1677/1677/1677
f 1678/1678/1678 1680/1680/1680 1679/1679/1679
f 1679/1679/1679 1680/1680/1680 1681/1681/1681
f 1682/1682/1682 1684/1684/1684 1683/1683/1683
f 1685/1685/1685 1684/1684/1684 1682/1682/1682
f 1686/1686/1686 1688/1688/1688 1687/1687/1687
f 1687/1687/1687 1688/1688/1688 1689/1689/1689
f 1690/1690/1690 1692/1692/1692 1691/1691/1691
f 1691/1691/1691 1692/1692/1692 1693/1693/1693
g Combined_Mesh_(root:_scene)_73
usemtl Combined_Mesh_(root:_scene)_73
usemap Combined_Mesh_(root:_scene)_73
f 1694/1694/1694 1696/1696/1696 1695/1695/1695
f 1695/1695/1695 1696/1696/1696 1697/1697/1697
f 1698/1698/1698 1700/1700/1700 1699/1699/1699
f 1701/1701/1701 1700/1700/1700 1698/1698/1698
g Combined_Mesh_(root:_scene)_74
usemtl Combined_Mesh_(root:_scene)_74
usemap Combined_Mesh_(root:_scene)_74
f 1702/1702/1702 1704/1704/1704 1703/1703/1703
f 1702/1702/1702 1703/1703/1703 1705/1705/1705
f 1706/1706/1706 1708/1708/1708 1707/1707/1707
f 1706/1706/1706 1707/1707/1707 1709/1709/1709
f 1710/1710/1710 1712/1712/1712 1711/1711/1711
f 1710/1710/1710 1711/1711/1711 1713/1713/1713
g Combined_Mesh_(root:_scene)_75
usemtl Combined_Mesh_(root:_scene)_75
usemap Combined_Mesh_(root:_scene)_75
f 1714/1714/1714 1716/1716/1716 1715/1715/1715
f 1714/1714/1714 1715/1715/1715 1717/1717/1717
g Combined_Mesh_(root:_scene)_76
usemtl Combined_Mesh_(root:_scene)_76
usemap Combined_Mesh_(root:_scene)_76
f 1718/1718/1718 1720/1720/1720 1719/1719/1719
f 1718/1718/1718 1719/1719/1719 1721/1721/1721
f 1722/1722/1722 1724/1724/1724 1723/1723/1723
f 1722/1722/1722 1723/1723/1723 1725/1725/1725
f 1726/1726/1726 1728/1728/1728 1727/1727/1727
f 1726/1726/1726 1727/1727/1727 1729/1729/1729
f 1730/1730/1730 1732/1732/1732 1731/1731/1731
f 1730/1730/1730 1731/1731/1731 1733/1733/1733
f 1734/1734/1734 1736/1736/1736 1735/1735/1735
f 1735/1735/1735 1738/1738/1738 1737/1737/1737
f 1736/1736/1736 1738/1738/1738 1735/1735/1735
f 1739/1739/1739 1741/1741/1741 1740/1740/1740
f 1740/1740/1740 1743/1743/1743 1742/1742/1742
f 1741/1741/1741 1743/1743/1743 1740/1740/1740
f 1744/1744/1744 1746/1746/1746 1745/1745/1745
f 1744/1744/1744 1745/1745/1745 1747/1747/1747
f 1748/1748/1748 1750/1750/1750 1749/1749/1749
f 1748/1748/1748 1749/1749/1749 1751/1751/1751
f 1752/1752/1752 1754/1754/1754 1753/1753/1753
f 1752/1752/1752 1753/1753/1753 1755/1755/1755
f 1756/1756/1756 1758/1758/1758 1757/1757/1757
f 1756/1756/1756 1757/1757/1757 1759/1759/1759
g Combined_Mesh_(root:_scene)_77
usemtl Combined_Mesh_(root:_scene)_77
usemap Combined_Mesh_(root:_scene)_77
f 1760/1760/1760 1762/1762/1762 1761/1761/1761
f 1760/1760/1760 1761/1761/1761 1763/1763/1763
g Combined_Mesh_(root:_scene)_78
usemtl Combined_Mesh_(root:_scene)_78
usemap Combined_Mesh_(root:_scene)_78
f 1764/1764/1764 1766/1766/1766 1765/1765/1765
f 1764/1764/1764 1765/1765/1765 1767/1767/1767
f 1768/1768/1768 1770/1770/1770 1769/1769/1769
f 1768/1768/1768 1769/1769/1769 1771/1771/1771
f 1772/1772/1772 1774/1774/1774 1773/1773/1773
f 1772/1772/1772 1773/1773/1773 1775/1775/1775
f 1776/1776/1776 1778/1778/1778 1777/1777/1777
f 1776/1776/1776 1777/1777/1777 1779/1779/1779
f 1780/1780/1780 1782/1782/1782 1781/1781/1781
f 1780/1780/1780 1781/1781/1781 1783/1783/1783
f 1784/1784/1784 1786/1786/1786 1785/1785/1785
f 1784/1784/1784 1785/1785/1785 1787/1787/1787
f 1788/1788/1788 1790/1790/1790 1789/1789/1789
f 1788/1788/1788 1789/1789/1789 1791/1791/1791
f 1792/1792/1792 1794/1794/1794 1793/1793/1793
f 1792/1792/1792 1793/1793/1793 1795/1795/1795
f 1796/1796/1796 1798/1798/1798 1797/1797/1797
f 1796/1796/1796 1797/1797/1797 1799/1799/1799
f 1800/1800/1800 1802/1802/1802 1801/1801/1801
f 1803/1803/1803 1802/1802/1802 1800/1800/1800
g Combined_Mesh_(root:_scene)_79
usemtl Combined_Mesh_(root:_scene)_79
usemap Combined_Mesh_(root:_scene)_79
f 1804/1804/1804 1806/1806/1806 1805/1805/1805
f 1804/1804/1804 1805/1805/1805 1807/1807/1807
f 1808/1808/1808 1810/1810/1810 1809/1809/1809
f 1808/1808/1808 1809/1809/1809 1811/1811/1811
f 1812/1812/1812 1814/1814/1814 1813/1813/1813
f 1812/1812/1812 1813/1813/1813 1815/1815/1815
f 1816/1816/1816 1818/1818/1818 1817/1817/1817
f 1816/1816/1816 1817/1817/1817 1819/1819/1819
f 1820/1820/1820 1822/1822/1822 1821/1821/1821
f 1820/1820/1820 1821/1821/1821 1823/1823/1823
f 1824/1824/1824 1826/1826/1826 1825/1825/1825
f 1824/1824/1824 1825/1825/1825 1827/1827/1827
f 1828/1828/1828 1830/1830/1830 1829/1829/1829
f 1828/1828/1828 1829/1829/1829 1831/1831/1831
g Combined_Mesh_(root:_scene)_80
usemtl Combined_Mesh_(root:_scene)_80
usemap Combined_Mesh_(root:_scene)_80
f 1832/1832/1832 1834/1834/1834 1833/1833/1833
f 1832/1832/1832 1833/1833/1833 1835/1835/1835
f 1836/1836/1836 1838/1838/1838 1837/1837/1837
f 1836/1836/1836 1837/1837/1837 1839/1839/1839
f 1840/1840/1840 1842/1842/1842 1841/1841/1841
f 1840/1840/1840 1841/1841/1841 1843/1843/1843
f 1844/1844/1844 1846/1846/1846 1845/1845/1845
f 1844/1844/1844 1845/1845/1845 1847/1847/1847
f 1848/1848/1848 1850/1850/1850 1849/1849/1849
f 1848/1848/1848 1849/1849/1849 1851/1851/1851
f 1852/1852/1852 1854/1854/1854 1853/1853/1853
f 1852/1852/1852 1853/1853/1853 1855/1855/1855
f 1856/1856/1856 1858/1858/1858 1857/1857/1857
f 1856/1856/1856 1857/1857/1857 1859/1859/1859
f 1860/1860/1860 1862/1862/1862 1861/1861/1861
f 1860/1860/1860 1861/1861/1861 1863/1863/1863
f 1864/1864/1864 1866/1866/1866 1865/1865/1865
f 1864/1864/1864 1865/1865/1865 1867/1867/1867
f 1868/1868/1868 1870/1870/1870 1869/1869/1869
f 1869/1869/1869 1870/1870/1870 1871/1871/1871
f 1872/1872/1872 1874/1874/1874 1873/1873/1873
f 1872/1872/1872 1873/1873/1873 1875/1875/1875
f 1876/1876/1876 1878/1878/1878 1877/1877/1877
f 1876/1876/1876 1877/1877/1877 1879/1879/1879
f 1880/1880/1880 1882/1882/1882 1881/1881/1881
f 1880/1880/1880 1881/1881/1881 1883/1883/1883
f 1884/1884/1884 1886/1886/1886 1885/1885/1885
f 1884/1884/1884 1885/1885/1885 1887/1887/1887
f 1888/1888/1888 1890/1890/1890 1889/1889/1889
f 1888/1888/1888 1889/1889/1889 1891/1891/1891
f 1892/1892/1892 1894/1894/1894 1893/1893/1893
f 1892/1892/1892 1893/1893/1893 1895/1895/1895
g Combined_Mesh_(root:_scene)_81
usemtl Combined_Mesh_(root:_scene)_81
usemap Combined_Mesh_(root:_scene)_81
f 1896/1896/1896 1898/1898/1898 1897/1897/1897
f 1896/1896/1896 1897/1897/1897 1899/1899/1899
g Combined_Mesh_(root:_scene)_82
usemtl Combined_Mesh_(root:_scene)_82
usemap Combined_Mesh_(root:_scene)_82
f 1900/1900/1900 1902/1902/1902 1901/1901/1901
f 1900/1900/1900 1901/1901/1901 1903/1903/1903
f 1904/1904/1904 1906/1906/1906 1905/1905/1905
f 1904/1904/1904 1905/1905/1905 1907/1907/1907
f 1908/1908/1908 1910/1910/1910 1909/1909/1909
f 1908/1908/1908 1909/1909/1909 1911/1911/1911
f 1912/1912/1912 1914/1914/1914 1913/1913/1913
f 1912/1912/1912 1913/1913/1913 1915/1915/1915
f 1916/1916/1916 1918/1918/1918 1917/1917/1917
f 1916/1916/1916 1917/1917/1917 1919/1919/1919
f 1920/1920/1920 1922/1922/1922 1921/1921/1921
f 1920/1920/1920 1921/1921/1921 1923/1923/1923
f 1924/1924/1924 1926/1926/1926 1925/1925/1925
f 1924/1924/1924 1925/1925/1925 1927/1927/1927
f 1928/1928/1928 1930/1930/1930 1929/1929/1929
f 1928/1928/1928 1929/1929/1929 1931/1931/1931
f 1932/1932/1932 1934/1934/1934 1933/1933/1933
f 1932/1932/1932 1933/1933/1933 1935/1935/1935
f 1936/1936/1936 1938/1938/1938 1937/1937/1937
f 1936/1936/1936 1937/1937/1937 1939/1939/1939
f 1940/1940/1940 1942/1942/1942 1941/1941/1941
f 1940/1940/1940 1941/1941/1941 1943/1943/1943
f 1944/1944/1944 1946/1946/1946 1945/1945/1945
f 1947/1947/1947 1946/1946/1946 1944/1944/1944
f 1948/1948/1948 1950/1950/1950 1949/1949/1949
f 1949/1949/1949 1950/1950/1950 1951/1951/1951
f 1952/1952/1952 1954/1954/1954 1953/1953/1953
f 1953/1953/1953 1954/1954/1954 1955/1955/1955
f 1956/1956/1956 1958/1958/1958 1957/1957/1957
f 1956/1956/1956 1957/1957/1957 1959/1959/1959
f 1960/1960/1960 1962/1962/1962 1961/1961/1961
f 1960/1960/1960 1961/1961/1961 1963/1963/1963
f 1964/1964/1964 1966/1966/1966 1965/1965/1965
f 1964/1964/1964 1965/1965/1965 1967/1967/1967
f 1968/1968/1968 1970/1970/1970 1969/1969/1969
f 1968/1968/1968 1969/1969/1969 1971/1971/1971
f 1972/1972/1972 1974/1974/1974 1973/1973/1973
f 1972/1972/1972 1973/1973/1973 1975/1975/1975
f 1976/1976/1976 1978/1978/1978 1977/1977/1977
f 1976/1976/1976 1977/1977/1977 1979/1979/1979
f 1980/1980/1980 1982/1982/1982 1981/1981/1981
f 1980/1980/1980 1981/1981/1981 1983/1983/1983
f 1984/1984/1984 1986/1986/1986 1985/1985/1985
f 1984/1984/1984 1985/1985/1985 1987/1987/1987
f 1988/1988/1988 1990/1990/1990 1989/1989/1989
f 1988/1988/1988 1989/1989/1989 1991/1991/1991
f 1992/1992/1992 1994/1994/1994 1993/1993/1993
f 1992/1992/1992 1993/1993/1993 1995/1995/1995
f 1996/1996/1996 1998/1998/1998 1997/1997/1997
f 1996/1996/1996 1997/1997/1997 1999/1999/1999
g Combined_Mesh_(root:_scene)_83
usemtl Combined_Mesh_(root:_scene)_83
usemap Combined_Mesh_(root:_scene)_83
f 2000/2000/2000 2002/2002/2002 2001/2001/2001
f 2000/2000/2000 2001/2001/2001 2003/2003/2003
f 2004/2004/2004 2006/2006/2006 2005/2005/2005
f 2004/2004/2004 2005/2005/2005 2007/2007/2007
f 2008/2008/2008 2010/2010/2010 2009/2009/2009
f 2008/2008/2008 2009/2009/2009 2011/2011/2011
f 2012/2012/2012 2014/2014/2014 2013/2013/2013
f 2012/2012/2012 2015/2015/2015 2014/2014/2014
f 2016/2016/2016 2018/2018/2018 2017/2017/2017
f 2017/2017/2017 2018/2018/2018 2019/2019/2019
f 2020/2020/2020 2022/2022/2022 2021/2021/2021
f 2021/2021/2021 2022/2022/2022 2023/2023/2023
f 2024/2024/2024 2026/2026/2026 2025/2025/2025
f 2027/2027/2027 2026/2026/2026 2024/2024/2024
g Combined_Mesh_(root:_scene)_84
usemtl Combined_Mesh_(root:_scene)_84
usemap Combined_Mesh_(root:_scene)_84
f 2028/2028/2028 2030/2030/2030 2029/2029/2029
f 2031/2031/2031 2030/2030/2030 2028/2028/2028
f 2032/2032/2032 2034/2034/2034 2033/2033/2033
f 2034/2034/2034 2035/2035/2035 2033/2033/2033
f 2036/2036/2036 2038/2038/2038 2037/2037/2037
f 2039/2039/2039 2038/2038/2038 2036/2036/2036
f 2040/2040/2040 2042/2042/2042 2041/2041/2041
f 2041/2041/2041 2042/2042/2042 2043/2043/2043
g Combined_Mesh_(root:_scene)_85
usemtl Combined_Mesh_(root:_scene)_85
usemap Combined_Mesh_(root:_scene)_85
f 2044/2044/2044 2046/2046/2046 2045/2045/2045
f 2044/2044/2044 2045/2045/2045 2047/2047/2047
f 2048/2048/2048 2050/2050/2050 2049/2049/2049
f 2048/2048/2048 2049/2049/2049 2051/2051/2051
f 2052/2052/2052 2054/2054/2054 2053/2053/2053
f 2052/2052/2052 2053/2053/2053 2055/2055/2055
f 2056/2056/2056 2058/2058/2058 2057/2057/2057
f 2056/2056/2056 2057/2057/2057 2059/2059/2059
f 2060/2060/2060 2062/2062/2062 2061/2061/2061
f 2060/2060/2060 2061/2061/2061 2063/2063/2063
f 2064/2064/2064 2066/2066/2066 2065/2065/2065
f 2064/2064/2064 2065/2065/2065 2067/2067/2067
g Combined_Mesh_(root:_scene)_86
usemtl Combined_Mesh_(root:_scene)_86
usemap Combined_Mesh_(root:_scene)_86
f 2068/2068/2068 2070/2070/2070 2069/2069/2069
f 2068/2068/2068 2069/2069/2069 2071/2071/2071
g Combined_Mesh_(root:_scene)_87
usemtl Combined_Mesh_(root:_scene)_87
usemap Combined_Mesh_(root:_scene)_87
f 2072/2072/2072 2074/2074/2074 2073/2073/2073
f 2073/2073/2073 2074/2074/2074 2075/2075/2075
f 2076/2076/2076 2078/2078/2078 2077/2077/2077
f 2076/2076/2076 2079/2079/2079 2078/2078/2078
f 2080/2080/2080 2082/2082/2082 2081/2081/2081
f 2083/2083/2083 2082/2082/2082 2080/2080/2080
f 2084/2084/2084 2086/2086/2086 2085/2085/2085
f 2085/2085/2085 2086/2086/2086 2087/2087/2087
f 2087/2087/2087 2086/2086/2086 2088/2088/2088
f 2089/2089/2089 2091/2091/2091 2090/2090/2090
f 2090/2090/2090 2091/2091/2091 2092/2092/2092
f 2090/2090/2090 2094/2094/2094 2093/2093/2093
f 2090/2090/2090 2092/2092/2092 2094/2094/2094
f 2094/2094/2094 2092/2092/2092 2095/2095/2095
f 2095/2095/2095 2092/2092/2092 2096/2096/2096
f 2097/2097/2097 2091/2091/2091 2089/2089/2089
f 2098/2098/2098 2091/2091/2091 2097/2097/2097
f 2099/2099/2099 2091/2091/2091 2098/2098/2098
f 2100/2100/2100 2102/2102/2102 2101/2101/2101
f 2103/2103/2103 2102/2102/2102 2100/2100/2100
f 2104/2104/2104 2106/2106/2106 2105/2105/2105
f 2104/2104/2104 2107/2107/2107 2106/2106/2106
f 2108/2108/2108 2107/2107/2107 2104/2104/2104
f 2109/2109/2109 2111/2111/2111 2110/2110/2110
f 2110/2110/2110 2111/2111/2111 2112/2112/2112
f 2113/2113/2113 2111/2111/2111 2109/2109/2109
g Combined_Mesh_(root:_scene)_88
usemtl Combined_Mesh_(root:_scene)_88
usemap Combined_Mesh_(root:_scene)_88
f 2114/2114/2114 2116/2116/2116 2115/2115/2115
f 2117/2117/2117 2116/2116/2116 2114/2114/2114
f 2118/2118/2118 2120/2120/2120 2119/2119/2119
f 2119/2119/2119 2121/2121/2121 2118/2118/2118
f 2122/2122/2122 2121/2121/2121 2119/2119/2119
f 2123/2123/2123 2125/2125/2125 2124/2124/2124
f 2126/2126/2126 2125/2125/2125 2123/2123/2123
f 2127/2127/2127 2129/2129/2129 2128/2128/2128
f 2130/2130/2130 2129/2129/2129 2127/2127/2127
f 2131/2131/2131 2133/2133/2133 2132/2132/2132
f 2134/2134/2134 2133/2133/2133 2131/2131/2131
f 2132/2132/2132 2136/2136/2136 2135/2135/2135
f 2133/2133/2133 2136/2136/2136 2132/2132/2132
f 2135/2135/2135 2138/2138/2138 2137/2137/2137
f 2136/2136/2136 2138/2138/2138 2135/2135/2135
f 2139/2139/2139 2141/2141/2141 2140/2140/2140
f 2139/2139/2139 2140/2140/2140 2142/2142/2142
f 2143/2143/2143 2145/2145/2145 2144/2144/2144
f 2146/2146/2146 2145/2145/2145 2143/2143/2143
f 2147/2147/2147 2145/2145/2145 2146/2146/2146
f 2148/2148/2148 2150/2150/2150 2149/2149/2149
f 2151/2151/2151 2152/2152/2152 2149/2149/2149
f 2149/2149/2149 2152/2152/2152 2148/2148/2148
f 2153/2153/2153 2152/2152/2152 2151/2151/2151
f 2154/2154/2154 2156/2156/2156 2155/2155/2155
f 2157/2157/2157 2156/2156/2156 2154/2154/2154
f 2158/2158/2158 2156/2156/2156 2159/2159/2159
f 2155/2155/2155 2156/2156/2156 2158/2158/2158
f 2159/2159/2159 2156/2156/2156 2160/2160/2160
f 2161/2161/2161 2163/2163/2163 2162/2162/2162
f 2161/2161/2161 2162/2162/2162 2164/2164/2164
f 2165/2165/2165 2167/2167/2167 2166/2166/2166
f 2165/2165/2165 2166/2166/2166 2168/2168/2168
f 2169/2169/2169 2171/2171/2171 2170/2170/2170
f 2169/2169/2169 2170/2170/2170 2172/2172/2172
f 2173/2173/2173 2175/2175/2175 2174/2174/2174
f 2176/2176/2176 2175/2175/2175 2173/2173/2173
f 2175/2175/2175 2178/2178/2178 2177/2177/2177
f 2176/2176/2176 2178/2178/2178 2175/2175/2175
f 2179/2179/2179 2181/2181/2181 2180/2180/2180
f 2180/2180/2180 2181/2181/2181 2182/2182/2182
g Combined_Mesh_(root:_scene)_89
usemtl Combined_Mesh_(root:_scene)_89
usemap Combined_Mesh_(root:_scene)_89
f 2183/2183/2183 2185/2185/2185 2184/2184/2184
f 2183/2183/2183 2184/2184/2184 2186/2186/2186
f 2187/2187/2187 2189/2189/2189 2188/2188/2188
f 2187/2187/2187 2188/2188/2188 2190/2190/2190
f 2191/2191/2191 2193/2193/2193 2192/2192/2192
f 2191/2191/2191 2192/2192/2192 2194/2194/2194
f 2195/2195/2195 2197/2197/2197 2196/2196/2196
f 2195/2195/2195 2196/2196/2196 2198/2198/2198
f 2199/2199/2199 2201/2201/2201 2200/2200/2200
f 2199/2199/2199 2200/2200/2200 2202/2202/2202
f 2203/2203/2203 2205/2205/2205 2204/2204/2204
f 2203/2203/2203 2204/2204/2204 2206/2206/2206
f 2207/2207/2207 2209/2209/2209 2208/2208/2208
f 2207/2207/2207 2208/2208/2208 2210/2210/2210
f 2211/2211/2211 2213/2213/2213 2212/2212/2212
f 2211/2211/2211 2212/2212/2212 2214/2214/2214
f 2215/2215/2215 2217/2217/2217 2216/2216/2216
f 2216/2216/2216 2217/2217/2217 2218/2218/2218
f 2218/2218/2218 2217/2217/2217 2219/2219/2219
f 2220/2220/2220 2222/2222/2222 2221/2221/2221
f 2221/2221/2221 2222/2222/2222 2223/2223/2223
g Combined_Mesh_(root:_scene)_90
usemtl Combined_Mesh_(root:_scene)_90
usemap Combined_Mesh_(root:_scene)_90
f 2224/2224/2224 2226/2226/2226 2225/2225/2225
f 2224/2224/2224 2227/2227/2227 2226/2226/2226
g Combined_Mesh_(root:_scene)_91
usemtl Combined_Mesh_(root:_scene)_91
usemap Combined_Mesh_(root:_scene)_91
f 2228/2228/2228 2230/2230/2230 2229/2229/2229
f 2229/2229/2229 2230/2230/2230 2231/2231/2231
g Combined_Mesh_(root:_scene)_92
usemtl Combined_Mesh_(root:_scene)_92
usemap Combined_Mesh_(root:_scene)_92
f 2232/2232/2232 2234/2234/2234 2233/2233/2233
f 2233/2233/2233 2234/2234/2234 2235/2235/2235
f 2236/2236/2236 2238/2238/2238 2237/2237/2237
f 2236/2236/2236 2237/2237/2237 2239/2239/2239
f 2240/2240/2240 2242/2242/2242 2241/2241/2241
f 2240/2240/2240 2241/2241/2241 2243/2243/2243
f 2244/2244/2244 2246/2246/2246 2245/2245/2245
f 2244/2244/2244 2245/2245/2245 2247/2247/2247
f 2248/2248/2248 2250/2250/2250 2249/2249/2249
f 2248/2248/2248 2249/2249/2249 2251/2251/2251
f 2252/2252/2252 2254/2254/2254 2253/2253/2253
f 2252/2252/2252 2253/2253/2253 2255/2255/2255
f 2256/2256/2256 2258/2258/2258 2257/2257/2257
f 2256/2256/2256 2257/2257/2257 2259/2259/2259
f 2260/2260/2260 2262/2262/2262 2261/2261/2261
f 2260/2260/2260 2261/2261/2261 2263/2263/2263
f 2264/2264/2264 2266/2266/2266 2265/2265/2265
f 2265/2265/2265 2268/2268/2268 2267/2267/2267
f 2266/2266/2266 2268/2268/2268 2265/2265/2265
f 2269/2269/2269 2271/2271/2271 2270/2270/2270
f 2270/2270/2270 2271/2271/2271 2272/2272/2272
f 2273/2273/2273 2275/2275/2275 2274/2274/2274
f 2276/2276/2276 2277/2277/2277 2275/2275/2275
f 2273/2273/2273 2278/2278/2278 2275/2275/2275
f 2275/2275/2275 2278/2278/2278 2276/2276/2276
f 2279/2279/2279 2281/2281/2281 2280/2280/2280
f 2282/2282/2282 2281/2281/2281 2279/2279/2279
f 2283/2283/2283 2285/2285/2285 2284/2284/2284
f 2286/2286/2286 2285/2285/2285 2283/2283/2283
f 2287/2287/2287 2289/2289/2289 2288/2288/2288
f 2288/2288/2288 2289/2289/2289 2290/2290/2290
f 2291/2291/2291 2293/2293/2293 2292/2292/2292
f 2294/2294/2294 2293/2293/2293 2291/2291/2291
f 2295/2295/2295 2297/2297/2297 2296/2296/2296
f 2296/2296/2296 2297/2297/2297 2298/2298/2298
f 2298/2298/2298 2297/2297/2297 2299/2299/2299
f 2299/2299/2299 2301/2301/2301 2300/2300/2300
f 2300/2300/2300 2301/2301/2301 2302/2302/2302
f 2297/2297/2297 2301/2301/2301 2299/2299/2299
f 2303/2303/2303 2305/2305/2305 2304/2304/2304
f 2306/2306/2306 2307/2307/2307 2304/2304/2304
f 2304/2304/2304 2307/2307/2307 2303/2303/2303
f 2308/2308/2308 2307/2307/2307 2306/2306/2306
f 2309/2309/2309 2311/2311/2311 2310/2310/2310
f 2312/2312/2312 2311/2311/2311 2309/2309/2309
f 2313/2313/2313 2311/2311/2311 2312/2312/2312
g Combined_Mesh_(root:_scene)_93
usemtl Combined_Mesh_(root:_scene)_93
usemap Combined_Mesh_(root:_scene)_93
f 2314/2314/2314 2316/2316/2316 2315/2315/2315
f 2315/2315/2315 2317/2317/2317 2314/2314/2314
f 2317/2317/2317 2318/2318/2318 2314/2314/2314
g Combined_Mesh_(root:_scene)_94
usemtl Combined_Mesh_(root:_scene)_94
usemap Combined_Mesh_(root:_scene)_94
f 2319/2319/2319 2321/2321/2321 2320/2320/2320
f 2319/2319/2319 2320/2320/2320 2322/2322/2322
f 2323/2323/2323 2325/2325/2325 2324/2324/2324
f 2324/2324/2324 2325/2325/2325 2326/2326/2326
f 2327/2327/2327 2329/2329/2329 2328/2328/2328
f 2329/2329/2329 2330/2330/2330 2328/2328/2328
f 2331/2331/2331 2333/2333/2333 2332/2332/2332
f 2331/2331/2331 2332/2332/2332 2334/2334/2334
f 2335/2335/2335 2337/2337/2337 2336/2336/2336
f 2335/2335/2335 2336/2336/2336 2338/2338/2338
f 2339/2339/2339 2341/2341/2341 2340/2340/2340
f 2340/2340/2340 2341/2341/2341 2342/2342/2342
f 2342/2342/2342 2341/2341/2341 2343/2343/2343
f 2344/2344/2344 2346/2346/2346 2345/2345/2345
f 2344/2344/2344 2345/2345/2345 2347/2347/2347
f 2348/2348/2348 2350/2350/2350 2349/2349/2349
f 2348/2348/2348 2349/2349/2349 2351/2351/2351
f 2352/2352/2352 2354/2354/2354 2353/2353/2353
f 2352/2352/2352 2353/2353/2353 2355/2355/2355
f 2356/2356/2356 2358/2358/2358 2357/2357/2357
f 2356/2356/2356 2357/2357/2357 2359/2359/2359
f 2360/2360/2360 2356/2356/2356 2359/2359/2359
f 2361/2361/2361 2356/2356/2356 2362/2362/2362
f 2362/2362/2362 2356/2356/2356 2360/2360/2360
f 2363/2363/2363 2364/2364/2364 2361/2361/2361
f 2358/2358/2358 2366/2366/2366 2365/2365/2365
f 2357/2357/2357 2358/2358/2358 2365/2365/2365
f 2366/2366/2366 2363/2363/2363 2365/2365/2365
f 2366/2366/2366 2364/2364/2364 2363/2363/2363
f 2367/2367/2367 2369/2369/2369 2368/2368/2368
f 2367/2367/2367 2368/2368/2368 2370/2370/2370
g Combined_Mesh_(root:_scene)_95
usemtl Combined_Mesh_(root:_scene)_95
usemap Combined_Mesh_(root:_scene)_95
f 2371/2371/2371 2373/2373/2373 2372/2372/2372
f 2372/2372/2372 2373/2373/2373 2374/2374/2374
f 2374/2374/2374 2373/2373/2373 2375/2375/2375
f 2376/2376/2376 2378/2378/2378 2377/2377/2377
f 2377/2377/2377 2378/2378/2378 2379/2379/2379
f 2380/2380/2380 2382/2382/2382 2381/2381/2381
f 2381/2381/2381 2383/2383/2383 2380/2380/2380
f 2383/2383/2383 2384/2384/2384 2380/2380/2380
g Combined_Mesh_(root:_scene)_96
usemtl Combined_Mesh_(root:_scene)_96
usemap Combined_Mesh_(root:_scene)_96
f 2385/2385/2385 2387/2387/2387 2386/2386/2386
f 2386/2386/2386 2387/2387/2387 2388/2388/2388
f 2389/2389/2389 2391/2391/2391 2390/2390/2390
f 2389/2389/2389 2390/2390/2390 2392/2392/2392
f 2393/2393/2393 2395/2395/2395 2394/2394/2394
f 2393/2393/2393 2394/2394/2394 2396/2396/2396
f 2397/2397/2397 2399/2399/2399 2398/2398/2398
f 2397/2397/2397 2398/2398/2398 2400/2400/2400
f 2401/2401/2401 2403/2403/2403 2402/2402/2402
f 2402/2402/2402 2405/2405/2405 2404/2404/2404
f 2403/2403/2403 2405/2405/2405 2402/2402/2402
f 2406/2406/2406 2408/2408/2408 2407/2407/2407
f 2409/2409/2409 2408/2408/2408 2406/2406/2406
f 2407/2407/2407 2410/2410/2410 2406/2406/2406
g Combined_Mesh_(root:_scene)_97
usemtl Combined_Mesh_(root:_scene)_97
usemap Combined_Mesh_(root:_scene)_97
f 2411/2411/2411 2413/2413/2413 2412/2412/2412
f 2411/2411/2411 2412/2412/2412 2414/2414/2414
f 2415/2415/2415 2417/2417/2417 2416/2416/2416
f 2415/2415/2415 2416/2416/2416 2418/2418/2418
g Combined_Mesh_(root:_scene)_98
usemtl Combined_Mesh_(root:_scene)_98
usemap Combined_Mesh_(root:_scene)_98
f 2419/2419/2419 2421/2421/2421 2420/2420/2420
f 2419/2419/2419 2420/2420/2420 2422/2422/2422
f 2423/2423/2423 2425/2425/2425 2424/2424/2424
f 2423/2423/2423 2424/2424/2424 2426/2426/2426
g Combined_Mesh_(root:_scene)_99
usemtl Combined_Mesh_(root:_scene)_99
usemap Combined_Mesh_(root:_scene)_99
f 2427/2427/2427 2429/2429/2429 2428/2428/2428
f 2427/2427/2427 2430/2430/2430 2429/2429/2429
f 2431/2431/2431 2430/2430/2430 2427/2427/2427
f 2432/2432/2432 2430/2430/2430 2431/2431/2431
f 2433/2433/2433 2435/2435/2435 2434/2434/2434
f 2433/2433/2433 2434/2434/2434 2436/2436/2436
f 2437/2437/2437 2439/2439/2439 2438/2438/2438
f 2438/2438/2438 2439/2439/2439 2440/2440/2440
f 2441/2441/2441 2443/2443/2443 2442/2442/2442
f 2442/2442/2442 2443/2443/2443 2444/2444/2444
f 2445/2445/2445 2447/2447/2447 2446/2446/2446
f 2446/2446/2446 2447/2447/2447 2448/2448/2448
f 2449/2449/2449 2451/2451/2451 2450/2450/2450
f 2452/2452/2452 2451/2451/2451 2449/2449/2449
f 2453/2453/2453 2454/2454/2454 2449/2449/2449
f 2449/2449/2449 2454/2454/2454 2452/2452/2452
f 2450/2450/2450 2451/2451/2451 2455/2455/2455
f 2451/2451/2451 2456/2456/2456 2455/2455/2455
f 2457/2457/2457 2459/2459/2459 2458/2458/2458
f 2457/2457/2457 2458/2458/2458 2460/2460/2460
f 2461/2461/2461 2463/2463/2463 2462/2462/2462
f 2462/2462/2462 2463/2463/2463 2464/2464/2464
f 2465/2465/2465 2463/2463/2463 2461/2461/2461
f 2466/2466/2466 2468/2468/2468 2467/2467/2467
f 2467/2467/2467 2468/2468/2468 2469/2469/2469
f 2469/2469/2469 2468/2468/2468 2470/2470/2470
g Combined_Mesh_(root:_scene)_100
usemtl Combined_Mesh_(root:_scene)_100
usemap Combined_Mesh_(root:_scene)_100
f 2471/2471/2471 2473/2473/2473 2472/2472/2472
f 2472/2472/2472 2473/2473/2473 2474/2474/2474
g Combined_Mesh_(root:_scene)_101
usemtl Combined_Mesh_(root:_scene)_101
usemap Combined_Mesh_(root:_scene)_101
f 2475/2475/2475 2477/2477/2477 2476/2476/2476
f 2478/2478/2478 2477/2477/2477 2475/2475/2475
f 2479/2479/2479 2478/2478/2478 2480/2480/2480
f 2480/2480/2480 2478/2478/2478 2475/2475/2475
f 2481/2481/2481 2478/2478/2478 2482/2482/2482
f 2482/2482/2482 2478/2478/2478 2479/2479/2479
f 2476/2476/2476 2477/2477/2477 2483/2483/2483
f 2483/2483/2483 2477/2477/2477 2484/2484/2484
f 2484/2484/2484 2477/2477/2477 2485/2485/2485
g Combined_Mesh_(root:_scene)_102
usemtl Combined_Mesh_(root:_scene)_102
usemap Combined_Mesh_(root:_scene)_102
f 2486/2486/2486 2488/2488/2488 2487/2487/2487
f 2487/2487/2487 2488/2488/2488 2489/2489/2489
f 2490/2490/2490 2492/2492/2492 2491/2491/2491
f 2491/2491/2491 2492/2492/2492 2493/2493/2493
f 2494/2494/2494 2496/2496/2496 2495/2495/2495
f 2495/2495/2495 2496/2496/2496 2497/2497/2497
f 2498/2498/2498 2500/2500/2500 2499/2499/2499
f 2499/2499/2499 2500/2500/2500 2501/2501/2501
f 2502/2502/2502 2504/2504/2504 2503/2503/2503
f 2503/2503/2503 2504/2504/2504 2505/2505/2505
f 2506/2506/2506 2508/2508/2508 2507/2507/2507
f 2507/2507/2507 2508/2508/2508 2509/2509/2509
g Combined_Mesh_(root:_scene)_103
usemtl Combined_Mesh_(root:_scene)_103
usemap Combined_Mesh_(root:_scene)_103
f 2510/2510/2510 2512/2512/2512 2511/2511/2511
f 2511/2511/2511 2512/2512/2512 2513/2513/2513
f 2514/2514/2514 2516/2516/2516 2515/2515/2515
f 2515/2515/2515 2516/2516/2516 2517/2517/2517
f 2518/2518/2518 2520/2520/2520 2519/2519/2519
f 2519/2519/2519 2520/2520/2520 2521/2521/2521
f 2522/2522/2522 2524/2524/2524 2523/2523/2523
f 2523/2523/2523 2524/2524/2524 2525/2525/2525
f 2526/2526/2526 2528/2528/2528 2527/2527/2527
f 2527/2527/2527 2528/2528/2528 2529/2529/2529
f 2530/2530/2530 2532/2532/2532 2531/2531/2531
f 2531/2531/2531 2532/2532/2532 2533/2533/2533
g Combined_Mesh_(root:_scene)_104
usemtl Combined_Mesh_(root:_scene)_104
usemap Combined_Mesh_(root:_scene)_104
f 2534/2534/2534 2536/2536/2536 2535/2535/2535
f 2535/2535/2535 2536/2536/2536 2537/2537/2537
f 2538/2538/2538 2540/2540/2540 2539/2539/2539
f 2539/2539/2539 2540/2540/2540 2541/2541/2541
f 2542/2542/2542 2544/2544/2544 2543/2543/2543
f 2543/2543/2543 2544/2544/2544 2545/2545/2545
f 2546/2546/2546 2548/2548/2548 2547/2547/2547
f 2547/2547/2547 2548/2548/2548 2549/2549/2549
f 2550/2550/2550 2552/2552/2552 2551/2551/2551
f 2551/2551/2551 2552/2552/2552 2553/2553/2553
f 2554/2554/2554 2556/2556/2556 2555/2555/2555
f 2555/2555/2555 2556/2556/2556 2557/2557/2557
g Combined_Mesh_(root:_scene)_105
usemtl Combined_Mesh_(root:_scene)_105
usemap Combined_Mesh_(root:_scene)_105
f 2558/2558/2558 2560/2560/2560 2559/2559/2559
f 2559/2559/2559 2560/2560/2560 2561/2561/2561
f 2562/2562/2562 2564/2564/2564 2563/2563/2563
f 2563/2563/2563 2564/2564/2564 2565/2565/2565
f 2566/2566/2566 2568/2568/2568 2567/2567/2567
f 2567/2567/2567 2568/2568/2568 2569/2569/2569
f 2570/2570/2570 2572/2572/2572 2571/2571/2571
f 2571/2571/2571 2572/2572/2572 2573/2573/2573
f 2574/2574/2574 2576/2576/2576 2575/2575/2575
f 2575/2575/2575 2576/2576/2576 2577/2577/2577
f 2578/2578/2578 2580/2580/2580 2579/2579/2579
f 2579/2579/2579 2580/2580/2580 2581/2581/2581
g Combined_Mesh_(root:_scene)_106
usemtl Combined_Mesh_(root:_scene)_106
usemap Combined_Mesh_(root:_scene)_106
f 2582/2582/2582 2584/2584/2584 2583/2583/2583
f 2583/2583/2583 2584/2584/2584 2585/2585/2585
f 2586/2586/2586 2588/2588/2588 2587/2587/2587
f 2587/2587/2587 2588/2588/2588 2589/2589/2589
f 2590/2590/2590 2592/2592/2592 2591/2591/2591
f 2591/2591/2591 2592/2592/2592 2593/2593/2593
f 2594/2594/2594 2596/2596/2596 2595/2595/2595
f 2595/2595/2595 2596/2596/2596 2597/2597/2597
f 2598/2598/2598 2600/2600/2600 2599/2599/2599
f 2599/2599/2599 2600/2600/2600 2601/2601/2601
f 2602/2602/2602 2604/2604/2604 2603/2603/2603
f 2603/2603/2603 2604/2604/2604 2605/2605/2605
g Combined_Mesh_(root:_scene)_107
usemtl Combined_Mesh_(root:_scene)_107
usemap Combined_Mesh_(root:_scene)_107
f 2606/2606/2606 2608/2608/2608 2607/2607/2607
f 2607/2607/2607 2608/2608/2608 2609/2609/2609
f 2610/2610/2610 2612/2612/2612 2611/2611/2611
f 2611/2611/2611 2612/2612/2612 2613/2613/2613
f 2614/2614/2614 2616/2616/2616 2615/2615/2615
f 2615/2615/2615 2616/2616/2616 2617/2617/2617
f 2618/2618/2618 2620/2620/2620 2619/2619/2619
f 2619/2619/2619 2620/2620/2620 2621/2621/2621
f 2622/2622/2622 2624/2624/2624 2623/2623/2623
f 2623/2623/2623 2624/2624/2624 2625/2625/2625
f 2626/2626/2626 2628/2628/2628 2627/2627/2627
f 2627/2627/2627 2628/2628/2628 2629/2629/2629
g Combined_Mesh_(root:_scene)_108
usemtl Combined_Mesh_(root:_scene)_108
usemap Combined_Mesh_(root:_scene)_108
f 2630/2630/2630 2632/2632/2632 2631/2631/2631
f 2631/2631/2631 2632/2632/2632 2633/2633/2633
f 2634/2634/2634 2636/2636/2636 2635/2635/2635
f 2635/2635/2635 2636/2636/2636 2637/2637/2637
f 2638/2638/2638 2640/2640/2640 2639/2639/2639
f 2639/2639/2639 2640/2640/2640 2641/2641/2641
f 2642/2642/2642 2644/2644/2644 2643/2643/2643
f 2643/2643/2643 2644/2644/2644 2645/2645/2645
f 2646/2646/2646 2648/2648/2648 2647/2647/2647
f 2647/2647/2647 2648/2648/2648 2649/2649/2649
f 2650/2650/2650 2652/2652/2652 2651/2651/2651
f 2651/2651/2651 2652/2652/2652 2653/2653/2653
g Combined_Mesh_(root:_scene)_109
usemtl Combined_Mesh_(root:_scene)_109
usemap Combined_Mesh_(root:_scene)_109
f 2654/2654/2654 2656/2656/2656 2655/2655/2655
f 2655/2655/2655 2656/2656/2656 2657/2657/2657
f 2658/2658/2658 2660/2660/2660 2659/2659/2659
f 2659/2659/2659 2660/2660/2660 2661/2661/2661
f 2662/2662/2662 2664/2664/2664 2663/2663/2663
f 2663/2663/2663 2664/2664/2664 2665/2665/2665
f 2666/2666/2666 2668/2668/2668 2667/2667/2667
f 2667/2667/2667 2668/2668/2668 2669/2669/2669
f 2670/2670/2670 2672/2672/2672 2671/2671/2671
f 2671/2671/2671 2672/2672/2672 2673/2673/2673
f 2674/2674/2674 2676/2676/2676 2675/2675/2675
f 2675/2675/2675 2676/2676/2676 2677/2677/2677
g Combined_Mesh_(root:_scene)_110
usemtl Combined_Mesh_(root:_scene)_110
usemap Combined_Mesh_(root:_scene)_110
f 2678/2678/2678 2680/2680/2680 2679/2679/2679
f 2679/2679/2679 2680/2680/2680 2681/2681/2681
f 2682/2682/2682 2684/2684/2684 2683/2683/2683
f 2683/2683/2683 2684/2684/2684 2685/2685/2685
f 2686/2686/2686 2688/2688/2688 2687/2687/2687
f 2687/2687/2687 2688/2688/2688 2689/2689/2689
f 2690/2690/2690 2692/2692/2692 2691/2691/2691
f 2691/2691/2691 2692/2692/2692 2693/2693/2693
f 2694/2694/2694 2696/2696/2696 2695/2695/2695
f 2695/2695/2695 2696/2696/2696 2697/2697/2697
f 2698/2698/2698 2700/2700/2700 2699/2699/2699
f 2699/2699/2699 2700/2700/2700 2701/2701/2701
g Combined_Mesh_(root:_scene)_111
usemtl Combined_Mesh_(root:_scene)_111
usemap Combined_Mesh_(root:_scene)_111
f 2702/2702/2702 2704/2704/2704 2703/2703/2703
f 2703/2703/2703 2704/2704/2704 2705/2705/2705
f 2706/2706/2706 2708/2708/2708 2707/2707/2707
f 2707/2707/2707 2708/2708/2708 2709/2709/2709
f 2710/2710/2710 2712/2712/2712 2711/2711/2711
f 2711/2711/2711 2712/2712/2712 2713/2713/2713
f 2714/2714/2714 2716/2716/2716 2715/2715/2715
f 2715/2715/2715 2716/2716/2716 2717/2717/2717
f 2718/2718/2718 2720/2720/2720 2719/2719/2719
f 2719/2719/2719 2720/2720/2720 2721/2721/2721
f 2722/2722/2722 2724/2724/2724 2723/2723/2723
f 2723/2723/2723 2724/2724/2724 2725/2725/2725
g Combined_Mesh_(root:_scene)_112
usemtl Combined_Mesh_(root:_scene)_112
usemap Combined_Mesh_(root:_scene)_112
f 2726/2726/2726 2728/2728/2728 2727/2727/2727
f 2727/2727/2727 2728/2728/2728 2729/2729/2729
f 2730/2730/2730 2732/2732/2732 2731/2731/2731
f 2731/2731/2731 2732/2732/2732 2733/2733/2733
f 2734/2734/2734 2736/2736/2736 2735/2735/2735
f 2735/2735/2735 2736/2736/2736 2737/2737/2737
f 2738/2738/2738 2740/2740/2740 2739/2739/2739
f 2739/2739/2739 2740/2740/2740 2741/2741/2741
f 2742/2742/2742 2744/2744/2744 2743/2743/2743
f 2743/2743/2743 2744/2744/2744 2745/2745/2745
f 2746/2746/2746 2748/2748/2748 2747/2747/2747
f 2747/2747/2747 2748/2748/2748 2749/2749/2749
g Combined_Mesh_(root:_scene)_113
usemtl Combined_Mesh_(root:_scene)_113
usemap Combined_Mesh_(root:_scene)_113
f 2750/2750/2750 2752/2752/2752 2751/2751/2751
f 2751/2751/2751 2752/2752/2752 2753/2753/2753
f 2754/2754/2754 2756/2756/2756 2755/2755/2755
f 2755/2755/2755 2756/2756/2756 2757/2757/2757
f 2758/2758/2758 2760/2760/2760 2759/2759/2759
f 2759/2759/2759 2760/2760/2760 2761/2761/2761
f 2762/2762/2762 2764/2764/2764 2763/2763/2763
f 2763/2763/2763 2764/2764/2764 2765/2765/2765
f 2766/2766/2766 2768/2768/2768 2767/2767/2767
f 2767/2767/2767 2768/2768/2768 2769/2769/2769
f 2770/2770/2770 2772/2772/2772 2771/2771/2771
f 2771/2771/2771 2772/2772/2772 2773/2773/2773
g Combined_Mesh_(root:_scene)_114
usemtl Combined_Mesh_(root:_scene)_114
usemap Combined_Mesh_(root:_scene)_114
f 2774/2774/2774 2776/2776/2776 2775/2775/2775
f 2775/2775/2775 2776/2776/2776 2777/2777/2777
f 2778/2778/2778 2780/2780/2780 2779/2779/2779
f 2779/2779/2779 2780/2780/2780 2781/2781/2781
f 2782/2782/2782 2784/2784/2784 2783/2783/2783
f 2783/2783/2783 2784/2784/2784 2785/2785/2785
f 2786/2786/2786 2788/2788/2788 2787/2787/2787
f 2787/2787/2787 2788/2788/2788 2789/2789/2789
f 2790/2790/2790 2792/2792/2792 2791/2791/2791
f 2791/2791/2791 2792/2792/2792 2793/2793/2793
f 2794/2794/2794 2796/2796/2796 2795/2795/2795
f 2795/2795/2795 2796/2796/2796 2797/2797/2797
g Combined_Mesh_(root:_scene)_115
usemtl Combined_Mesh_(root:_scene)_115
usemap Combined_Mesh_(root:_scene)_115
f 2798/2798/2798 2800/2800/2800 2799/2799/2799
f 2799/2799/2799 2800/2800/2800 2801/2801/2801
f 2802/2802/2802 2804/2804/2804 2803/2803/2803
f 2803/2803/2803 2804/2804/2804 2805/2805/2805
f 2806/2806/2806 2808/2808/2808 2807/2807/2807
f 2807/2807/2807 2808/2808/2808 2809/2809/2809
f 2810/2810/2810 2812/2812/2812 2811/2811/2811
f 2811/2811/2811 2812/2812/2812 2813/2813/2813
f 2814/2814/2814 2816/2816/2816 2815/2815/2815
f 2815/2815/2815 2816/2816/2816 2817/2817/2817
f 2818/2818/2818 2820/2820/2820 2819/2819/2819
f 2819/2819/2819 2820/2820/2820 2821/2821/2821
g Combined_Mesh_(root:_scene)_116
usemtl Combined_Mesh_(root:_scene)_116
usemap Combined_Mesh_(root:_scene)_116
f 2822/2822/2822 2824/2824/2824 2823/2823/2823
f 2823/2823/2823 2824/2824/2824 2825/2825/2825
f 2826/2826/2826 2828/2828/2828 2827/2827/2827
f 2827/2827/2827 2828/2828/2828 2829/2829/2829
f 2830/2830/2830 2832/2832/2832 2831/2831/2831
f 2831/2831/2831 2832/2832/2832 2833/2833/2833
f 2834/2834/2834 2836/2836/2836 2835/2835/2835
f 2835/2835/2835 2836/2836/2836 2837/2837/2837
f 2838/2838/2838 2840/2840/2840 2839/2839/2839
f 2839/2839/2839 2840/2840/2840 2841/2841/2841
f 2842/2842/2842 2844/2844/2844 2843/2843/2843
f 2843/2843/2843 2844/2844/2844 2845/2845/2845
g Combined_Mesh_(root:_scene)_117
usemtl Combined_Mesh_(root:_scene)_117
usemap Combined_Mesh_(root:_scene)_117
f 2846/2846/2846 2848/2848/2848 2847/2847/2847
f 2847/2847/2847 2848/2848/2848 2849/2849/2849
f 2850/2850/2850 2852/2852/2852 2851/2851/2851
f 2851/2851/2851 2852/2852/2852 2853/2853/2853
f 2854/2854/2854 2856/2856/2856 2855/2855/2855
f 2855/2855/2855 2856/2856/2856 2857/2857/2857
f 2858/2858/2858 2860/2860/2860 2859/2859/2859
f 2859/2859/2859 2860/2860/2860 2861/2861/2861
f 2862/2862/2862 2864/2864/2864 2863/2863/2863
f 2863/2863/2863 2864/2864/2864 2865/2865/2865
f 2866/2866/2866 2868/2868/2868 2867/2867/2867
f 2867/2867/2867 2868/2868/2868 2869/2869/2869
g Combined_Mesh_(root:_scene)_118
usemtl Combined_Mesh_(root:_scene)_118
usemap Combined_Mesh_(root:_scene)_118
f 2870/2870/2870 2872/2872/2872 2871/2871/2871
f 2871/2871/2871 2872/2872/2872 2873/2873/2873
f 2874/2874/2874 2876/2876/2876 2875/2875/2875
f 2875/2875/2875 2876/2876/2876 2877/2877/2877
f 2878/2878/2878 2880/2880/2880 2879/2879/2879
f 2879/2879/2879 2880/2880/2880 2881/2881/2881
f 2882/2882/2882 2884/2884/2884 2883/2883/2883
f 2883/2883/2883 2884/2884/2884 2885/2885/2885
f 2886/2886/2886 2888/2888/2888 2887/2887/2887
f 2887/2887/2887 2888/2888/2888 2889/2889/2889
f 2890/2890/2890 2892/2892/2892 2891/2891/2891
f 2891/2891/2891 2892/2892/2892 2893/2893/2893
g Combined_Mesh_(root:_scene)_119
usemtl Combined_Mesh_(root:_scene)_119
usemap Combined_Mesh_(root:_scene)_119
f 2894/2894/2894 2896/2896/2896 2895/2895/2895
f 2895/2895/2895 2896/2896/2896 2897/2897/2897
f 2898/2898/2898 2900/2900/2900 2899/2899/2899
f 2899/2899/2899 2900/2900/2900 2901/2901/2901
f 2902/2902/2902 2904/2904/2904 2903/2903/2903
f 2903/2903/2903 2904/2904/2904 2905/2905/2905
f 2906/2906/2906 2908/2908/2908 2907/2907/2907
f 2907/2907/2907 2908/2908/2908 2909/2909/2909
f 2910/2910/2910 2912/2912/2912 2911/2911/2911
f 2911/2911/2911 2912/2912/2912 2913/2913/2913
f 2914/2914/2914 2916/2916/2916 2915/2915/2915
f 2915/2915/2915 2916/2916/2916 2917/2917/2917
g Combined_Mesh_(root:_scene)_120
usemtl Combined_Mesh_(root:_scene)_120
usemap Combined_Mesh_(root:_scene)_120
f 2918/2918/2918 2920/2920/2920 2919/2919/2919
f 2919/2919/2919 2920/2920/2920 2921/2921/2921
f 2922/2922/2922 2924/2924/2924 2923/2923/2923
f 2923/2923/2923 2924/2924/2924 2925/2925/2925
f 2926/2926/2926 2928/2928/2928 2927/2927/2927
f 2927/2927/2927 2928/2928/2928 2929/2929/2929
f 2930/2930/2930 2932/2932/2932 2931/2931/2931
f 2931/2931/2931 2932/2932/2932 2933/2933/2933
f 2934/2934/2934 2936/2936/2936 2935/2935/2935
f 2935/2935/2935 2936/2936/2936 2937/2937/2937
f 2938/2938/2938 2940/2940/2940 2939/2939/2939
f 2939/2939/2939 2940/2940/2940 2941/2941/2941
g Combined_Mesh_(root:_scene)_121
usemtl Combined_Mesh_(root:_scene)_121
usemap Combined_Mesh_(root:_scene)_121
f 2942/2942/2942 2944/2944/2944 2943/2943/2943
f 2943/2943/2943 2944/2944/2944 2945/2945/2945
f 2946/2946/2946 2948/2948/2948 2947/2947/2947
f 2947/2947/2947 2948/2948/2948 2949/2949/2949
f 2950/2950/2950 2952/2952/2952 2951/2951/2951
f 2951/2951/2951 2952/2952/2952 2953/2953/2953
f 2954/2954/2954 2956/2956/2956 2955/2955/2955
f 2955/2955/2955 2956/2956/2956 2957/2957/2957
f 2958/2958/2958 2960/2960/2960 2959/2959/2959
f 2959/2959/2959 2960/2960/2960 2961/2961/2961
f 2962/2962/2962 2964/2964/2964 2963/2963/2963
f 2963/2963/2963 2964/2964/2964 2965/2965/2965
g Combined_Mesh_(root:_scene)_122
usemtl Combined_Mesh_(root:_scene)_122
usemap Combined_Mesh_(root:_scene)_122
f 2966/2966/2966 2968/2968/2968 2967/2967/2967
f 2967/2967/2967 2968/2968/2968 2969/2969/2969
f 2970/2970/2970 2972/2972/2972 2971/2971/2971
f 2971/2971/2971 2972/2972/2972 2973/2973/2973
f 2974/2974/2974 2976/2976/2976 2975/2975/2975
f 2975/2975/2975 2976/2976/2976 2977/2977/2977
f 2978/2978/2978 2980/2980/2980 2979/2979/2979
f 2979/2979/2979 2980/2980/2980 2981/2981/2981
f 2982/2982/2982 2984/2984/2984 2983/2983/2983
f 2983/2983/2983 2984/2984/2984 2985/2985/2985
f 2986/2986/2986 2988/2988/2988 2987/2987/2987
f 2987/2987/2987 2988/2988/2988 2989/2989/2989
g Combined_Mesh_(root:_scene)_123
usemtl Combined_Mesh_(root:_scene)_123
usemap Combined_Mesh_(root:_scene)_123
f 2990/2990/2990 2992/2992/2992 2991/2991/2991
f 2991/2991/2991 2992/2992/2992 2993/2993/2993
f 2994/2994/2994 2996/2996/2996 2995/2995/2995
f 2995/2995/2995 2996/2996/2996 2997/2997/2997
f 2998/2998/2998 3000/3000/3000 2999/2999/2999
f 2999/2999/2999 3000/3000/3000 3001/3001/3001
f 3002/3002/3002 3004/3004/3004 3003/3003/3003
f 3003/3003/3003 3004/3004/3004 3005/3005/3005
f 3006/3006/3006 3008/3008/3008 3007/3007/3007
f 3007/3007/3007 3008/3008/3008 3009/3009/3009
f 3010/3010/3010 3012/3012/3012 3011/3011/3011
f 3011/3011/3011 3012/3012/3012 3013/3013/3013
g Combined_Mesh_(root:_scene)_124
usemtl Combined_Mesh_(root:_scene)_124
usemap Combined_Mesh_(root:_scene)_124
f 3014/3014/3014 3016/3016/3016 3015/3015/3015
f 3015/3015/3015 3016/3016/3016 3017/3017/3017
f 3018/3018/3018 3020/3020/3020 3019/3019/3019
f 3019/3019/3019 3020/3020/3020 3021/3021/3021
f 3022/3022/3022 3024/3024/3024 3023/3023/3023
f 3023/3023/3023 3024/3024/3024 3025/3025/3025
f 3026/3026/3026 3028/3028/3028 3027/3027/3027
f 3027/3027/3027 3028/3028/3028 3029/3029/3029
f 3030/3030/3030 3032/3032/3032 3031/3031/3031
f 3031/3031/3031 3032/3032/3032 3033/3033/3033
f 3034/3034/3034 3036/3036/3036 3035/3035/3035
f 3035/3035/3035 3036/3036/3036 3037/3037/3037
g Combined_Mesh_(root:_scene)_125
usemtl Combined_Mesh_(root:_scene)_125
usemap Combined_Mesh_(root:_scene)_125
f 3038/3038/3038 3040/3040/3040 3039/3039/3039
f 3039/3039/3039 3040/3040/3040 3041/3041/3041
f 3042/3042/3042 3044/3044/3044 3043/3043/3043
f 3043/3043/3043 3044/3044/3044 3045/3045/3045
f 3046/3046/3046 3048/3048/3048 3047/3047/3047
f 3047/3047/3047 3048/3048/3048 3049/3049/3049
f 3050/3050/3050 3052/3052/3052 3051/3051/3051
f 3051/3051/3051 3052/3052/3052 3053/3053/3053
f 3054/3054/3054 3056/3056/3056 3055/3055/3055
f 3055/3055/3055 3056/3056/3056 3057/3057/3057
f 3058/3058/3058 3060/3060/3060 3059/3059/3059
f 3059/3059/3059 3060/3060/3060 3061/3061/3061
g Combined_Mesh_(root:_scene)_126
usemtl Combined_Mesh_(root:_scene)_126
usemap Combined_Mesh_(root:_scene)_126
f 3062/3062/3062 3064/3064/3064 3063/3063/3063
f 3063/3063/3063 3064/3064/3064 3065/3065/3065
f 3066/3066/3066 3068/3068/3068 3067/3067/3067
f 3067/3067/3067 3068/3068/3068 3069/3069/3069
f 3070/3070/3070 3072/3072/3072 3071/3071/3071
f 3071/3071/3071 3072/3072/3072 3073/3073/3073
f 3074/3074/3074 3076/3076/3076 3075/3075/3075
f 3075/3075/3075 3076/3076/3076 3077/3077/3077
f 3078/3078/3078 3080/3080/3080 3079/3079/3079
f 3079/3079/3079 3080/3080/3080 3081/3081/3081
f 3082/3082/3082 3084/3084/3084 3083/3083/3083
f 3083/3083/3083 3084/3084/3084 3085/3085/3085
g Combined_Mesh_(root:_scene)_127
usemtl Combined_Mesh_(root:_scene)_127
usemap Combined_Mesh_(root:_scene)_127
f 3086/3086/3086 3088/3088/3088 3087/3087/3087
f 3087/3087/3087 3088/3088/3088 3089/3089/3089
f 3090/3090/3090 3092/3092/3092 3091/3091/3091
f 3091/3091/3091 3092/3092/3092 3093/3093/3093
f 3094/3094/3094 3096/3096/3096 3095/3095/3095
f 3095/3095/3095 3096/3096/3096 3097/3097/3097
f 3098/3098/3098 3100/3100/3100 3099/3099/3099
f 3099/3099/3099 3100/3100/3100 3101/3101/3101
f 3102/3102/3102 3104/3104/3104 3103/3103/3103
f 3103/3103/3103 3104/3104/3104 3105/3105/3105
f 3106/3106/3106 3108/3108/3108 3107/3107/3107
f 3107/3107/3107 3108/3108/3108 3109/3109/3109
g Combined_Mesh_(root:_scene)_128
usemtl Combined_Mesh_(root:_scene)_128
usemap Combined_Mesh_(root:_scene)_128
f 3110/3110/3110 3112/3112/3112 3111/3111/3111
f 3111/3111/3111 3112/3112/3112 3113/3113/3113
f 3114/3114/3114 3116/3116/3116 3115/3115/3115
f 3115/3115/3115 3116/3116/3116 3117/3117/3117
f 3118/3118/3118 3120/3120/3120 3119/3119/3119
f 3119/3119/3119 3120/3120/3120 3121/3121/3121
f 3122/3122/3122 3124/3124/3124 3123/3123/3123
f 3123/3123/3123 3124/3124/3124 3125/3125/3125
f 3126/3126/3126 3128/3128/3128 3127/3127/3127
f 3127/3127/3127 3128/3128/3128 3129/3129/3129
f 3130/3130/3130 3132/3132/3132 3131/3131/3131
f 3131/3131/3131 3132/3132/3132 3133/3133/3133
g Combined_Mesh_(root:_scene)_129
usemtl Combined_Mesh_(root:_scene)_129
usemap Combined_Mesh_(root:_scene)_129
f 3134/3134/3134 3136/3136/3136 3135/3135/3135
f 3135/3135/3135 3136/3136/3136 3137/3137/3137
f 3138/3138/3138 3140/3140/3140 3139/3139/3139
f 3139/3139/3139 3140/3140/3140 3141/3141/3141
f 3142/3142/3142 3144/3144/3144 3143/3143/3143
f 3143/3143/3143 3144/3144/3144 3145/3145/3145
f 3146/3146/3146 3148/3148/3148 3147/3147/3147
f 3147/3147/3147 3148/3148/3148 3149/3149/3149
f 3150/3150/3150 3152/3152/3152 3151/3151/3151
f 3151/3151/3151 3152/3152/3152 3153/3153/3153
f 3154/3154/3154 3156/3156/3156 3155/3155/3155
f 3155/3155/3155 3156/3156/3156 3157/3157/3157
g Combined_Mesh_(root:_scene)_130
usemtl Combined_Mesh_(root:_scene)_130
usemap Combined_Mesh_(root:_scene)_130
f 3158/3158/3158 3160/3160/3160 3159/3159/3159
f 3159/3159/3159 3160/3160/3160 3161/3161/3161
f 3162/3162/3162 3164/3164/3164 3163/3163/3163
f 3163/3163/3163 3164/3164/3164 3165/3165/3165
f 3166/3166/3166 3168/3168/3168 3167/3167/3167
f 3167/3167/3167 3168/3168/3168 3169/3169/3169
f 3170/3170/3170 3172/3172/3172 3171/3171/3171
f 3171/3171/3171 3172/3172/3172 3173/3173/3173
f 3174/3174/3174 3176/3176/3176 3175/3175/3175
f 3175/3175/3175 3176/3176/3176 3177/3177/3177
f 3178/3178/3178 3180/3180/3180 3179/3179/3179
f 3179/3179/3179 3180/3180/3180 3181/3181/3181
g Combined_Mesh_(root:_scene)_131
usemtl Combined_Mesh_(root:_scene)_131
usemap Combined_Mesh_(root:_scene)_131
f 3182/3182/3182 3184/3184/3184 3183/3183/3183
f 3183/3183/3183 3184/3184/3184 3185/3185/3185
f 3186/3186/3186 3188/3188/3188 3187/3187/3187
f 3187/3187/3187 3188/3188/3188 3189/3189/3189
f 3190/3190/3190 3192/3192/3192 3191/3191/3191
f 3191/3191/3191 3192/3192/3192 3193/3193/3193
f 3194/3194/3194 3196/3196/3196 3195/3195/3195
f 3195/3195/3195 3196/3196/3196 3197/3197/3197
f 3198/3198/3198 3200/3200/3200 3199/3199/3199
f 3199/3199/3199 3200/3200/3200 3201/3201/3201
f 3202/3202/3202 3204/3204/3204 3203/3203/3203
f 3203/3203/3203 3204/3204/3204 3205/3205/3205
g Combined_Mesh_(root:_scene)_132
usemtl Combined_Mesh_(root:_scene)_132
usemap Combined_Mesh_(root:_scene)_132
f 3206/3206/3206 3208/3208/3208 3207/3207/3207
f 3207/3207/3207 3208/3208/3208 3209/3209/3209
f 3210/3210/3210 3212/3212/3212 3211/3211/3211
f 3211/3211/3211 3212/3212/3212 3213/3213/3213
f 3214/3214/3214 3216/3216/3216 3215/3215/3215
f 3215/3215/3215 3216/3216/3216 3217/3217/3217
f 3218/3218/3218 3220/3220/3220 3219/3219/3219
f 3219/3219/3219 3220/3220/3220 3221/3221/3221
f 3222/3222/3222 3224/3224/3224 3223/3223/3223
f 3223/3223/3223 3224/3224/3224 3225/3225/3225
f 3226/3226/3226 3228/3228/3228 3227/3227/3227
f 3227/3227/3227 3228/3228/3228 3229/3229/3229
g Combined_Mesh_(root:_scene)_133
usemtl Combined_Mesh_(root:_scene)_133
usemap Combined_Mesh_(root:_scene)_133
f 3230/3230/3230 3232/3232/3232 3231/3231/3231
f 3231/3231/3231 3232/3232/3232 3233/3233/3233
f 3234/3234/3234 3236/3236/3236 3235/3235/3235
f 3235/3235/3235 3236/3236/3236 3237/3237/3237
f 3238/3238/3238 3240/3240/3240 3239/3239/3239
f 3239/3239/3239 3240/3240/3240 3241/3241/3241
f 3242/3242/3242 3244/3244/3244 3243/3243/3243
f 3243/3243/3243 3244/3244/3244 3245/3245/3245
f 3246/3246/3246 3248/3248/3248 3247/3247/3247
f 3247/3247/3247 3248/3248/3248 3249/3249/3249
f 3250/3250/3250 3252/3252/3252 3251/3251/3251
f 3251/3251/3251 3252/3252/3252 3253/3253/3253
g Combined_Mesh_(root:_scene)_134
usemtl Combined_Mesh_(root:_scene)_134
usemap Combined_Mesh_(root:_scene)_134
f 3254/3254/3254 3256/3256/3256 3255/3255/3255
f 3255/3255/3255 3256/3256/3256 3257/3257/3257
f 3258/3258/3258 3260/3260/3260 3259/3259/3259
f 3259/3259/3259 3260/3260/3260 3261/3261/3261
f 3262/3262/3262 3264/3264/3264 3263/3263/3263
f 3263/3263/3263 3264/3264/3264 3265/3265/3265
f 3266/3266/3266 3268/3268/3268 3267/3267/3267
f 3267/3267/3267 3268/3268/3268 3269/3269/3269
f 3270/3270/3270 3272/3272/3272 3271/3271/3271
f 3271/3271/3271 3272/3272/3272 3273/3273/3273
f 3274/3274/3274 3276/3276/3276 3275/3275/3275
f 3275/3275/3275 3276/3276/3276 3277/3277/3277
g Combined_Mesh_(root:_scene)_135
usemtl Combined_Mesh_(root:_scene)_135
usemap Combined_Mesh_(root:_scene)_135
f 3278/3278/3278 3280/3280/3280 3279/3279/3279
f 3279/3279/3279 3280/3280/3280 3281/3281/3281
f 3282/3282/3282 3284/3284/3284 3283/3283/3283
f 3283/3283/3283 3284/3284/3284 3285/3285/3285
f 3286/3286/3286 3288/3288/3288 3287/3287/3287
f 3287/3287/3287 3288/3288/3288 3289/3289/3289
f 3290/3290/3290 3292/3292/3292 3291/3291/3291
f 3291/3291/3291 3292/3292/3292 3293/3293/3293
f 3294/3294/3294 3296/3296/3296 3295/3295/3295
f 3295/3295/3295 3296/3296/3296 3297/3297/3297
f 3298/3298/3298 3300/3300/3300 3299/3299/3299
f 3299/3299/3299 3300/3300/3300 3301/3301/3301
g Combined_Mesh_(root:_scene)_136
usemtl Combined_Mesh_(root:_scene)_136
usemap Combined_Mesh_(root:_scene)_136
f 3302/3302/3302 3304/3304/3304 3303/3303/3303
f 3303/3303/3303 3304/3304/3304 3305/3305/3305
f 3306/3306/3306 3308/3308/3308 3307/3307/3307
f 3307/3307/3307 3308/3308/3308 3309/3309/3309
f 3310/3310/3310 3312/3312/3312 3311/3311/3311
f 3311/3311/3311 3312/3312/3312 3313/3313/3313
f 3314/3314/3314 3316/3316/3316 3315/3315/3315
f 3315/3315/3315 3316/3316/3316 3317/3317/3317
f 3318/3318/3318 3320/3320/3320 3319/3319/3319
f 3319/3319/3319 3320/3320/3320 3321/3321/3321
f 3322/3322/3322 3324/3324/3324 3323/3323/3323
f 3323/3323/3323 3324/3324/3324 3325/3325/3325
g Combined_Mesh_(root:_scene)_137
usemtl Combined_Mesh_(root:_scene)_137
usemap Combined_Mesh_(root:_scene)_137
f 3326/3326/3326 3328/3328/3328 3327/3327/3327
f 3327/3327/3327 3328/3328/3328 3329/3329/3329
f 3330/3330/3330 3332/3332/3332 3331/3331/3331
f 3331/3331/3331 3332/3332/3332 3333/3333/3333
f 3334/3334/3334 3336/3336/3336 3335/3335/3335
f 3335/3335/3335 3336/3336/3336 3337/3337/3337
f 3338/3338/3338 3340/3340/3340 3339/3339/3339
f 3339/3339/3339 3340/3340/3340 3341/3341/3341
f 3342/3342/3342 3344/3344/3344 3343/3343/3343
f 3343/3343/3343 3344/3344/3344 3345/3345/3345
f 3346/3346/3346 3348/3348/3348 3347/3347/3347
f 3347/3347/3347 3348/3348/3348 3349/3349/3349
g Combined_Mesh_(root:_scene)_138
usemtl Combined_Mesh_(root:_scene)_138
usemap Combined_Mesh_(root:_scene)_138
f 3350/3350/3350 3352/3352/3352 3351/3351/3351
f 3351/3351/3351 3352/3352/3352 3353/3353/3353
f 3354/3354/3354 3356/3356/3356 3355/3355/3355
f 3355/3355/3355 3356/3356/3356 3357/3357/3357
f 3358/3358/3358 3360/3360/3360 3359/3359/3359
f 3359/3359/3359 3360/3360/3360 3361/3361/3361
f 3362/3362/3362 3364/3364/3364 3363/3363/3363
f 3363/3363/3363 3364/3364/3364 3365/3365/3365
f 3366/3366/3366 3368/3368/3368 3367/3367/3367
f 3367/3367/3367 3368/3368/3368 3369/3369/3369
f 3370/3370/3370 3372/3372/3372 3371/3371/3371
f 3371/3371/3371 3372/3372/3372 3373/3373/3373
g Combined_Mesh_(root:_scene)_139
usemtl Combined_Mesh_(root:_scene)_139
usemap Combined_Mesh_(root:_scene)_139
f 3374/3374/3374 3376/3376/3376 3375/3375/3375
f 3375/3375/3375 3376/3376/3376 3377/3377/3377
f 3378/3378/3378 3380/3380/3380 3379/3379/3379
f 3379/3379/3379 3380/3380/3380 3381/3381/3381
f 3382/3382/3382 3384/3384/3384 3383/3383/3383
f 3383/3383/3383 3384/3384/3384 3385/3385/3385
f 3386/3386/3386 3388/3388/3388 3387/3387/3387
f 3387/3387/3387 3388/3388/3388 3389/3389/3389
f 3390/3390/3390 3392/3392/3392 3391/3391/3391
f 3391/3391/3391 3392/3392/3392 3393/3393/3393
f 3394/3394/3394 3396/3396/3396 3395/3395/3395
f 3395/3395/3395 3396/3396/3396 3397/3397/3397
g Combined_Mesh_(root:_scene)_140
usemtl Combined_Mesh_(root:_scene)_140
usemap Combined_Mesh_(root:_scene)_140
f 3398/3398/3398 3400/3400/3400 3399/3399/3399
f 3399/3399/3399 3400/3400/3400 3401/3401/3401
f 3402/3402/3402 3404/3404/3404 3403/3403/3403
f 3403/3403/3403 3404/3404/3404 3405/3405/3405
f 3406/3406/3406 3408/3408/3408 3407/3407/3407
f 3407/3407/3407 3408/3408/3408 3409/3409/3409
f 3410/3410/3410 3412/3412/3412 3411/3411/3411
f 3411/3411/3411 3412/3412/3412 3413/3413/3413
f 3414/3414/3414 3416/3416/3416 3415/3415/3415
f 3415/3415/3415 3416/3416/3416 3417/3417/3417
f 3418/3418/3418 3420/3420/3420 3419/3419/3419
f 3419/3419/3419 3420/3420/3420 3421/3421/3421
g Combined_Mesh_(root:_scene)_141
usemtl Combined_Mesh_(root:_scene)_141
usemap Combined_Mesh_(root:_scene)_141
f 3422/3422/3422 3424/3424/3424 3423/3423/3423
f 3423/3423/3423 3424/3424/3424 3425/3425/3425
f 3426/3426/3426 3428/3428/3428 3427/3427/3427
f 3427/3427/3427 3428/3428/3428 3429/3429/3429
f 3430/3430/3430 3432/3432/3432 3431/3431/3431
f 3431/3431/3431 3432/3432/3432 3433/3433/3433
f 3434/3434/3434 3436/3436/3436 3435/3435/3435
f 3435/3435/3435 3436/3436/3436 3437/3437/3437
f 3438/3438/3438 3440/3440/3440 3439/3439/3439
f 3439/3439/3439 3440/3440/3440 3441/3441/3441
f 3442/3442/3442 3444/3444/3444 3443/3443/3443
f 3443/3443/3443 3444/3444/3444 3445/3445/3445
g Combined_Mesh_(root:_scene)_142
usemtl Combined_Mesh_(root:_scene)_142
usemap Combined_Mesh_(root:_scene)_142
f 3446/3446/3446 3448/3448/3448 3447/3447/3447
f 3447/3447/3447 3448/3448/3448 3449/3449/3449
f 3450/3450/3450 3452/3452/3452 3451/3451/3451
f 3451/3451/3451 3452/3452/3452 3453/3453/3453
f 3454/3454/3454 3456/3456/3456 3455/3455/3455
f 3455/3455/3455 3456/3456/3456 3457/3457/3457
f 3458/3458/3458 3460/3460/3460 3459/3459/3459
f 3459/3459/3459 3460/3460/3460 3461/3461/3461
f 3462/3462/3462 3464/3464/3464 3463/3463/3463
f 3463/3463/3463 3464/3464/3464 3465/3465/3465
f 3466/3466/3466 3468/3468/3468 3467/3467/3467
f 3467/3467/3467 3468/3468/3468 3469/3469/3469
g Combined_Mesh_(root:_scene)_143
usemtl Combined_Mesh_(root:_scene)_143
usemap Combined_Mesh_(root:_scene)_143
f 3470/3470/3470 3472/3472/3472 3471/3471/3471
f 3471/3471/3471 3472/3472/3472 3473/3473/3473
f 3474/3474/3474 3476/3476/3476 3475/3475/3475
f 3475/3475/3475 3476/3476/3476 3477/3477/3477
f 3478/3478/3478 3480/3480/3480 3479/3479/3479
f 3479/3479/3479 3480/3480/3480 3481/3481/3481
f 3482/3482/3482 3484/3484/3484 3483/3483/3483
f 3483/3483/3483 3484/3484/3484 3485/3485/3485
f 3486/3486/3486 3488/3488/3488 3487/3487/3487
f 3487/3487/3487 3488/3488/3488 3489/3489/3489
f 3490/3490/3490 3492/3492/3492 3491/3491/3491
f 3491/3491/3491 3492/3492/3492 3493/3493/3493
g Combined_Mesh_(root:_scene)_144
usemtl Combined_Mesh_(root:_scene)_144
usemap Combined_Mesh_(root:_scene)_144
f 3494/3494/3494 3496/3496/3496 3495/3495/3495
f 3495/3495/3495 3496/3496/3496 3497/3497/3497
f 3498/3498/3498 3500/3500/3500 3499/3499/3499
f 3499/3499/3499 3500/3500/3500 3501/3501/3501
f 3502/3502/3502 3504/3504/3504 3503/3503/3503
f 3503/3503/3503 3504/3504/3504 3505/3505/3505
f 3506/3506/3506 3508/3508/3508 3507/3507/3507
f 3507/3507/3507 3508/3508/3508 3509/3509/3509
f 3510/3510/3510 3512/3512/3512 3511/3511/3511
f 3511/3511/3511 3512/3512/3512 3513/3513/3513
f 3514/3514/3514 3516/3516/3516 3515/3515/3515
f 3515/3515/3515 3516/3516/3516 3517/3517/3517
g Combined_Mesh_(root:_scene)_145
usemtl Combined_Mesh_(root:_scene)_145
usemap Combined_Mesh_(root:_scene)_145
f 3518/3518/3518 3520/3520/3520 3519/3519/3519
f 3519/3519/3519 3520/3520/3520 3521/3521/3521
f 3522/3522/3522 3524/3524/3524 3523/3523/3523
f 3523/3523/3523 3524/3524/3524 3525/3525/3525
f 3526/3526/3526 3528/3528/3528 3527/3527/3527
f 3527/3527/3527 3528/3528/3528 3529/3529/3529
f 3530/3530/3530 3532/3532/3532 3531/3531/3531
f 3531/3531/3531 3532/3532/3532 3533/3533/3533
f 3534/3534/3534 3536/3536/3536 3535/3535/3535
f 3535/3535/3535 3536/3536/3536 3537/3537/3537
f 3538/3538/3538 3540/3540/3540 3539/3539/3539
f 3539/3539/3539 3540/3540/3540 3541/3541/3541
g Combined_Mesh_(root:_scene)_146
usemtl Combined_Mesh_(root:_scene)_146
usemap Combined_Mesh_(root:_scene)_146
f 3542/3542/3542 3544/3544/3544 3543/3543/3543
f 3543/3543/3543 3544/3544/3544 3545/3545/3545
f 3546/3546/3546 3548/3548/3548 3547/3547/3547
f 3547/3547/3547 3548/3548/3548 3549/3549/3549
f 3550/3550/3550 3552/3552/3552 3551/3551/3551
f 3551/3551/3551 3552/3552/3552 3553/3553/3553
f 3554/3554/3554 3556/3556/3556 3555/3555/3555
f 3555/3555/3555 3556/3556/3556 3557/3557/3557
f 3558/3558/3558 3560/3560/3560 3559/3559/3559
f 3559/3559/3559 3560/3560/3560 3561/3561/3561
f 3562/3562/3562 3564/3564/3564 3563/3563/3563
f 3563/3563/3563 3564/3564/3564 3565/3565/3565
g Combined_Mesh_(root:_scene)_147
usemtl Combined_Mesh_(root:_scene)_147
usemap Combined_Mesh_(root:_scene)_147
f 3566/3566/3566 3568/3568/3568 3567/3567/3567
f 3567/3567/3567 3568/3568/3568 3569/3569/3569
f 3570/3570/3570 3572/3572/3572 3571/3571/3571
f 3571/3571/3571 3572/3572/3572 3573/3573/3573
f 3574/3574/3574 3576/3576/3576 3575/3575/3575
f 3575/3575/3575 3576/3576/3576 3577/3577/3577
f 3578/3578/3578 3580/3580/3580 3579/3579/3579
f 3579/3579/3579 3580/3580/3580 3581/3581/3581
f 3582/3582/3582 3584/3584/3584 3583/3583/3583
f 3583/3583/3583 3584/3584/3584 3585/3585/3585
f 3586/3586/3586 3588/3588/3588 3587/3587/3587
f 3587/3587/3587 3588/3588/3588 3589/3589/3589
g Combined_Mesh_(root:_scene)_148
usemtl Combined_Mesh_(root:_scene)_148
usemap Combined_Mesh_(root:_scene)_148
f 3590/3590/3590 3592/3592/3592 3591/3591/3591
f 3591/3591/3591 3592/3592/3592 3593/3593/3593
f 3594/3594/3594 3596/3596/3596 3595/3595/3595
f 3595/3595/3595 3596/3596/3596 3597/3597/3597
f 3598/3598/3598 3600/3600/3600 3599/3599/3599
f 3599/3599/3599 3600/3600/3600 3601/3601/3601
f 3602/3602/3602 3604/3604/3604 3603/3603/3603
f 3603/3603/3603 3604/3604/3604 3605/3605/3605
f 3606/3606/3606 3608/3608/3608 3607/3607/3607
f 3607/3607/3607 3608/3608/3608 3609/3609/3609
f 3610/3610/3610 3612/3612/3612 3611/3611/3611
f 3611/3611/3611 3612/3612/3612 3613/3613/3613
g Combined_Mesh_(root:_scene)_149
usemtl Combined_Mesh_(root:_scene)_149
usemap Combined_Mesh_(root:_scene)_149
f 3614/3614/3614 3616/3616/3616 3615/3615/3615
f 3615/3615/3615 3616/3616/3616 3617/3617/3617
g Combined_Mesh_(root:_scene)_150
usemtl Combined_Mesh_(root:_scene)_150
usemap Combined_Mesh_(root:_scene)_150
f 3618/3618/3618 3620/3620/3620 3619/3619/3619
f 3619/3619/3619 3620/3620/3620 3621/3621/3621
g Combined_Mesh_(root:_scene)_151
usemtl Combined_Mesh_(root:_scene)_151
usemap Combined_Mesh_(root:_scene)_151
f 3622/3622/3622 3624/3624/3624 3623/3623/3623
f 3623/3623/3623 3624/3624/3624 3625/3625/3625
g Combined_Mesh_(root:_scene)_152
usemtl Combined_Mesh_(root:_scene)_152
usemap Combined_Mesh_(root:_scene)_152
f 3626/3626/3626 3628/3628/3628 3627/3627/3627
f 3627/3627/3627 3628/3628/3628 3629/3629/3629
g Combined_Mesh_(root:_scene)_153
usemtl Combined_Mesh_(root:_scene)_153
usemap Combined_Mesh_(root:_scene)_153
f 3630/3630/3630 3632/3632/3632 3631/3631/3631
f 3631/3631/3631 3632/3632/3632 3633/3633/3633
g Combined_Mesh_(root:_scene)_154
usemtl Combined_Mesh_(root:_scene)_154
usemap Combined_Mesh_(root:_scene)_154
f 3634/3634/3634 3636/3636/3636 3635/3635/3635
f 3635/3635/3635 3636/3636/3636 3637/3637/3637
g Combined_Mesh_(root:_scene)_155
usemtl Combined_Mesh_(root:_scene)_155
usemap Combined_Mesh_(root:_scene)_155
f 3638/3638/3638 3640/3640/3640 3639/3639/3639
f 3639/3639/3639 3640/3640/3640 3641/3641/3641
g Combined_Mesh_(root:_scene)_156
usemtl Combined_Mesh_(root:_scene)_156
usemap Combined_Mesh_(root:_scene)_156
f 3642/3642/3642 3644/3644/3644 3643/3643/3643
f 3643/3643/3643 3644/3644/3644 3645/3645/3645
g Combined_Mesh_(root:_scene)_157
usemtl Combined_Mesh_(root:_scene)_157
usemap Combined_Mesh_(root:_scene)_157
f 3646/3646/3646 3648/3648/3648 3647/3647/3647
f 3647/3647/3647 3648/3648/3648 3649/3649/3649
f 3650/3650/3650 3652/3652/3652 3651/3651/3651
f 3651/3651/3651 3652/3652/3652 3653/3653/3653
f 3654/3654/3654 3656/3656/3656 3655/3655/3655
f 3655/3655/3655 3656/3656/3656 3657/3657/3657
f 3658/3658/3658 3660/3660/3660 3659/3659/3659
f 3659/3659/3659 3660/3660/3660 3661/3661/3661
f 3662/3662/3662 3664/3664/3664 3663/3663/3663
f 3663/3663/3663 3664/3664/3664 3665/3665/3665
g Combined_Mesh_(root:_scene)_158
usemtl Combined_Mesh_(root:_scene)_158
usemap Combined_Mesh_(root:_scene)_158
f 3666/3666/3666 3668/3668/3668 3667/3667/3667
f 3667/3667/3667 3668/3668/3668 3669/3669/3669
g Combined_Mesh_(root:_scene)_159
usemtl Combined_Mesh_(root:_scene)_159
usemap Combined_Mesh_(root:_scene)_159
f 3670/3670/3670 3672/3672/3672 3671/3671/3671
f 3670/3670/3670 3671/3671/3671 3673/3673/3673
f 3674/3674/3674 3676/3676/3676 3675/3675/3675
f 3674/3674/3674 3675/3675/3675 3677/3677/3677
f 3678/3678/3678 3680/3680/3680 3679/3679/3679
f 3678/3678/3678 3681/3681/3681 3680/3680/3680
f 3682/3682/3682 3684/3684/3684 3683/3683/3683
f 3682/3682/3682 3683/3683/3683 3685/3685/3685
f 3686/3686/3686 3688/3688/3688 3687/3687/3687
f 3686/3686/3686 3689/3689/3689 3688/3688/3688
f 3690/3690/3690 3691/3691/3691 3687/3687/3687
f 3690/3690/3690 3688/3688/3688 3692/3692/3692
f 3687/3687/3687 3688/3688/3688 3690/3690/3690
f 3692/3692/3692 3688/3688/3688 3693/3693/3693
g Combined_Mesh_(root:_scene)_160
usemtl Combined_Mesh_(root:_scene)_160
usemap Combined_Mesh_(root:_scene)_160
f 3694/3694/3694 3696/3696/3696 3695/3695/3695
f 3697/3697/3697 3695/3695/3695 3698/3698/3698
f 3697/3697/3697 3698/3698/3698 3699/3699/3699
f 3698/3698/3698 3695/3695/3695 3696/3696/3696
f 3694/3694/3694 3700/3700/3700 3696/3696/3696
f 3696/3696/3696 3700/3700/3700 3701/3701/3701
f 3702/3702/3702 3700/3700/3700 3694/3694/3694
f 3701/3701/3701 3700/3700/3700 3703/3703/3703
f 3703/3703/3703 3700/3700/3700 3704/3704/3704
f 3703/3703/3703 3704/3704/3704 3705/3705/3705
f 3705/3705/3705 3704/3704/3704 3706/3706/3706
f 3707/3707/3707 3709/3709/3709 3708/3708/3708
f 3710/3710/3710 3709/3709/3709 3707/3707/3707
f 3711/3711/3711 3708/3708/3708 3712/3712/3712
f 3708/3708/3708 3709/3709/3709 3712/3712/3712
f 3712/3712/3712 3709/3709/3709 3713/3713/3713
f 3714/3714/3714 3711/3711/3711 3712/3712/3712
g Combined_Mesh_(root:_scene)_161
usemtl Combined_Mesh_(root:_scene)_161
usemap Combined_Mesh_(root:_scene)_161
f 3715/3715/3715 3717/3717/3717 3716/3716/3716
f 3715/3715/3715 3716/3716/3716 3718/3718/3718
f 3719/3719/3719 3721/3721/3721 3720/3720/3720
f 3721/3721/3721 3722/3722/3722 3720/3720/3720
f 3723/3723/3723 3724/3724/3724 3721/3721/3721
f 3724/3724/3724 3722/3722/3722 3721/3721/3721
f 3725/3725/3725 3722/3722/3722 3724/3724/3724
f 3726/3726/3726 3722/3722/3722 3725/3725/3725
f 3727/3727/3727 3728/3728/3728 3726/3726/3726
f 3728/3728/3728 3722/3722/3722 3726/3726/3726
f 3729/3729/3729 3722/3722/3722 3730/3730/3730
f 3730/3730/3730 3722/3722/3722 3728/3728/3728
g Combined_Mesh_(root:_scene)_162
usemtl Combined_Mesh_(root:_scene)_162
usemap Combined_Mesh_(root:_scene)_162
f 3731/3731/3731 3733/3733/3733 3732/3732/3732
f 3732/3732/3732 3733/3733/3733 3734/3734/3734
f 3735/3735/3735 3733/3733/3733 3731/3731/3731
f 3736/3736/3736 3734/3734/3734 3737/3737/3737
f 3738/3738/3738 3734/3734/3734 3736/3736/3736
f 3737/3737/3737 3733/3733/3733 3739/3739/3739
f 3734/3734/3734 3733/3733/3733 3737/3737/3737
g Combined_Mesh_(root:_scene)_163
usemtl Combined_Mesh_(root:_scene)_163
usemap Combined_Mesh_(root:_scene)_163
f 3740/3740/3740 3742/3742/3742 3741/3741/3741
f 3740/3740/3740 3741/3741/3741 3743/3743/3743
f 3744/3744/3744 3746/3746/3746 3745/3745/3745
f 3744/3744/3744 3745/3745/3745 3747/3747/3747
f 3748/3748/3748 3750/3750/3750 3749/3749/3749
f 3748/3748/3748 3749/3749/3749 3751/3751/3751
f 3752/3752/3752 3754/3754/3754 3753/3753/3753
f 3753/3753/3753 3755/3755/3755 3752/3752/3752
f 3755/3755/3755 3757/3757/3757 3756/3756/3756
f 3756/3756/3756 3758/3758/3758 3755/3755/3755
f 3755/3755/3755 3759/3759/3759 3752/3752/3752
f 3758/3758/3758 3759/3759/3759 3755/3755/3755
f 3760/3760/3760 3762/3762/3762 3761/3761/3761
f 3760/3760/3760 3761/3761/3761 3763/3763/3763
f 3764/3764/3764 3766/3766/3766 3765/3765/3765
f 3764/3764/3764 3765/3765/3765 3767/3767/3767
g Combined_Mesh_(root:_scene)_164
usemtl Combined_Mesh_(root:_scene)_164
usemap Combined_Mesh_(root:_scene)_164
f 3768/3768/3768 3770/3770/3770 3769/3769/3769
f 3770/3770/3770 3771/3771/3771 3769/3769/3769
f 3772/3772/3772 3773/3773/3773 3771/3771/3771
f 3769/3769/3769 3775/3775/3775 3774/3774/3774
f 3774/3774/3774 3775/3775/3775 3776/3776/3776
f 3773/3773/3773 3777/3777/3777 3771/3771/3771
f 3771/3771/3771 3777/3777/3777 3769/3769/3769
f 3769/3769/3769 3777/3777/3777 3775/3775/3775
f 3775/3775/3775 3777/3777/3777 3778/3778/3778
f 3777/3777/3777 3779/3779/3779 3778/3778/3778
f 3780/3780/3780 3782/3782/3782 3781/3781/3781
f 3783/3783/3783 3782/3782/3782 3780/3780/3780
f 3784/3784/3784 3780/3780/3780 3781/3781/3781
f 3784/3784/3784 3781/3781/3781 3785/3785/3785
f 3786/3786/3786 3787/3787/3787 3784/3784/3784
f 3784/3784/3784 3785/3785/3785 3786/3786/3786
