#Combined_Mesh_(root:_scene).obj

v 0 2 10
v -1 2 10
v 0 4 10
v -1 4 10
v -1 2 10
v -1 2 9
v -1 4 10
v -1 4 9
v -1 2 9
v 0 2 9
v -1 4 9
v 0 4 9
v 0 4 10
v -1 4 10
v 0 4 9
v -1 4 9
v -5 1 -3
v -7 1 -3
v -5 3 -3
v -7 3 -3
v -7 1 -5
v -5 1 -5
v -7 3 -5
v -5 3 -5
v -5 1 -5
v -5 1 -3
v -5 3 -5
v -5 3 -3
v -5 3 -3
v -7 3 -3
v -5 3 -5
v -7 3 -5
v 49 2 23
v 50 2 23
v 49 3 23
v 50 3 23
v 50 2 23
v 50 2 26
v 50 3 23
v 50 3 26
v 50 2 26
v 49 2 26
v 50 3 26
v 49 3 26
v 49 4 26
v 50 3 26
v 49 3 26
v 50 4 26
v 49 4 25
v 50 4 26
v 49 4 26
v 50 4 25
v 49 3 25
v 50 4 25
v 49 4 25
v 50 3 25
v 49 3 23
v 50 3 25
v 49 3 25
v 50 3 23
v 50 4 25
v 50 3 26
v 50 4 26
v 50 3 25
v 0 2 29
v -1 2 29
v 0 4 29
v -1 4 29
v -1 2 29
v -1 2 28
v -1 4 29
v -1 4 28
v -1 2 28
v 0 2 28
v -1 4 28
v 0 4 28
v 0 4 29
v -1 4 29
v 0 4 28
v -1 4 28
v 20 3 6
v 19 3 6
v 20 4 6
v 19 4 6
v 19 3 6
v 19 3 3
v 19 4 6
v 19 4 3
v 19 3 3
v 20 3 3
v 19 4 3
v 20 4 3
v 20 4 4
v 19 4 3
v 20 4 3
v 19 4 4
v 20 5 4
v 19 4 4
v 20 4 4
v 19 5 4
v 20 5 5
v 19 5 4
v 20 5 4
v 19 5 5
v 20 4 5
v 19 5 5
v 20 5 5
v 19 4 5
v 20 4 6
v 19 4 5
v 20 4 5
v 19 4 6
v 19 5 5
v 19 4 4
v 19 5 4
v 19 4 5
v 17 3 0
v 16 3 0
v 17 5 0
v 16 5 0
v 16 3 0
v 16 3 -3
v 16 5 0
v 16 5 -3
v 16 3 -3
v 17 3 -3
v 16 5 -3
v 17 5 -3
v 17 5 0
v 16 5 0
v 17 5 -3
v 16 5 -3
v 18 4 0
v 17 3 0
v 17 4 0
v 18 3 0
v 17 4 -1
v 18 4 0
v 17 4 0
v 18 4 -1
v 17 3 -1
v 18 4 -1
v 17 4 -1
v 18 3 -1
v 18 3 -1
v 18 4 0
v 18 4 -1
v 18 3 0
v 17 5 -3
v 17 3 -1
v 17 4 -1
v 17 3 -3
v 17 4 -1
v 17 5 0
v 17 5 -3
v 17 4 0
v 37 2 20
v 38 2 20
v 37 3 20
v 38 3 20
v 38 2 20
v 38 2 23
v 38 3 20
v 38 3 23
v 38 2 23
v 37 2 23
v 38 3 23
v 37 3 23
v 37 3 22
v 38 3 23
v 37 3 23
v 38 3 22
v 37 4 22
v 38 3 22
v 37 3 22
v 38 4 22
v 37 4 21
v 38 4 22
v 37 4 22
v 38 4 21
v 37 3 21
v 38 4 21
v 37 4 21
v 38 3 21
v 37 3 20
v 38 3 21
v 37 3 21
v 38 3 20
v 38 4 21
v 38 3 22
v 38 4 22
v 38 3 21
v 37 3 21
v 37 4 22
v 37 3 22
v 37 4 21
v 0 2 31
v -1 2 31
v 0 4 31
v -1 4 31
v -1 2 31
v -1 2 30
v -1 4 31
v -1 4 30
v -1 2 30
v 0 2 30
v -1 4 30
v 0 4 30
v 0 4 31
v -1 4 31
v 0 4 30
v -1 4 30
v -5 2 28
v -7 2 28
v -5 4 28
v -7 4 28
v -7 2 26
v -5 2 26
v -7 4 26
v -5 4 26
v -5 2 26
v -5 2 28
v -5 4 26
v -5 4 28
v -5 4 28
v -7 4 28
v -5 4 26
v -7 4 26
v 4 2 22
v 3 2 22
v 4 4 22
v 3 4 22
v 3 2 22
v 3 2 21
v 3 4 22
v 3 4 21
v 4 4 22
v 3 4 22
v 4 4 21
v 3 4 21
v 0 2 12
v -1 2 12
v 0 4 12
v -1 4 12
v -1 2 12
v -1 2 11
v -1 4 12
v -1 4 11
v -1 2 11
v 0 2 11
v -1 4 11
v 0 4 11
v 0 4 12
v -1 4 12
v 0 4 11
v -1 4 11
v 43 2 5
v 42 2 5
v 43 3 5
v 42 3 5
v 42 2 5
v 42 2 4
v 42 3 5
v 42 3 4
v 43 2 4
v 43 2 5
v 43 3 4
v 43 3 5
v 43 3 5
v 42 3 5
v 43 3 4
v 42 3 4
v 32 2 28
v 32 2 29
v 32 3 28
v 32 3 29
v 32 2 29
v 29 2 29
v 32 3 29
v 29 3 29
v 29 2 29
v 29 2 28
v 29 3 29
v 29 3 28
v 30 3 28
v 29 3 29
v 29 3 28
v 30 3 29
v 30 4 28
v 30 3 29
v 30 3 28
v 30 4 29
v 31 4 28
v 30 4 29
v 30 4 28
v 31 4 29
v 31 3 28
v 31 4 29
v 31 4 28
v 31 3 29
v 32 3 28
v 31 3 29
v 31 3 28
v 32 3 29
v 31 4 29
v 30 3 29
v 30 4 29
v 31 3 29
v 31 3 28
v 30 4 28
v 30 3 28
v 31 4 28
v 4 2 13
v 5 2 13
v 4 5 13
v 5 5 13
v 4 5 14
v 4 5 13
v 5 5 14
v 5 5 13
v 5.000001 2 13
v 5 5 14
v 5 5 13
v 5.000001 2 14
v 4 2 14
v 5 5 14
v 5.000001 2 14
v 4 5 14
v 9 2 -5
v 7 2 -5
v 9 4 -5
v 7 4 -5
v 7 2 -5
v 7 2 -7
v 7 4 -5
v 7 4 -7
v 7 2 -7
v 9 2 -7
v 7 4 -7
v 9 4 -7
v 9 2 -7
v 9 2 -5
v 9 4 -7
v 9 4 -5
v 9 4 -5
v 7 4 -5
v 9 4 -7
v 7 4 -7
v 32 2 12
v 32 2 13
v 32 4 12
v 32 4 13
v 32 2 13
v 31 2 13
v 32 4 13
v 31 4 13
v 32 4 12
v 32 4 13
v 31 4 12
v 31 4 13
v 31 2 12
v 31 4 13
v 31 2 13
v 31 4 12
v 22 2 16
v 22 2 15
v 22 4 16
v 22 4 15
v 22 2 15
v 23 2 15
v 22 4 15
v 23 4 15
v 22 4 16
v 22 4 15
v 23 4 16
v 23 4 15
v 23 2 15
v 23 4 16
v 23 4 15
v 23 2 16
v 18 2 11
v 18 2 10
v 18 5 11
v 18 5 10
v 18 2 10
v 19 2 10
v 18 5 10
v 19 5 10
v 18 5 11
v 18 5 10
v 19 5 11
v 19 5 10
v 18 2 11
v 19 5 11
v 19 2 11
v 18 5 11
v 19 2 39
v 18 2 39
v 19 4 39
v 18 4 39
v 18 2 39
v 18 2 38
v 18 4 39
v 18 4 38
v 19 4 39
v 18 4 39
v 19 4 38
v 18 4 38
v 18 2 38
v 19 4 38
v 18 4 38
v 19 2 38
v 44 3 -2
v 45 3 -2
v 44 5 -2
v 45 5 -2
v 44 5 -2
v 45 5 -2
v 44 5 1
v 45 5 1
v 43 4 -2
v 44 3 -2
v 44 4 -2
v 43 3 -2
v 44 4 -1
v 43 4 -2
v 44 4 -2
v 43 4 -1
v 44 3 -1
v 43 4 -1
v 44 4 -1
v 43 3 -1
v 43 3 -1
v 43 4 -2
v 43 4 -1
v 43 3 -2
v 44 5 1
v 44 3 -1
v 44 4 -1
v 44 3 1
v 44 4 -1
v 44 5 -2
v 44 5 1
v 44 4 -2
v 11 2 11
v 11 2 10
v 11 5 11
v 11 5 10
v 11 2 10
v 12 2 10
v 11 5 10
v 12 5 10
v 11 5 11
v 11 5 10
v 12 5 11
v 12 5 10
v 12 2 10
v 12 5 11
v 12 5 10
v 12 2 11
v 11 2 11
v 12 5 11
v 12 2 11
v 11 5 11
v 38 3 -3
v 38 3 -4
v 38 5 -3
v 38 5 -4
v 38 3 -4
v 39 3 -4
v 38 5 -4
v 39 5 -4
v 38 5 -3
v 38 5 -4
v 39 5 -3
v 39 5 -4
v 39 3 -4
v 39 5 -3
v 39 5 -4
v 39 3 -3
v 38 3 -3
v 39 5 -3
v 39 3 -3
v 38 5 -3
v 14 3 -5
v 13 3 -5
v 14 5 -5
v 13 5 -5
v 14 3 -6
v 14 3 -5
v 14 5 -6
v 14 5 -5
v 14 5 -5
v 13 5 -5
v 14 5 -6
v 13 5 -6
v 27 2 12
v 27 2 13
v 27 4 12
v 27 4 13
v 27 2 13
v 26 2 13
v 27 4 13
v 26 4 13
v 27 4 12
v 27 4 13
v 26 4 12
v 26 4 13
v 26 2 12
v 26 4 13
v 26 2 13
v 26 4 12
v 39 2 5
v 38 2 5
v 39 4 5
v 38 4 5
v 39 2 4
v 39 2 5
v 39 4 4
v 39 4 5
v 39 4 5
v 38 4 5
v 39 4 4
v 38 4 4
v -2 1 41
v 0 1 41
v -2 3 41
v 0 3 41
v 0 3 43
v -2 3 43
v 0 3 41
v -2 3 41
v -2 2 43
v -2 3 41
v -2 3 43
v -2 2 41
v -3 2 43
v -2 2 41
v -2 2 43
v -3 2 41
v -3 1 43
v -3 2 41
v -3 2 43
v -3 1 41
v -3 1 41
v -2 2 41
v -3 2 41
v -2 1 41
v 22 -2 1
v 21 -2 1
v 22 0 1
v 21 0 1
v 21 -2 -1
v 22 -2 -1
v 21 -1 -1
v 22 -1 -1
v 22 0 1
v 21 0 1
v 22 0 0
v 21 0 0
v 22 -1 0
v 21 -1 0
v 22 -1 -1
v 21 -1 -1
v 21 -1 0
v 22 -1 0
v 21 0 0
v 22 0 0
v 22 0 0
v 22 -2 1
v 22 0 1
v 22 -1 0
v 22 -2 -1
v 22 -1 -1
v 4 2 7
v 5 2 7
v 4 5 7
v 5 5 7
v 4 5 8
v 4 5 7
v 5 5 8
v 5 5 7
v 5.000001 2 7
v 5 5 8
v 5 5 7
v 5.000001 2 8
v 4 2 8
v 5 5 8
v 5.000001 2 8
v 4 5 8
v 5 2 -7
v 3 2 -7
v 5 3 -7
v 3 3 -7
v 3 2 -7
v 3 2 -8
v 3 3 -7
v 3 3 -8
v 5 2 -8
v 5 2 -7
v 5 3 -8
v 5 3 -7
v 5 3 -7
v 3 3 -7
v 5 3 -8
v 3 3 -8
v -1 1 6
v -1 2 8
v -6 1 6
v -6 2 8
v -6 1 8
v -6 1 6
v -6 2 8
v -1 1 6
v -1 1 8
v -1 2 8
v 0 1 6
v -1 1 8
v -1 1 6
v 0 1 8
v 0 1 8
v -1 2 8
v -1 1 8
v 0 2 8
v -7 2 8
v -6 1 8
v -6 2 8
v -7 1 8
v -7 1 8
v -6 1 6
v -6 1 8
v -7 1 6
v 9 2 2
v 5 2 2
v 10 2 0
v 10 2 2
v 10 2 -8
v 3 2 -5
v 3 2 -8
v 3 2 2
v 3 2 0
v 1 1 0
v 1 1 -5
v 3 2 0
v 3 2 -5
v 0 1 6
v -7 1 6
v 0 1 2
v -7 1 -7
v 0 1 -7
v 3 1 -5
v 3 2 -8
v 3 2 -5
v 3 1 -8
v 1 1 -5
v 3 1 -8
v 3 1 -5
v 0 1 -8
v 3 2 -5
v 1 1 -5
v 3 1 -5
v 3 1 2
v 3 2 0
v 3 2 2
v 3 1 0
v 0 1 2
v 3 1 0
v 3 1 2
v 1 1 0
v 1 1 0
v 3 2 0
v 3 1 0
v 0 1 2
v 0 1 -8
v 1 1 -5
v 1 1 -5
v 1 1 0
v 0 1 2
v 42 2 12
v 42 2 17
v 37 2 16
v 37 2 12
v 37 2 37
v 37 2 33
v 42 2 37
v 42 2 33
v 37 2 16
v 42 2 17
v 37 2 28
v 42 2 26
v 37 2 33
v 42 2 26
v 42 2 33
v 37 2 28
v 37 2 28
v 37 2 33
v 21 2 28
v 21 2 33
v 21 2 33
v 19 2 33
v 21 2 29
v 19 2 29
v 37 2 12
v 37 2 16
v 21 2 16
v 19 2 12
v 11 2 -3
v 10 2 0
v 10 2 -3
v 11 2 0
v 13 3 -3
v 11 2 0
v 11 2 -3
v 13 3 0
v 42 2 3
v 39 2 3
v 39 3 1
v 42 3 1
v 45 3 -5
v 45 3 1
v 42 3 1
v 39 3 1
v 37 3 -5
v 37 3 1
v 13 3 6
v 13 3 0
v 20 3 6
v 20 3 -1
v 20 3 -6
v 13 3 -3
v 13 3 -6
v 37 3 -4
v 37 3 -1
v 20 3 -4
v 20 3 -1
v 54 2 4
v 42 2 9
v 42 2 4
v 54 2 9
v 59 2 4
v 54 2 9
v 54 2 4
v 59 2 9
v 42 2 4
v 39 2 3
v 42 2 3
v 39 2 4
v 42 2 4
v 42 2 9
v 38 2 4
v 38 2 9
v 42 2 12
v 38 2 12
v 38 2 9
v 42 2 9
v -6 2 32
v -1 1 34
v -6 1 34
v -1 2 32
v 0 1 32
v -1 1 34
v -1 1 32
v 0 1 36
v -1 2 32
v 0 1 32
v -1 1 32
v 0 2 32
v -6 1 34
v -6 1 32
v -6 2 32
v -7 1 34
v -6 1 32
v -6 1 34
v -7 1 32
v -7 1 32
v -6 2 32
v -6 1 32
v -7 2 32
v 0 2 27
v 0 2 32
v -7 2 27
v -7 2 32
v 0 2 27
v 4 2 26
v 4 2 27
v -1 2 21
v -7 2 27
v -7 2 21
v 4 2 21
v 4 2 22
v -1 2 21
v -5 2 21
v -5 2 16
v -1 2 16
v -7 2 8
v -5 2 16
v -7 2 16
v -1 2 16
v 0 2 8
v 0 2 16
v 1 1 36
v 0 1 39
v 0 1 36
v 1 1 39
v 0 1 36
v -7 1 34
v -1 1 34
v -7 1 43
v 0 1 43
v 3 2 36
v 1 1 39
v 1 1 36
v 3 2 39
v -1 2 32
v -1 1 32
v -1 1 34
v 59 2 18
v 54 2 9
v 59 2 9
v 54 2 18
v 59 2 23
v 54 2 18
v 59 2 18
v 54 2 23
v 49 2 23
v 54 2 18
v 54 2 23
v 49 2 18
v 54 2 32
v 49 2 23
v 54 2 23
v 49 2 33
v 49 2 33
v 49 2 36
v 42 2 36
v 42 2 33
v 49 2 33
v 54 2 32
v 54 2 37
v 49 2 37
v 6 2 27
v 6 2 26
v 13 2 26
v 13 2 27
v 6 2 22
v 13 2 21
v 6 2 21
v 13 2 26
v 13 2 22
v 14 2 22
v 14 2 26
v 6 2 26
v 4 2 26
v 4 2 22
v 6 2 22
v 15 2 35
v 15 2 34
v 18 2 35
v 18 2 34
v 19 2 35
v 19 2 40
v 18 2 35
v 15 2 40
v 15 2 35
v 3 2 40
v 15 2 35
v 15 2 40
v 3 2 35
v 19 2 29
v 14 2 26
v 19 2 21
v 14 2 22
v 14 2 21
v 15 2 34
v 14 2 34
v 19 2 33
v 18 2 34
v 14 2 8
v 17 2 9
v 14 2 9
v 17 2 8
v 10 2 9
v 9 2 6
v 10 2 6
v 5 2 6
v 4 2 9
v 4 2 6
v 10 2 16
v 4 2 16
v 4 2 9
v 10 2 9
v 9 2 6
v 5 2 6
v 9 2 2
v 5 2 2
v 17 2 8
v 14 2 8
v 17 3 6
v 14 3 6
v 19 2 12
v 14 2 9
v 19 2 9
v 10 2 9
v 10 2 16
v 21 2 16
v 36 -2 30
v 21 -2 4
v 36 -2 4
v 21 -2 30
v 36 3 27
v 21 1 27
v 36 1 27
v 21 3 27
v 37 3 28
v 21 3 27
v 36 3 27
v 21 3 28
v 37 2 28
v 21 3 28
v 37 3 28
v 21 2 28
v 37 3 16
v 37 2 28
v 37 3 28
v 37 2 16
v 21 3 16
v 37 2 16
v 37 3 16
v 21 2 16
v 36 3 17
v 21 3 16
v 37 3 16
v 21 3 17
v 36 3 27
v 37 3 28
v 36 1 17
v 21 3 17
v 36 3 17
v 21 1 17
v 21 1 30
v 36 1 27
v 21 1 27
v 36 1 30
v 36 1 4
v 21 1 17
v 36 1 17
v 21 1 4
v 36 1 27
v 36 3 17
v 36 3 27
v 36 1 17
v 21 -2 30
v 36 1 30
v 21 1 30
v 36 -2 30
v 36 -2 27
v 36 1 30
v 36 -2 30
v 36 1 27
v 21 1 27
v 21 -2 30
v 21 1 30
v 21 -2 27
v 36 1 17
v 36 -2 4
v 36 1 4
v 36 -2 17
v 21 -2 18
v 21 1 4
v 21 -2 4
v 21 1 18
v 19 2 34
v 18 2 34
v 19 2 33
v 36 -2 27
v 36 1 17
v 36 1 27
v 36 -2 17
v 21 -2 20
v 13 2 17
v 21 -2 18
v 13 2 20
v 11 2 20
v 13 2 17
v 13 2 20
v 11 2 17
v 11 2 16
v 13 2 17
v 11 2 17
v 13 2 16
v 15 1 18
v 21 1 18
v 21 -2 18
v 17 7 6
v 14 5 6
v 17 5 6
v 14 7 6
v 17 7 6
v 17 5 6
v 20 7 6
v 20 1 6
v 17 1 6
v 13 7 -3
v 13 5 0
v 13 7 0
v 13 5 -3
v 13 7 6
v 13 7 0
v 13 5 0
v 13 1 0
v 13 1 6
v 13 7 6
v 14 5 6
v 14 7 6
v 13 1 6
v 14 1 6
v 13 7 -6
v 13 5 -3
v 13 7 -3
v 13 1 -6
v 13 1 -3
v 20 1 -4
v 37 6 -4
v 37 1 -4
v 20 6 -4
v 20 6 -1
v 37 1 -1
v 37 6 -1
v 20 1 -1
v 20 7 -4
v 20 6 -1
v 20 6 -4
v 20 7 -1
v 20 7 -6
v 13 1 -6
v 13 7 -6
v 20 1 -6
v 20 7 -4
v 20 1 -6
v 20 7 -6
v 20 1 -4
v 20 7 6
v 20 6 -1
v 20 7 -1
v 20 1 -1
v 20 1 6
v 20 6 -4
v 37 6 -1
v 37 6 -4
v 20 6 -1
v 13 7 6
v 20 7 -6
v 13 7 -6
v 20 7 6
v 14 5 26
v 13 5 22
v 13 5 26
v 14 5 22
v 14 0 26
v 13 5 26
v 13 0 26
v 14 5 26
v 14 5 22
v 13 0 22
v 13 5 22
v 14 0 22
v 14 6 26
v 14 5 22
v 14 5 26
v 14 6 22
v 14 6 21
v 14 5 22
v 14 6 22
v 14 0 21
v 14 0 22
v 14 6 26
v 14 5 26
v 14 6 34
v 14 0 34
v 14 0 26
v 19 6 33
v 19 5 29
v 19 6 29
v 19 5 33
v 19 6 21
v 19 6 29
v 19 1 29
v 19 0 21
v 14 0 21
v 14 6 21
v 19 0 21
v 19 6 21
v 19 6 34
v 19 5 33
v 19 6 33
v 19 5 34
v 19 0 34
v 19 0 33
v 14 0 34
v 15 5 34
v 14 5 34
v 15 0 34
v 18 0 34
v 19 0 34
v 18 5 34
v 19 5 34
v 15 5 34
v 14 6 34
v 14 5 34
v 19 6 34
v 18 5 34
v 19 5 34
v 15 5 35
v 18 5 34
v 15 5 34
v 18 5 35
v 15 0 35
v 15 5 34
v 15 0 34
v 15 5 35
v 18 5 35
v 18 0 34
v 18 5 34
v 18 0 35
v 19 6 21
v 14 6 21
v 14 6 34
v 19 6 34
v 21 5 33
v 19 5 29
v 19 5 33
v 21 5 29
v 21 7 33
v 21 5 29
v 21 5 33
v 21 7 29
v 37 7 33
v 21 7 33
v 21 0 33
v 37 0 33
v 21 7 20
v 21 3 27
v 21 7 26
v 21 3 20
v 21 7 26
v 21 5 29
v 21 7 29
v 21 3 27
v 21 2 29
v 21 2 28
v 19 5 29
v 21 5 29
v 21 2 29
v 19 1 29
v 21 5 33
v 19 5 33
v 19 0 33
v 21 0 33
v 21 1 20
v 21 3 27
v 21 3 20
v 21 1 27
v 21 -2 20
v 21 1 27
v 21 1 20
v 21 -2 27
v 15 1 20
v 21 -2 20
v 21 1 20
v 59 0 4
v 59 3 4
v 59 0 23
v 59 7 4
v 59 7 23
v 54 7 23
v 59 0 23
v 59 7 23
v 54 0 23
v 54 7 9
v 54 0 18
v 54 7 18
v 54 0 9
v 49 7 18
v 54 7 18
v 49 0 18
v 54 0 18
v 54 7 37
v 54 0 23
v 54 7 23
v 54 0 37
v 49 7 33
v 49 5 36
v 49 7 36
v 49 5 33
v 49 7 37
v 49 7 36
v 49 5 36
v 49 0 37
v 49 0 36
v 54 0 37
v 54 7 37
v 49 0 37
v 49 7 37
v 49 7 33
v 49 7 18
v 49 0 33
v 49 0 18
v 37 0 37
v 37 7 33
v 37 0 33
v 37 7 37
v 42 5 33
v 42 7 36
v 42 5 36
v 42 7 33
v 42 7 37
v 42 5 36
v 42 7 36
v 42 0 37
v 42 0 36
v 37 7 37
v 37 0 37
v 42 0 37
v 42 7 37
v 42 7 12
v 42 7 33
v 42 0 33
v 42 0 12
v 42 5 33
v 49 5 36
v 49 5 33
v 42 5 36
v 42 5 36
v 49 0 36
v 49 5 36
v 42 0 36
v 49 0 33
v 42 5 33
v 49 5 33
v 42 0 33
v 37 3 16
v 37 3 17
v 37 5 16
v 37 5 17
v 37 5 17
v 37 7 12
v 37 5 12
v 37 7 17
v 38 7 12
v 37 5 12
v 37 7 12
v 38 5 12
v 38 1 12
v 37 1 12
v 38 5 12
v 38 7 12
v 42 5 12
v 42 7 12
v 42 5 9
v 38 5 12
v 42 5 12
v 38 5 9
v 38 5 9
v 38 1 12
v 38 5 12
v 38 1 9
v 42 1 12
v 42 5 9
v 42 5 12
v 42 1 9
v -7 7 43
v 0 0 43
v 0 7 43
v -7 0 43
v -1 7 21
v -5 5 21
v -5 7 21
v -1 5 21
v -7 7 21
v -5 7 21
v -5 5 21
v -7 0 21
v -5 0 21
v -7 0 43
v -7 7 43
v -7 0 21
v -7 7 21
v 4 7 21
v -1 5 21
v -1 7 21
v 4 0 21
v -1 0 21
v 0 7 39
v 0 4 36
v 0 7 36
v 0 4 39
v 0 7 43
v 0 4 39
v 0 7 39
v 0 0 43
v 0 0 39
v 0 7 27
v 0 7 36
v 0 0 36
v 0 0 27
v 4 7 27
v 0 7 27
v 0 0 27
v 4 0 27
v 15 6 35
v 18 5 35
v 15 5 35
v 18 6 35
v 19 6 35
v 18 5 35
v 18 6 35
v 19 0 35
v 18 0 35
v 19 6 40
v 19 0 35
v 19 6 35
v 19 0 40
v 3 6 36
v 3 4 39
v 3 6 39
v 3 4 36
v 3 6 40
v 3 6 39
v 3 4 39
v 3 0 40
v 3 0 39
v 19 0 40
v 19 6 40
v 3 0 40
v 3 6 40
v 3 6 35
v 3 4 36
v 3 6 36
v 3 0 35
v 3 0 36
v 15 6 35
v 15 5 35
v 3 6 35
v 3 0 35
v 15 0 35
v 0 0 36
v 3 4 36
v 3 0 36
v 0 4 36
v 3 4 39
v 0 4 36
v 0 4 39
v 3 4 36
v 0 4 39
v 3 0 39
v 3 4 39
v 0 0 39
v 3 6 35
v 19 6 40
v 19 6 35
v 3 6 40
v 42 7 9
v 38 5 9
v 42 5 9
v 38 7 9
v 42 7 4
v 39 5 4
v 39 7 4
v 42 5 4
v 38 7 4
v 39 7 4
v 39 5 4
v 38 1 4
v 39 1 4
v 38 7 4
v 38 5 9
v 38 7 9
v 38 1 4
v 38 1 9
v 46 7 4
v 42 5 4
v 42 7 4
v 46 3 4
v 42 1 4
v 46 1 4
v 42 7 9
v 54 1 9
v 54 7 9
v 42 1 9
v 42 5 1
v 39 5 4
v 42 5 4
v 39 5 1
v 39 1 1
v 39 5 4
v 39 5 1
v 39 1 4
v 42 1 4
v 42 5 1
v 42 5 4
v 42 1 1
v -1 0 16
v -1 5 21
v -1 0 21
v -1 5 16
v -5 5 16
v -1 5 21
v -1 5 16
v -5 5 21
v -5 0 16
v -5 5 21
v -5 5 16
v -5 0 21
v -1 7 16
v -5 5 16
v -1 5 16
v -5 7 16
v -7 7 16
v -5 5 16
v -5 7 16
v -7 0 16
v -5 0 16
v -1 7 16
v -1 5 16
v 0 7 16
v 0 0 16
v -1 0 16
v 0 7 16
v 0 0 16
v 0 0 2
v 0 7 2
v 9 7 6
v 5 5 6
v 5 7 6
v 9 5 6
v 10 7 6
v 9 5 6
v 9 7 6
v 10 0 6
v 9 0 6
v 4 7 6
v 5 7 6
v 5 5 6
v 4 1 6
v 5 1 6
v 4 1 16
v 4 7 16
v 4 1 6
v 4 7 6
v 10 7 6
v 10 7 9
v 10 0 9
v 10 0 6
v 4 7 16
v 4 1 16
v 11 5 16
v 11 7 16
v 11 1 16
v 21 1 16
v 21 7 16
v 13 5 16
v 13 7 16
v 13 1 16
v 11 5 16
v 11 1 16
v 11 5 20
v 11 1 20
v 13 5 18
v 13 1 16
v 13 5 16
v 13 1 18
v 21 7 20
v 21 5 18
v 21 5 20
v 21 7 18
v 21 1 20
v 11 5 20
v 11 1 20
v 21 5 20
v 21 5 18
v 13 1 18
v 13 5 18
v 21 1 18
v 13 5 16
v 11 7 16
v 11 5 16
v 13 7 16
v 11 5 18
v 13 5 16
v 11 5 16
v 13 5 18
v 11 7 18
v 13 5 18
v 11 5 18
v 13 7 18
v 20 5 18
v 21 5 20
v 21 5 18
v 20 5 20
v 20 7 18
v 20 5 20
v 20 5 18
v 20 7 20
v 20 7 18
v 13 5 18
v 13 7 18
v 20 5 18
v 11 7 20
v 20 5 20
v 20 7 20
v 11 5 20
v 11 7 18
v 11 5 20
v 11 7 20
v 11 5 18
v 21 7 17
v 21 5 18
v 21 7 18
v 21 5 17
v 21 5 17
v 21 1 18
v 21 5 18
v 21 1 17
v 10 7 0
v 10 5 -3
v 10 7 -3
v 10 5 0
v 5 7 2
v 9 5 2
v 9 7 2
v 5 5 2
v 10 7 -8
v 10 7 -3
v 10 5 -3
v 10 0 -3
v 10 0 -8
v 0 7 2
v 5 5 2
v 5 7 2
v 5 0 2
v 0 0 2
v 10 7 2
v 9 7 2
v 9 5 2
v 10 0 2
v 9 0 2
v 10 7 2
v 10 5 0
v 10 7 0
v 10 0 2
v 10 0 0
v 9 0 2
v 9 5 2
v 9 0 6
v 9 5 6
v 5 5 2
v 5 0 2
v 5 0 6
v 5 5 6
v 9 5 2
v 5 5 2
v 5 5 6
v 9 5 6
v 13 5 0
v 10 5 -3
v 10 5 0
v 13 5 -3
v 13 5 -3
v 10 0 -3
v 10 5 -3
v 13 0 -3
v 13 0 0
v 10 5 0
v 10 0 0
v 13 5 0
v 17 7 9
v 14 5 9
v 14 7 9
v 17 5 9
v 21 5 12
v 21 0 12
v 19 7 12
v 19 0 12
v 21 7 12
v 17 5 9
v 17 7 9
v 19 7 9
v 19 0 9
v 17 0 9
v 19 7 9
v 19 7 12
v 19 0 9
v 19 0 12
v 10 7 9
v 14 7 9
v 14 5 9
v 10 0 9
v 14 0 9
v 14 5 6
v 14 0 9
v 14 5 9
v 14 0 6
v 17 5 9
v 14 5 6
v 14 5 9
v 17 5 6
v 17 0 6
v 17 5 9
v 17 0 9
v 17 5 6
v 42 7 1
v 39 5 1
v 42 5 1
v 39 7 1
v 42 7 1
v 42 5 1
v 45 7 1
v 45 1 1
v 42 1 1
v 45 1 -5
v 45 7 1
v 45 1 1
v 45 7 -5
v 37 6 -1
v 37 7 -4
v 37 6 -4
v 37 7 -1
v 37 7 -5
v 37 6 -4
v 37 7 -4
v 37 1 -5
v 37 1 -4
v 45 7 -5
v 45 1 -5
v 37 1 -5
v 37 7 -5
v 37 7 -1
v 37 6 -1
v 37 7 1
v 37 1 1
v 37 1 -1
v 39 1 1
v 39 7 1
v 37 1 1
v 37 7 1
v 37 7 -5
v 45 7 1
v 45 7 -5
v 37 7 1
v 46 7 4
v 46 7 -6
v 46 3 4
v 46 3 -6
v 59 7 -6
v 46 3 -6
v 46 7 -6
v 59 3 -6
v 59 3 -6
v 59 7 -6
v 59 3 4
v 59 7 4
v 46 3 4
v 46 3 -6
v 46 1 4
v 46 1 -6
v 59 2 4
v 46 2 4
v 59 3 4
v 46 3 4
v 59 3 4
v 46 3 4
v 59 3 3
v 46 3 3
v 36 1 -6
v 46 1 4
v 46 1 -6
v 36 1 4
v 60 1 4
v 59 1 -6
v 59 1 4
v 60 1 -6
v 46 1 3
v 59 3 3
v 46 3 3
v 59 1 3
v 46 1 4
v 59 1 3
v 46 1 3
v 59 1 4
v 36 1 4
v 36 1 -6
v 21 1 4
v 21 1 -6
v 59 1 -6
v 59 3 3
v 59 1 3
v 59 3 -6
v 59 3 -6
v 46 1 -6
v 46 3 -6
v 59 1 -6
v 60 -2 -6
v 36 -2 4
v 36 -2 -6
v 60 -2 4
v 36 -2 -6
v 36 -2 4
v 21 -2 -6
v 21 -2 4
v 21 -2 -6
v 21 1 4
v 21 1 -6
v 21 -2 4
v 46 1 -6
v 36 -2 -6
v 36 1 -6
v 46 -2 -6
v 60 1 4
v 60 -2 -6
v 60 1 -6
v 60 -2 4
v 46 -2 4
v 59 1 4
v 46 1 4
v 59 -2 4
v 60 -2 4
v 59 1 4
v 59 -2 4
v 60 1 4
v 36 1 4
v 46 -2 4
v 46 1 4
v 36 -2 4
v 36 1 -6
v 36 -2 -6
v 21 1 -6
v 21 -2 -6
v 46 -2 -6
v 60 1 -6
v 60 -2 -6
v 46 1 -6
v 4 7 26
v 4 5 22
v 4 7 22
v 4 5 26
v 4 7 21
v 4 7 22
v 4 5 22
v 4 0 21
v 4 0 22
v 4 7 27
v 4 5 26
v 4 7 26
v 4 0 27
v 4 0 26
v 6 5 26
v 4 5 22
v 4 5 26
v 6 5 22
v 6 5 22
v 4 0 22
v 4 5 22
v 6 0 22
v 6 0 26
v 4 5 26
v 4 0 26
v 6 5 26
v 6 6 26
v 6 5 22
v 6 5 26
v 6 6 22
v 6 6 21
v 6 5 22
v 6 6 22
v 6 0 21
v 6 0 22
v 6 6 26
v 6 5 26
v 6 6 27
v 6 0 27
v 6 0 26
v 13 6 26
v 13 5 22
v 13 6 22
v 13 5 26
v 13 6 21
v 13 6 22
v 13 5 22
v 13 0 21
v 13 0 22
v 6 0 21
v 6 6 21
v 13 0 21
v 13 6 21
v 13 6 27
v 13 5 26
v 13 6 26
v 13 0 27
v 13 0 26
v 13 6 27
v 6 6 27
v 13 0 27
v 6 0 27
v 13 6 21
v 6 6 27
v 13 6 27
v 6 6 21
v -7 7 -7
v -7 0 16
v -7 7 16
v -7 0 -7
v 0 7 -7
v -7 0 -7
v -7 7 -7
v 0 0 -7
v 0 7 -8
v 0 0 -7
v 0 7 -7
v 0 0 -8
v 0 0 -8
v 0 7 -8
v 10 0 -8
v 10 7 -8
v 37 3 17
v 36 3 17
v 37 5 17
v 36 5 17
v 36 3 17
v 36 3 16
v 36 5 17
v 36 5 16
v 36 3 16
v 37 3 16
v 36 5 16
v 37 5 16
v 23 3 17
v 22 3 17
v 23 5 17
v 22 5 17
v 22 3 17
v 22 3 16
v 22 5 17
v 22 5 16
v 22 3 16
v 23 3 16
v 22 5 16
v 23 5 16
v 23 3 16
v 23 3 17
v 23 5 16
v 23 5 17
v 30 3 17
v 29 3 17
v 30 5 17
v 29 5 17
v 29 3 17
v 29 3 16
v 29 5 17
v 29 5 16
v 29 3 16
v 30 3 16
v 29 5 16
v 30 5 16
v 30 3 16
v 30 3 17
v 30 5 16
v 30 5 17
v 21 5 12
v 37 5 17
v 37 5 12
v 21 5 17
v 21 5 17
v 37 7 17
v 37 5 17
v 21 7 17
v 21 5 12
v 21 7 17
v 21 5 17
v 21 7 12
v 21 5 12
v 37 5 12
v 37 1 12
v 21 1 12
v 21 2 17
v 21 7 16
v 21 2 16
v 21 7 17

vn 0 0 1
vn 0 0 1
vn 0 0 1
vn 0 0 1
vn -1 0 0
vn -1 0 0
vn -1 0 0
vn -1 0 0
vn 0 0 -1
vn 0 0 -1
vn 0 0 -1
vn 0 0 -1
vn 0 1 0
vn 0 1 0
vn 0 1 0
vn 0 1 0
vn 0 0 1
vn 0 0 1
vn 0 0 1
vn 0 0 1
vn 0 0 -1
vn 0 0 -1
vn 0 0 -1
vn 0 0 -1
vn 1 0 0
vn 1 0 0
vn 1 0 0
vn 1 0 0
vn 0 1 0
vn 0 1 0
vn 0 1 0
vn 0 1 0
vn 0 0 -1
vn 0 0 -1
vn 0 0 -1
vn 0 0 -1
vn 1 0 0
vn 1 0 0
vn 1 0 0
vn 1 0 0
vn 0 0 1
vn 0 0 1
vn 0 0 1
vn 0 0 1
vn 0 0 1
vn 0 0 1
vn 0 0 1
vn 0 0 1
vn 0 1 0
vn 0 1 0
vn 0 1 0
vn 0 1 0
vn 0 0 -1
vn 0 0 -1
vn 0 0 -1
vn 0 0 -1
vn 0 1 0
vn 0 1 0
vn 0 1 0
vn 0 1 0
vn 1 0 0
vn 1 0 0
vn 1 0 0
vn 1 0 0
vn 0 0 1
vn 0 0 1
vn 0 0 1
vn 0 0 1
vn -1 0 0
vn -1 0 0
vn -1 0 0
vn -1 0 0
vn 0 0 -1
vn 0 0 -1
vn 0 0 -1
vn 0 0 -1
vn 0 1 0
vn 0 1 0
vn 0 1 0
vn 0 1 0
vn 0 0 1
vn 0 0 1
vn 0 0 1
vn 0 0 1
vn -1 0 0
vn -1 0 0
vn -1 0 0
vn -1 0 0
vn 0 0 -1
vn 0 0 -1
vn 0 0 -1
vn 0 0 -1
vn 0 1 0
vn 0 1 0
vn 0 1 0
vn 0 1 0
vn 0 0 -1
vn 0 0 -1
vn 0 0 -1
vn 0 0 -1
vn 0 1 0
vn 0 1 0
vn 0 1 0
vn 0 1 0
vn 0 0 1
vn 0 0 1
vn 0 0 1
vn 0 0 1
vn 0 1 0
vn 0 1 0
vn 0 1 0
vn 0 1 0
vn -1 0 0
vn -1 0 0
vn -1 0 0
vn -1 0 0
vn 0 0 1
vn 0 0 1
vn 0 0 1
vn 0 0 1
vn -1 0 0
vn -1 0 0
vn -1 0 0
vn -1 0 0
vn 0 0 -1
vn 0 0 -1
vn 0 0 -1
vn 0 0 -1
vn 0 1 0
vn 0 1 0
vn 0 1 0
vn 0 1 0
vn 0 0 1
vn 0 0 1
vn 0 0 1
vn 0 0 1
vn 0 1 0
vn 0 1 0
vn 0 1 0
vn 0 1 0
vn 0 0 -1
vn 0 0 -1
vn 0 0 -1
vn 0 0 -1
vn 1 0 0
vn 1 0 0
vn 1 0 0
vn 1 0 0
vn 1 0 0
vn 1 0 0
vn 1 0 0
vn 1 0 0
vn 1 0 0
vn 1 0 0
vn 1 0 0
vn 1 0 0
vn 8.742278E-08 0 -1
vn 8.742278E-08 0 -1
vn 8.742278E-08 0 -1
vn 8.742278E-08 0 -1
vn 1 0 8.742278E-08
vn 1 0 8.742278E-08
vn 1 0 8.742278E-08
vn 1 0 8.742278E-08
vn -8.742278E-08 0 1
vn -8.742278E-08 0 1
vn -8.742278E-08 0 1
vn -8.742278E-08 0 1
vn 0 1 0
vn 0 1 0
vn 0 1 0
vn 0 1 0
vn -8.742278E-08 0 1
vn -8.742278E-08 0 1
vn -8.742278E-08 0 1
vn -8.742278E-08 0 1
vn 0 1 0
vn 0 1 0
vn 0 1 0
vn 0 1 0
vn 8.742278E-08 0 -1
vn 8.742278E-08 0 -1
vn 8.742278E-08 0 -1
vn 8.742278E-08 0 -1
vn 0 1 0
vn 0 1 0
vn 0 1 0
vn 0 1 0
vn 1 0 8.742278E-08
vn 1 0 8.742278E-08
vn 1 0 8.742278E-08
vn 1 0 8.742278E-08
vn -1 0 -8.742278E-08
vn -1 0 -8.742278E-08
vn -1 0 -8.742278E-08
vn -1 0 -8.742278E-08
vn 0 0 1
vn 0 0 1
vn 0 0 1
vn 0 0 1
vn -1 0 0
vn -1 0 0
vn -1 0 0
vn -1 0 0
vn 0 0 -1
vn 0 0 -1
vn 0 0 -1
vn 0 0 -1
vn 0 1 0
vn 0 1 0
vn 0 1 0
vn 0 1 0
vn 0 0 1
vn 0 0 1
vn 0 0 1
vn 0 0 1
vn 0 0 -1
vn 0 0 -1
vn 0 0 -1
vn 0 0 -1
vn 1 0 0
vn 1 0 0
vn 1 0 0
vn 1 0 0
vn 0 1 0
vn 0 1 0
vn 0 1 0
vn 0 1 0
vn 0 0 1
vn 0 0 1
vn 0 0 1
vn 0 0 1
vn -1 0 0
vn -1 0 0
vn -1 0 0
vn -1 0 0
vn 0 1 0
vn 0 1 0
vn 0 1 0
vn 0 1 0
vn 0 0 1
vn 0 0 1
vn 0 0 1
vn 0 0 1
vn -1 0 0
vn -1 0 0
vn -1 0 0
vn -1 0 0
vn 0 0 -1
vn 0 0 -1
vn 0 0 -1
vn 0 0 -1
vn 0 1 0
vn 0 1 0
vn 0 1 0
vn 0 1 0
vn 0 0 1
vn 0 0 1
vn 0 0 1
vn 0 0 1
vn -1 0 0
vn -1 0 0
vn -1 0 0
vn -1 0 0
vn 1 0 0
vn 1 0 0
vn 1 0 0
vn 1 0 0
vn 0 1 0
vn 0 1 0
vn 0 1 0
vn 0 1 0
vn 1 0 -1.192093E-07
vn 1 0 -1.192093E-07
vn 1 0 -1.192093E-07
vn 1 0 -1.192093E-07
vn 1.192093E-07 0 1
vn 1.192093E-07 0 1
vn 1.192093E-07 0 1
vn 1.192093E-07 0 1
vn -1 0 1.192093E-07
vn -1 0 1.192093E-07
vn -1 0 1.192093E-07
vn -1 0 1.192093E-07
vn 0 1 0
vn 0 1 0
vn 0 1 0
vn 0 1 0
vn -1 0 1.192093E-07
vn -1 0 1.192093E-07
vn -1 0 1.192093E-07
vn -1 0 1.192093E-07
vn 0 1 0
vn 0 1 0
vn 0 1 0
vn 0 1 0
vn 1 0 -1.192093E-07
vn 1 0 -1.192093E-07
vn 1 0 -1.192093E-07
vn 1 0 -1.192093E-07
vn 0 1 0
vn 0 1 0
vn 0 1 0
vn 0 1 0
vn 1.192093E-07 0 1
vn 1.192093E-07 0 1
vn 1.192093E-07 0 1
vn 1.192093E-07 0 1
vn -1.192093E-07 0 -1
vn -1.192093E-07 0 -1
vn -1.192093E-07 0 -1
vn -1.192093E-07 0 -1
vn 1.192093E-07 -7.947286E-08 -1
vn 5.960464E-08 -9.934109E-08 -1
vn 5.960464E-08 -9.934109E-08 -1
vn 0 -1.192093E-07 -1
vn 0 1 0
vn 0 1 0
vn 0 1 0
vn 0 1 0
vn 1 2.880891E-07 -2.980231E-08
vn 1 2.880891E-07 -2.980231E-08
vn 1 2.980232E-07 -5.960463E-08
vn 1 2.78155E-07 0
vn -1.788139E-07 5.960463E-08 1
vn -1.788139E-07 5.960463E-08 1
vn -3.576277E-07 1.192092E-07 1
vn 0 0 1
vn 0 0 1
vn 0 0 1
vn 0 0 1
vn 0 0 1
vn -1 0 0
vn -1 0 0
vn -1 0 0
vn -1 0 0
vn 0 0 -1
vn 0 0 -1
vn 0 0 -1
vn 0 0 -1
vn 1 0 0
vn 1 0 0
vn 1 0 0
vn 1 0 0
vn 0 1 0
vn 0 1 0
vn 0 1 0
vn 0 1 0
vn 1 0 -1.192093E-07
vn 1 0 -1.192093E-07
vn 1 0 -1.192093E-07
vn 1 0 -1.192093E-07
vn 1.192093E-07 0 1
vn 1.192093E-07 0 1
vn 1.192093E-07 0 1
vn 1.192093E-07 0 1
vn 0 1 0
vn 0 1 0
vn 0 1 0
vn 0 1 0
vn -1 0 1.668929E-06
vn -1 0 1.668929E-06
vn -1 0 1.668929E-06
vn -1 0 1.668929E-06
vn -1 0 -1.192093E-07
vn -1 0 -1.192093E-07
vn -1 0 -1.192093E-07
vn -1 0 -1.192093E-07
vn 1.192093E-07 0 -1
vn 1.192093E-07 0 -1
vn 1.192093E-07 0 -1
vn 1.192093E-07 0 -1
vn 0 1 0
vn 0 1 0
vn 0 1 0
vn 0 1 0
vn 1 3.874302E-07 5.960464E-08
vn 1 3.874302E-07 5.960464E-08
vn 1 3.576279E-07 1.192093E-07
vn 1 4.172325E-07 0
vn -1 -3.973643E-08 -1.192093E-07
vn -1 -5.960464E-08 -5.960464E-08
vn -1 -5.960464E-08 -5.960464E-08
vn -1 -7.947285E-08 0
vn 1.192093E-07 -7.947286E-08 -1
vn 5.960464E-08 -9.934109E-08 -1
vn 5.960464E-08 -9.934109E-08 -1
vn 0 -1.192093E-07 -1
vn 0 1 0
vn 0 1 0
vn 0 1 0
vn 0 1 0
vn -1.788139E-07 5.960463E-08 1
vn -1.788139E-07 5.960463E-08 1
vn -3.576277E-07 1.192092E-07 1
vn 0 0 1
vn 0 0 1
vn 0 0 1
vn 0 0 1
vn 0 0 1
vn -1 0 0
vn -1 0 0
vn -1 0 0
vn -1 0 0
vn 0 1 0
vn 0 1 0
vn 0 1 0
vn 0 1 0
vn 0 0 -1
vn 0 0 -1
vn 0 0 -1
vn 0 0 -1
vn 8.742278E-08 0 -1
vn 8.742278E-08 0 -1
vn 8.742278E-08 0 -1
vn 8.742278E-08 0 -1
vn 0 1 0
vn 0 1 0
vn 0 1 0
vn 0 1 0
vn 8.742278E-08 0 -1
vn 8.742278E-08 0 -1
vn 8.742278E-08 0 -1
vn 8.742278E-08 0 -1
vn 0 1 0
vn 0 1 0
vn 0 1 0
vn 0 1 0
vn -8.742278E-08 0 1
vn -8.742278E-08 0 1
vn -8.742278E-08 0 1
vn -8.742278E-08 0 1
vn -1 0 -8.742278E-08
vn -1 0 -8.742278E-08
vn -1 0 -8.742278E-08
vn -1 0 -8.742278E-08
vn -1 0 -8.742278E-08
vn -1 0 -8.742278E-08
vn -1 0 -8.742278E-08
vn -1 0 -8.742278E-08
vn -1 0 -8.742278E-08
vn -1 0 -8.742278E-08
vn -1 0 -8.742278E-08
vn -1 0 -8.742278E-08
vn -1 -3.973643E-08 -1.192093E-07
vn -1 -5.960464E-08 -5.960464E-08
vn -1 -5.960464E-08 -5.960464E-08
vn -1 -7.947285E-08 0
vn 1.192093E-07 -7.947286E-08 -1
vn 5.960464E-08 -9.934109E-08 -1
vn 5.960464E-08 -9.934109E-08 -1
vn 0 -1.192093E-07 -1
vn 0 1 0
vn 0 1 0
vn 0 1 0
vn 0 1 0
vn 1 2.880891E-07 -2.980231E-08
vn 1 2.880891E-07 -2.980231E-08
vn 1 2.980232E-07 -5.960463E-08
vn 1 2.78155E-07 0
vn -1.788139E-07 5.960463E-08 1
vn -1.788139E-07 5.960463E-08 1
vn -3.576277E-07 1.192092E-07 1
vn 0 0 1
vn -1 -5.960464E-08 -1.192093E-07
vn -1 -8.940697E-08 -5.960464E-08
vn -1 -8.940697E-08 -5.960464E-08
vn -1 -1.192093E-07 0
vn 1.192093E-07 -5.960464E-08 -1
vn 5.960464E-08 -8.940698E-08 -1
vn 5.960464E-08 -8.940698E-08 -1
vn 0 -1.192093E-07 -1
vn 0 1 0
vn 0 1 0
vn 0 1 0
vn 0 1 0
vn 1 4.172325E-07 0
vn 1 4.172325E-07 0
vn 1 4.172325E-07 0
vn 1 4.172325E-07 0
vn -1.788139E-07 2.980231E-08 1
vn -1.788139E-07 2.980231E-08 1
vn -3.576277E-07 1.192092E-07 1
vn 0 -5.960464E-08 1
vn 0 0 1
vn 0 0 1
vn 0 0 1
vn 0 0 1
vn 1 0 0
vn 1 0 0
vn 1 0 0
vn 1 0 0
vn 0 1 0
vn 0 1 0
vn 0 1 0
vn 0 1 0
vn 1 0 -1.192093E-07
vn 1 0 -1.192093E-07
vn 1 0 -1.192093E-07
vn 1 0 -1.192093E-07
vn 1.192093E-07 0 1
vn 1.192093E-07 0 1
vn 1.192093E-07 0 1
vn 1.192093E-07 0 1
vn 0 1 0
vn 0 1 0
vn 0 1 0
vn 0 1 0
vn -1 0 3.576278E-07
vn -1 0 3.576278E-07
vn -1 0 3.576278E-07
vn -1 0 3.576278E-07
vn 0 0 1
vn 0 0 1
vn 0 0 1
vn 0 0 1
vn 1 0 0
vn 1 0 0
vn 1 0 0
vn 1 0 0
vn 0 1 0
vn 0 1 0
vn 0 1 0
vn 0 1 0
vn 0 0 -1
vn 0 0 -1
vn 0 0 -1
vn 0 0 -1
vn 0 1 0
vn 0 1 0
vn 0 1 0
vn 0 1 0
vn -1 0 0
vn -1 0 0
vn -1 0 0
vn -1 0 0
vn 0 1 0
vn 0 1 0
vn 0 1 0
vn 0 1 0
vn -1 0 0
vn -1 0 0
vn -1 0 0
vn -1 0 0
vn 0 0 -1
vn 0 0 -1
vn 0 0 -1
vn 0 0 -1
vn 0 0 1
vn 0 0 1
vn 0 0 1
vn 0 0 1
vn 0 0 -1
vn 0 0 -1
vn 0 0 -1
vn 0 0 -1
vn 0 1 0
vn 0 1 0
vn 0 1 0
vn 0 1 0
vn 0 1 0
vn 0 1 0
vn 0 1 0
vn 0 1 0
vn 0 0 -1
vn 0 0 -1
vn 0 0 -1
vn 0 0 -1
vn 1 0 0
vn 1 0 0
vn 1 0 0
vn 1 0 0
vn 1 0 0
vn 1 0 0
vn 1.192093E-07 -7.947286E-08 -1
vn 5.960464E-08 -9.934109E-08 -1
vn 5.960464E-08 -9.934109E-08 -1
vn 0 -1.192093E-07 -1
vn 0 1 0
vn 0 1 0
vn 0 1 0
vn 0 1 0
vn 1 2.880891E-07 -2.980231E-08
vn 1 2.880891E-07 -2.980231E-08
vn 1 2.980232E-07 -5.960463E-08
vn 1 2.78155E-07 0
vn -1.788139E-07 5.960463E-08 1
vn -1.788139E-07 5.960463E-08 1
vn -3.576277E-07 1.192092E-07 1
vn 0 0 1
vn 0 0 1
vn 0 0 1
vn 0 0 1
vn 0 0 1
vn -1 0 0
vn -1 0 0
vn -1 0 0
vn -1 0 0
vn 1 0 0
vn 1 0 0
vn 1 0 0
vn 1 0 0
vn 0 1 0
vn 0 1 0
vn 0 1 0
vn 0 1 0
vn 0 0.8944272 -0.4472136
vn 0 0.8944272 -0.4472136
vn 0 0.8944272 -0.4472136
vn 0 0.8944272 -0.4472136
vn -1 0 0
vn -1 0 0
vn -1 0 0
vn 1 0 0
vn 1 0 0
vn 1 0 0
vn 0 1 0
vn 0 1 0
vn 0 1 0
vn 0 1 0
vn 0 0 -1
vn 0 0 -1
vn 0 0 -1
vn 0 0 -1
vn 0 0 -1
vn 0 0 -1
vn 0 0 -1
vn 0 0 -1
vn 0 1 0
vn 0 1 0
vn 0 1 0
vn 0 1 0
vn 0 1 0
vn 0 1 0
vn 0 1 0
vn 0 1 0
vn 0 1 0
vn 0 1 0
vn 0 1 0
vn 0 1 0
vn 0 1 0
vn -0.4472136 0.8944272 0
vn -0.4472136 0.8944272 0
vn -0.4472136 0.8944272 0
vn -0.4472136 0.8944272 0
vn 0 1 0
vn 0 1 0
vn 0 1 0
vn 0 1 0
vn 0 1 0
vn -1 0 0
vn -1 0 0
vn -1 0 0
vn -1 0 0
vn 0 1 0
vn 0 1 0
vn 0 1 0
vn 0 1 0
vn 0 0 -1
vn 0 0 -1
vn 0 0 -1
vn -1 0 0
vn -1 0 0
vn -1 0 0
vn -1 0 0
vn 0 1 0
vn 0 1 0
vn 0 1 0
vn 0 1 0
vn 0 0 1
vn 0 0 1
vn 0 0 1
vn 0 1 0
vn 0 1 0
vn 0 1 0
vn 0 1 0
vn 0 1 0
vn 0 1 0
vn 0 1 0
vn 0 1 0
vn 0 1 0
vn 0 1 0
vn 0 1 0
vn 0 1 0
vn 0 1 0
vn 0 1 0
vn 0 1 0
vn 0 1 0
vn 0 1 0
vn 0 1 0
vn 0 1 0
vn 0 1 0
vn 0 1 0
vn 0 1 0
vn 0 1 0
vn 0 1 0
vn 0 1 0
vn 0 1 0
vn 0 1 0
vn 0 1 0
vn 0 1 0
vn 0 1 0
vn 0 1 0
vn 0 1 0
vn 0 1 0
vn 0 1 0
vn 0 1 0
vn 0 1 0
vn 0 1 0
vn 0 1 0
vn -0.4472136 0.8944272 0
vn -0.4472136 0.8944272 0
vn -0.4472136 0.8944272 0
vn -0.4472136 0.8944272 0
vn 0 0.8944272 0.4472136
vn 0 0.8944272 0.4472136
vn 0 0.8944272 0.4472136
vn 0 0.8944272 0.4472136
vn 0 1 0
vn 0 1 0
vn 0 1 0
vn 0 1 0
vn 0 1 0
vn 0 1 0
vn 0 1 0
vn 0 1 0
vn 0 1 0
vn 0 1 0
vn 0 1 0
vn 0 1 0
vn 0 1 0
vn 0 1 0
vn 0 1 0
vn 0 1 0
vn 0 1 0
vn 0 1 0
vn 0 1 0
vn 0 1 0
vn 0 1 0
vn 0 1 0
vn 0 1 0
vn 0 1 0
vn 0 1 0
vn 0 1 0
vn 0 1 0
vn 0 1 0
vn 0 1 0
vn 0 1 0
vn 0 1 0
vn 0 1 0
vn 0 1 0
vn 0 1 0
vn 0 1 0
vn 0 1 0
vn 0 1 0
vn 0 0.8944272 0.4472136
vn 0 0.8944272 0.4472136
vn 0 0.8944272 0.4472136
vn 0 0.8944272 0.4472136
vn 0 1 0
vn 0 1 0
vn 0 1 0
vn 0 1 0
vn 0 0 1
vn 0 0 1
vn 0 0 1
vn 0 0 1
vn -1 0 0
vn -1 0 0
vn -1 0 0
vn 0 1 0
vn 0 1 0
vn 0 1 0
vn 0 1 0
vn 0 0 1
vn 0 0 1
vn 0 0 1
vn 0 0 1
vn 0 1 0
vn 0 1 0
vn 0 1 0
vn 0 1 0
vn 0 1 0
vn 0 1 0
vn 0 1 0
vn 0 1 0
vn 0 1 0
vn 0 1 0
vn 0 1 0
vn 0 1 0
vn 0 1 0
vn 0 1 0
vn 0 1 0
vn 0 1 0
vn 0 1 0
vn 0 1 0
vn 0 1 0
vn 0 1 0
vn 0 1 0
vn 0 1 0
vn 0 1 0
vn 0 1 0
vn 0 1 0
vn 0 1 0
vn 0 1 0
vn 0 1 0
vn 0 1 0
vn 0 1 0
vn 0 1 0
vn -0.4472136 0.8944272 0
vn -0.4472136 0.8944272 0
vn -0.4472136 0.8944272 0
vn -0.4472136 0.8944272 0
vn 1 0 0
vn 1 0 0
vn 1 0 0
vn 0 1 0
vn 0 1 0
vn 0 1 0
vn 0 1 0
vn 0 1 0
vn 0 1 0
vn 0 1 0
vn 0 1 0
vn 0 1 0
vn 0 1 0
vn 0 1 0
vn 0 1 0
vn 0 1 0
vn 0 1 0
vn 0 1 0
vn 0 1 0
vn 0 1 0
vn 0 1 0
vn 0 1 0
vn 0 1 0
vn 0 1 0
vn 0 1 0
vn 0 1 0
vn 0 1 0
vn 0 1 0
vn 0 1 0
vn 0 1 0
vn 0 1 0
vn 0 1 0
vn 0 1 0
vn 0 1 0
vn 0 1 0
vn 0 1 0
vn 0 1 0
vn 0 1 0
vn 0 1 0
vn 0 1 0
vn 0 1 0
vn 0 1 0
vn 0 1 0
vn 0 1 0
vn 0 1 0
vn 0 1 0
vn 0 1 0
vn 0 1 0
vn 0 1 0
vn 0 1 0
vn 0 1 0
vn 0 1 0
vn 0 1 0
vn 0 1 0
vn 0 1 0
vn 0 1 0
vn 0 1 0
vn 0 1 0
vn 0 1 0
vn 0 1 0
vn 0 1 0
vn 0 1 0
vn 0 1 0
vn 0 1 0
vn 0 1 0
vn 0 1 0
vn 0 1 0
vn 0 1 0
vn 0 1 0
vn 0 1 0
vn 0 1 0
vn 0 1 0
vn 0 1 0
vn 0 1 0
vn 0 1 0
vn 0 1 0
vn 0 1 0
vn 0 1 0
vn 0 1 0
vn 0 1 0
vn 0 1 0
vn 0 1 0
vn 0 0.8944272 0.4472136
vn 0 0.8944272 0.4472136
vn 0 0.8944272 0.4472136
vn 0 0.8944272 0.4472136
vn 0 1 0
vn 0 1 0
vn 0 1 0
vn 0 1 0
vn 0 1 0
vn 0 1 0
vn 0 1 0
vn 0 1 0
vn 0 1 0
vn 0 1 0
vn 0 0 -1
vn 0 0 -1
vn 0 0 -1
vn 0 0 -1
vn 0 1 0
vn 0 1 0
vn 0 1 0
vn 0 1 0
vn 0 0 1
vn 0 0 1
vn 0 0 1
vn 0 0 1
vn 1 0 0
vn 1 0 0
vn 1 0 0
vn 1 0 0
vn 0 0 -1
vn 0 0 -1
vn 0 0 -1
vn 0 0 -1
vn 0 0.9999999 0
vn 0 1 0
vn 0 1 0
vn 0 1 0
vn 0 1 0
vn 0 1 0
vn 0 0 1
vn 0 0 1
vn 0 0 1
vn 0 0 1
vn 0 -1 0
vn 0 -1 0
vn 0 -1 0
vn 0 -1 0
vn 0 -1 0
vn 0 -1 0
vn 0 -1 0
vn 0 -1 0
vn -1 0 0
vn -1 0 0
vn -1 0 0
vn -1 0 0
vn 0 0 -1
vn 0 0 -1
vn 0 0 -1
vn 0 0 -1
vn -1 0 0
vn -1 0 0
vn -1 0 0
vn -1 0 0
vn 1 0 0
vn 1 0 0
vn 1 0 0
vn 1 0 0
vn -1 0 0
vn -1 0 0
vn -1 0 0
vn -1 0 0
vn 1 0 0
vn 1 0 0
vn 1 0 0
vn 1 0 0
vn 0 1 0
vn 0 1 0
vn 0 1 0
vn -1 0 0
vn -1 0 0
vn -1 0 0
vn -1 0 0
vn 0.4472136 0.8944272 0
vn 0.4472136 0.8944272 0
vn 0.4472136 0.8944272 0
vn 0.4472136 0.8944272 0
vn 0 1 0
vn 0 1 0
vn 0 1 0
vn 0 1 0
vn 0 1 0
vn 0 1 0
vn 0 1 0
vn 0 1 0
vn 0 0 1
vn 0 0 1
vn 0 0 1
vn 0 0 -1
vn 0 0 -1
vn 0 0 -1
vn 0 0 -1
vn 0 0 -1
vn 0 0 -1
vn 0 0 -1
vn 0 0 -1
vn 0 0 -1
vn 1 0 0
vn 1 0 0
vn 1 0 0
vn 1 0 0
vn 1 0 0
vn 1 0 0
vn 1 0 0
vn 1 0 0
vn 1 0 0
vn 0 0 -1
vn 0 0 -1
vn 0 0 -1
vn 0 0 -1
vn 0 0 -1
vn 1 0 0
vn 1 0 0
vn 1 0 0
vn 1 0 0
vn 1 0 0
vn 0 0 1
vn 0 0 1
vn 0 0 1
vn 0 0 1
vn 0 0 -1
vn 0 0 -1
vn 0 0 -1
vn 0 0 -1
vn -1 0 0
vn -1 0 0
vn -1 0 0
vn -1 0 0
vn 0 0 1
vn 0 0 1
vn 0 0 1
vn 0 0 1
vn -1 0 0
vn -1 0 0
vn -1 0 0
vn -1 0 0
vn -1 0 0
vn -1 0 0
vn -1 0 0
vn -1 0 0
vn -1 0 0
vn 0 -1 0
vn 0 -1 0
vn 0 -1 0
vn 0 -1 0
vn 0 -1 0
vn 0 -1 0
vn 0 -1 0
vn 0 -1 0
vn 0 -1 0
vn 0 -1 0
vn 0 -1 0
vn 0 -1 0
vn 0 0 -1
vn 0 0 -1
vn 0 0 -1
vn 0 0 -1
vn 0 0 1
vn 0 0 1
vn 0 0 1
vn 0 0 1
vn 1 0 0
vn 1 0 0
vn 1 0 0
vn 1 0 0
vn 1 0 0
vn 1 0 0
vn 1 0 0
vn 1 0 0
vn 1 0 0
vn 1 0 0
vn 1 0 0
vn 1 0 0
vn 1 0 0
vn 1 0 0
vn -1 0 0
vn -1 0 0
vn -1 0 0
vn -1 0 0
vn -1 0 0
vn -1 0 0
vn -1 0 0
vn -1 0 0
vn 0 0 1
vn 0 0 1
vn 0 0 1
vn 0 0 1
vn -1 0 0
vn -1 0 0
vn -1 0 0
vn -1 0 0
vn -1 0 0
vn -1 0 0
vn 0 0 -1
vn 0 0 -1
vn 0 0 -1
vn 0 0 -1
vn 0 0 -1
vn 0 0 -1
vn 0 0 -1
vn 0 0 -1
vn 0 0 -1
vn 0 0 -1
vn 0 0 -1
vn 0 0 -1
vn 0 0 -1
vn 0 0 -1
vn 0 -1 0
vn 0 -1 0
vn 0 -1 0
vn 0 -1 0
vn 1 0 0
vn 1 0 0
vn 1 0 0
vn 1 0 0
vn -1 0 0
vn -1 0 0
vn -1 0 0
vn -1 0 0
vn 0 -1 0
vn 0 -1 0
vn 0 -1 0
vn 0 -1 0
vn 0 -1 0
vn 0 -1 0
vn 0 -1 0
vn 0 -1 0
vn 1 0 0
vn 1 0 0
vn 1 0 0
vn 1 0 0
vn 0 0 -1
vn 0 0 -1
vn 0 0 -1
vn 0 0 -1
vn 1 0 0
vn 1 0 0
vn 1 0 0
vn 1 0 0
vn 1 0 0
vn 1 0 0
vn 1 0 0
vn 1 0 0
vn 1 0 0
vn 1 0 0
vn 0 0 1
vn 0 0 1
vn 0 0 1
vn 0 0 1
vn 0 0 -1
vn 0 0 -1
vn 0 0 -1
vn 0 0 -1
vn 1 0 0
vn 1 0 0
vn 1 0 0
vn 1 0 0
vn 1 0 0
vn 1 0 0
vn 1 0 0
vn 1 0 0
vn 0 0 -1
vn 0 0 -1
vn 0 0 -1
vn -1 0 0
vn -1 0 0
vn -1 0 0
vn -0.9999999 0 0
vn -1 0 0
vn 0 0 -1
vn 0 0 -1
vn 0 0 -1
vn 0 0 -1
vn 1 0 0
vn 1 0 0
vn 1 0 0
vn 1 0 0
vn 0 0 1
vn 0 0 1
vn 0 0 1
vn 0 0 1
vn -1 0 0
vn -1 0 0
vn -1 0 0
vn -1 0 0
vn 1 0 0
vn 1 0 0
vn 1 0 0
vn 1 0 0
vn 1 0 0
vn 1 0 0
vn 1 0 0
vn 1 0 0
vn 1 0 0
vn 0 0 -1
vn 0 0 -1
vn 0 0 -1
vn 0 0 -1
vn 1 0 0
vn 1 0 0
vn 1 0 0
vn 1 0 0
vn 1 0 0
vn 1 0 0
vn 1 0 0
vn 1 0 0
vn -1 0 0
vn -1 0 0
vn -1 0 0
vn -1 0 0
vn -1 0 0
vn -1 0 0
vn -1 0 0
vn -1 0 0
vn -1 0 0
vn 0 0 -1
vn 0 0 -1
vn 0 0 -1
vn 0 0 -1
vn -1 0 0
vn -1 0 0
vn -1 0 0
vn -1 0 0
vn 0 -1 0
vn 0 -1 0
vn 0 -1 0
vn 0 -1 0
vn 0 0 -1
vn 0 0 -1
vn 0 0 -1
vn 0 0 -1
vn 0 0 1
vn 0 0 1
vn 0 0 1
vn 0 0 1
vn 1 0 0
vn 1 0 0
vn 1 0 0
vn 1 0 0
vn 1 0 0
vn 1 0 0
vn 1 0 0
vn 1 0 0
vn 0 0 1
vn 0 0 1
vn 0 0 1
vn 0 0 1
vn 0 0 1
vn 0 0 1
vn 0 0 1
vn 0 0 1
vn 0 0 1
vn 0 0 1
vn 0 -1 0
vn 0 -1 0
vn 0 -1 0
vn 0 -1 0
vn 1 0 0
vn 1 0 0
vn 1 0 0
vn 1 0 0
vn -1 0 0
vn -1 0 0
vn -1 0 0
vn -1 0 0
vn 0 0 -1
vn 0 0 -1
vn 0 0 -1
vn 0 0 -1
vn 0 0 1
vn 0 0 1
vn 0 0 1
vn 0 0 1
vn 0 0 1
vn 0 0 1
vn 0 0 1
vn 0 0 1
vn 0 0 1
vn 1 0 0
vn 1 0 0
vn 1 0 0
vn 1 0 0
vn 0 0 1
vn 0 0 1
vn 0 0 1
vn 0 0 1
vn 0 0 1
vn -1 0 0
vn -1 0 0
vn -1 0 0
vn -1 0 0
vn -1 0 0
vn -1 0 0
vn -1 0 0
vn -1 0 0
vn -1 0 0
vn -1 0 0
vn -1 0 0
vn -1 0 0
vn -1 0 0
vn 0 0 -1
vn 0 0 -1
vn 0 0 -1
vn 0 0 -1
vn 0 0 1
vn 0 0 1
vn 0 0 1
vn 0 0 1
vn 0 0 1
vn 0 0 1
vn 0 0 1
vn 0 0 1
vn 0 0 1
vn -1 0 0
vn -1 0 0
vn -1 0 0
vn -1 0 0
vn 1 0 0
vn 1 0 0
vn 1 0 0
vn 1 0 0
vn 1 0 0
vn 1 0 0
vn 1 0 0
vn 1 0 0
vn 1 0 0
vn 0 0 -1
vn 0 0 -1
vn 0 0 -1
vn 0 0 -1
vn 1 0 0
vn 1 0 0
vn 1 0 0
vn 1 0 0
vn 1 0 0
vn 0 0 1
vn 0 0 1
vn 0 0 1
vn 0 0 1
vn 0 0 1
vn 0 0 1
vn 0 0 1
vn 0 0 1
vn 0 0 1
vn 0 -1 0
vn 0 -1 0
vn 0 -1 0
vn 0 -1 0
vn 0 0 -1
vn 0 0 -1
vn 0 0 -1
vn 0 0 -1
vn 0 -1 0
vn 0 -1 0
vn 0 -1 0
vn 0 -1 0
vn 0 0 -1
vn 0 0 -1
vn 0 0 -1
vn 0 0 -1
vn 0 0 1
vn 0 0 1
vn 0 0 1
vn 0 0 1
vn 0 0 1
vn 0 0 1
vn 0 0 1
vn 0 0 1
vn 0 0 1
vn 1 0 0
vn 1 0 0
vn 1 0 0
vn 1 0 0
vn 1 0 0
vn 0 0 1
vn 0 0 1
vn 0 0 1
vn 0 0 1
vn 0 0 1
vn 0 0 1
vn 0 0 -1
vn 0 0 -1
vn 0 0 -1
vn 0 0 -1
vn 0 -1 0
vn 0 -1 0
vn 0 -1 0
vn 0 -1 0
vn 1 0 0
vn 1 0 0
vn 1 0 0
vn 1 0 0
vn -1 0 0
vn -1 0 0
vn -1 0 0
vn -1 0 0
vn -1 0 0
vn -1 0 0
vn -1 0 0
vn -1 0 0
vn 0 -1 0
vn 0 -1 0
vn 0 -1 0
vn 0 -1 0
vn 1 0 0
vn 1 0 0
vn 1 0 0
vn 1 0 0
vn 0 0 -1
vn 0 0 -1
vn 0 0 -1
vn 0 0 -1
vn 0 0 -1
vn 0 0 -1
vn 0 0 -1
vn 0 0 -1
vn 0 0 -1
vn 0 0 -1
vn 0 0 -1
vn 0 0 -1
vn 0 0 -1
vn 0 0 -1
vn -1 0 0
vn -1 0 0
vn -1 0 0
vn -1 0 0
vn 0 0 1
vn 0 0 1
vn 0 0 1
vn 0 0 1
vn 0 0 1
vn 0 0 1
vn 0 0 1
vn 0 0 1
vn 0 0 1
vn 0 0 1
vn 0 0 1
vn 0 0 1
vn 0 0 1
vn 0 0 1
vn 1 0 0
vn 1 0 0
vn 1 0 0
vn 1 0 0
vn -1 0 0
vn -1 0 0
vn -1 0 0
vn -1 0 0
vn 0 0 -1
vn 0 0 -1
vn 0 0 -1
vn 0 0 -1
vn 0 0 -1
vn 0 0 -1
vn 0 0 -1
vn 0 0 -1
vn 0 0 -1
vn 0 0 -1
vn 1 0 0
vn 1 0 0
vn 1 0 0
vn 1 0 0
vn -1 0 0
vn -1 0 0
vn -1 0 0
vn -1 0 0
vn 1 0 0
vn 1 0 0
vn 1 0 0
vn 1 0 0
vn 0 0 -1
vn 0 0 -1
vn 0 0 -1
vn 0 0 -1
vn 0 0 1
vn 0 0 1
vn 0 0 1
vn 0 0 1
vn 0 0 -1
vn 0 0 -1
vn 0 0 -1
vn 0 0 -1
vn 0 -1 0
vn 0 -1 0
vn 0 -1 0
vn 0 -1 0
vn 0 0 1
vn 0 0 1
vn 0 0 1
vn 0 0 1
vn 0 -1 0
vn 0 -1 0
vn 0 -1 0
vn 0 -1 0
vn -1 0 0
vn -1 0 0
vn -1 0 0
vn -1 0 0
vn 0 0 1
vn 0 0 1
vn 0 0 1
vn 0 0 1
vn 0 0 -1
vn 0 0 -1
vn 0 0 -1
vn 0 0 -1
vn 1 0 0
vn 1 0 0
vn 1 0 0
vn 1 0 0
vn 1 0 0
vn 1 0 0
vn 1 0 0
vn 1 0 0
vn 1 0 0
vn 1 0 0
vn 1 0 0
vn 1 0 0
vn -1 0 0
vn -1 0 0
vn -1 0 0
vn -1 0 0
vn 0 0 -1
vn 0 0 -1
vn 0 0 -1
vn 0 0 -1
vn -1 0 0
vn -1 0 0
vn -1 0 0
vn -1 0 0
vn -1 0 0
vn 0 0 -1
vn 0 0 -1
vn 0 0 -1
vn 0 0 -1
vn 0 0 -1
vn 0 0 -1
vn 0 0 -1
vn 0 0 -1
vn 0 0 -1
vn 0 0 -1
vn -1 0 0
vn -1 0 0
vn -1 0 0
vn -1 0 0
vn -1 0 0
vn -1 0 0
vn -1 0 0
vn -1 0 0
vn -1 0 0
vn 1 0 0
vn 1 0 0
vn 1 0 0
vn 1 0 0
vn 0 -1 0
vn 0 -1 0
vn 0 -1 0
vn 0 -1 0
vn 0 -1 0
vn 0 -1 0
vn 0 -1 0
vn 0 -1 0
vn 0 0 1
vn 0 0 1
vn 0 0 1
vn 0 0 1
vn 0 0 -1
vn 0 0 -1
vn 0 0 -1
vn 0 0 -1
vn 0 0 1
vn 0 0 1
vn 0 0 1
vn 0 0 1
vn 0 0 1
vn 0 0 1
vn 0 0 1
vn 0 0 1
vn 0 0 1
vn 0 0 1
vn 0 0 1
vn 0 0 1
vn 0 0 1
vn 0 0 1
vn -1 0 0
vn -1 0 0
vn -1 0 0
vn -1 0 0
vn 0 0 1
vn 0 0 1
vn 0 0 1
vn 0 0 1
vn 0 0 1
vn 1 0 0
vn 1 0 0
vn 1 0 0
vn 1 0 0
vn 0 -1 0
vn 0 -1 0
vn 0 -1 0
vn 0 -1 0
vn -1 0 0
vn -1 0 0
vn -1 0 0
vn -1 0 0
vn 0 0 -1
vn 0 0 -1
vn 0 0 -1
vn 0 0 -1
vn 0 0 -1
vn 0 0 -1
vn 0 0 -1
vn 0 0 -1
vn 0 0 -1
vn -1 0 0
vn -1 0 0
vn -1 0 0
vn -1 0 0
vn 1 0 0
vn 1 0 0
vn 1 0 0
vn 1 0 0
vn 1 0 0
vn 1 0 0
vn 1 0 0
vn 1 0 0
vn 1 0 0
vn 0 0 1
vn 0 0 1
vn 0 0 1
vn 0 0 1
vn 1 0 0
vn 1 0 0
vn 1 0 0
vn 1 0 0
vn 1 0 0
vn 0 0 -1
vn 0 0 -1
vn 0 0 -1
vn 0 0 -1
vn 0 -1 0
vn 0 -1 0
vn 0 -1 0
vn 0 -1 0
vn 1 0 0
vn 1 0 0
vn 1 0 0
vn 1 0 0
vn 0 0 1
vn 0 0 1
vn 0 0 1
vn 0 0 1
vn -1 0 0
vn -1 0 0
vn -1 0 0
vn -1 0 0
vn 1 0 0
vn 1 0 0
vn 1 0 0
vn 1 0 0
vn 0 0 1
vn 0 0 1
vn 0 0 1
vn 0 0 1
vn 0 1 0
vn 0 1 0
vn 0 1 0
vn 0 1 0
vn 0 -1 0
vn 0 -1 0
vn 0 -1 0
vn 0 -1 0
vn 0 -1 0
vn 0 -1 0
vn 0 -1 0
vn 0 -1 0
vn 0 0 -1
vn 0 0 -1
vn 0 0 -1
vn 0 0 -1
vn 0 -1 0
vn 0 -1 0
vn 0 -1 0
vn 0 -1 0
vn 0 -1 0
vn 0 -1 0
vn 0 -1 0
vn 0 -1 0
vn -1 0 0
vn -1 0 0
vn -1 0 0
vn -1 0 0
vn 0 0 1
vn 0 0 1
vn 0 0 1
vn 0 0 1
vn 0 1 0
vn 0 1 0
vn 0 1 0
vn 0 1 0
vn 0 1 0
vn 0 1 0
vn 0 1 0
vn 0 1 0
vn 1 0 0
vn 1 0 0
vn 1 0 0
vn 1 0 0
vn 0 0 1
vn 0 0 1
vn 0 0 1
vn 0 0 1
vn -1 0 0
vn -1 0 0
vn -1 0 0
vn -1 0 0
vn 0 0 -1
vn 0 0 -1
vn 0 0 -1
vn 0 0 -1
vn 0 0 -1
vn 0 0 -1
vn 0 0 -1
vn 0 0 -1
vn 0 0 -1
vn 0 0 -1
vn 0 0 -1
vn 0 0 -1
vn 0 0 1
vn 0 0 1
vn 0 0 1
vn 0 0 1
vn 0 0 1
vn 0 0 1
vn 0 0 1
vn 0 0 1
vn -1 0 0
vn -1 0 0
vn -1 0 0
vn -1 0 0
vn -1 0 0
vn -1 0 0
vn -1 0 0
vn -1 0 0
vn -1 0 0
vn -1 0 0
vn -1 0 0
vn -1 0 0
vn -1 0 0
vn -1 0 0
vn 0 -1 0
vn 0 -1 0
vn 0 -1 0
vn 0 -1 0
vn 0 0 1
vn 0 0 1
vn 0 0 1
vn 0 0 1
vn 0 0 -1
vn 0 0 -1
vn 0 0 -1
vn 0 0 -1
vn 1 0 0
vn 1 0 0
vn 1 0 0
vn 1 0 0
vn 1 0 0
vn 1 0 0
vn 1 0 0
vn 1 0 0
vn 1 0 0
vn 1 0 0
vn 1 0 0
vn 1 0 0
vn 1 0 0
vn 1 0 0
vn -1 0 0
vn -1 0 0
vn -1 0 0
vn -1 0 0
vn -1 0 0
vn -1 0 0
vn -1 0 0
vn -1 0 0
vn -1 0 0
vn 0 0 1
vn 0 0 1
vn 0 0 1
vn 0 0 1
vn -1 0 0
vn -1 0 0
vn -1 0 0
vn -1 0 0
vn -1 0 0
vn 0 0 -1
vn 0 0 -1
vn 0 0 -1
vn 0 0 -1
vn 0 -1 0
vn 0 -1 0
vn 0 -1 0
vn 0 -1 0
vn 1 0 0
vn 1 0 0
vn 1 0 0
vn 1 0 0
vn 0 0 1
vn 0 0 1
vn 0 0 1
vn 0 0 1
vn 1 0 0
vn 1 0 0
vn 1 0 0
vn 1 0 0
vn 0 0 1
vn 0 0 1
vn 0 0 1
vn 0 0 1
vn 0 0 1
vn 0 0 1
vn 0 0 1
vn 0 0 1
vn -1 0 0
vn -1 0 0
vn -1 0 0
vn -1 0 0
vn 0 0 -1
vn 0 0 -1
vn 0 0 -1
vn 0 0 -1
vn 0 0 1
vn 0 0 1
vn 0 0 1
vn 0 0 1
vn -1 0 0
vn -1 0 0
vn -1 0 0
vn -1 0 0
vn 0 0 -1
vn 0 0 -1
vn 0 0 -1
vn 0 0 -1
vn 1 0 0
vn 1 0 0
vn 1 0 0
vn 1 0 0
vn 0 0 1
vn 0 0 1
vn 0 0 1
vn 0 0 1
vn -1 0 0
vn -1 0 0
vn -1 0 0
vn -1 0 0
vn 0 0 -1
vn 0 0 -1
vn 0 0 -1
vn 0 0 -1
vn 1 0 0
vn 1 0 0
vn 1 0 0
vn 1 0 0
vn 0 -1 0
vn 0 -1 0
vn 0 -1 0
vn 0 -1 0
vn 0 0 1
vn 0 0 1
vn 0 0 1
vn 0 0 1
vn -1 0 0
vn -1 0 0
vn -1 0 0
vn -1 0 0
vn 0 0 1
vn 0 0 1
vn 0 0 1
vn 0 0 1
vn 1 0 0
vn 1 0 0
vn 1 0 0
vn 1 0 0

vt 1 0
vt 0 0
vt 1 2
vt 0 2
vt 1 0
vt 0 0
vt 1 2
vt 0 2
vt 1 0
vt 0 0
vt 1 2
vt 0 2
vt 0 1
vt 1 1
vt 0 0
vt 1 0
vt 2 0
vt 0 0
vt 2 2
vt 0 2
vt 2 0
vt 0 0
vt 2 2
vt 0 2
vt 2 0
vt 0 0
vt 2 2
vt 0 2
vt 0 2
vt 2 2
vt 0 0
vt 2 0
vt 1 0
vt 0 0
vt 1 1
vt 0 1
vt 3 0
vt 0 0
vt 3 1
vt 0 1
vt 1 0
vt 0 0
vt 1 1
vt 0 1
vt 0 1
vt 1 0
vt 0 0
vt 1 1
vt 0 1
vt 1 0
vt 0 0
vt 1 1
vt 1 0
vt 0 1
vt 1 1
vt 0 0
vt 0 2
vt 1 0
vt 0 0
vt 1 2
vt 1 1
vt 0 0
vt 0 1
vt 1 0
vt 1 0
vt 0 0
vt 1 2
vt 0 2
vt 1 0
vt 0 0
vt 1 2
vt 0 2
vt 1 0
vt 0 0
vt 1 2
vt 0 2
vt 0 1
vt 1 1
vt 0 0
vt 1 0
vt 1 0
vt 0 0
vt 1 1
vt 0 1
vt 3 0
vt 0 0
vt 3 1
vt 0 1
vt 1 0
vt 0 0
vt 1 1
vt 0 1
vt 0 1
vt 1 0
vt 0 0
vt 1 1
vt 0 1
vt 1 0
vt 0 0
vt 1 1
vt 0 1
vt 1 0
vt 0 0
vt 1 1
vt 1 0
vt 0 1
vt 1 1
vt 0 0
vt 0 1
vt 1 0
vt 0 0
vt 1 1
vt 1 1
vt 0 0
vt 0 1
vt 1 0
vt 1 0
vt 0 0
vt 1 2
vt 0 2
vt 3 0
vt 0 0
vt 3 2
vt 0 2
vt 1 0
vt 0 0
vt 1 2
vt 0 2
vt 0 3
vt 1 3
vt 0 0
vt 1 0
vt 1 1
vt 0 0
vt 0 1
vt 1 0
vt 1 0
vt 0 1
vt 1 1
vt 0 0
vt 1 0
vt 0 1
vt 1 1
vt 0 0
vt 1 0
vt 0 1
vt 1 1
vt 0 0
vt 2 2
vt 0 0
vt 0 1
vt 2 0
vt 1 0
vt 0 1
vt 3 1
vt 0 0
vt 1 0
vt 0 0
vt 1 1
vt 0 1
vt 3 0
vt 0 0
vt 3 1
vt 0 1
vt 1 0
vt 0 0
vt 1 1
vt 0 1
vt 0 1
vt 1 0
vt 0 0
vt 1 1
vt 0 1
vt 1 0
vt 0 0
vt 1 1
vt 0 1
vt 1 0
vt 0 0
vt 1 1
vt 1 0
vt 0 1
vt 1 1
vt 0 0
vt 0 1
vt 1 0
vt 0 0
vt 1 1
vt 1 1
vt 0 0
vt 0 1
vt 1 0
vt 0 0
vt 1 1
vt 1 0
vt 0 1
vt 1 0
vt 0 0
vt 1 2
vt 0 2
vt 1 0
vt 0 0
vt 1 2
vt 0 2
vt 1 0
vt 0 0
vt 1 2
vt 0 2
vt 0 1
vt 1 1
vt 0 0
vt 1 0
vt 2 0
vt 0 0
vt 2 2
vt 0 2
vt 2 0
vt 0 0
vt 2 2
vt 0 2
vt 2 0
vt 0 0
vt 2 2
vt 0 2
vt 0 2
vt 2 2
vt 0 0
vt 2 0
vt 1 0
vt 0 0
vt 1 2
vt 0 2
vt 1 0
vt 0 0
vt 1 2
vt 0 2
vt 0 1
vt 1 1
vt 0 0
vt 1 0
vt 1 0
vt 0 0
vt 1 2
vt 0 2
vt 1 0
vt 0 0
vt 1 2
vt 0 2
vt 1 0
vt 0 0
vt 1 2
vt 0 2
vt 0 1
vt 1 1
vt 0 0
vt 1 0
vt 1 0
vt 0 0
vt 1 1
vt 0 1
vt 1 0
vt 0 0
vt 1 1
vt 0 1
vt 1 0
vt 0 0
vt 1 1
vt 0 1
vt 0 1
vt 1 1
vt 0 0
vt 1 0
vt 1 0
vt 0 0
vt 1 1
vt 0 1
vt 3 0
vt 0 0
vt 3 1
vt 0 1
vt 1 0
vt 0 0
vt 1 1
vt 0 1
vt 0 1
vt 1 0
vt 0 0
vt 1 1
vt 0 1
vt 1 0
vt 0 0
vt 1 1
vt 0 1
vt 1 0
vt 0 0
vt 1 1
vt 1 0
vt 0 1
vt 1 1
vt 0 0
vt 0 1
vt 1 0
vt 0 0
vt 1 1
vt 1 1
vt 0 0
vt 0 1
vt 1 0
vt 0 0
vt 1 1
vt 1 0
vt 0 1
vt 1 1.192093E-07
vt 0 1.192093E-07
vt 1 3
vt 1.788139E-07 3
vt 0 1
vt 1 1
vt 1.192093E-07 0
vt 1 1.788139E-07
vt 1 -1.192093E-07
vt 3.874302E-07 3
vt 1.000001 3
vt 0 -1.192093E-07
vt 0 0
vt 1 3
vt 1.000001 0
vt 0 3
vt 2 0
vt 0 0
vt 2 2
vt 0 2
vt 2 0
vt 0 0
vt 2 2
vt 0 2
vt 2 0
vt 0 0
vt 2 2
vt 0 2
vt 2 0
vt 0 0
vt 2 2
vt 0 2
vt 0 2
vt 2 2
vt 0 0
vt 2 0
vt 1 0
vt 0 0
vt 1 2
vt 0 2
vt 1 0
vt 0 0
vt 1 2
vt 0 2
vt 0 1
vt 1 1
vt 0 0
vt 1 0
vt 0 0
vt 1.000001 2
vt 1.000001 0
vt 0 2
vt 1 0
vt 0 0
vt 1 2
vt 0 2
vt 1 0
vt 0 0
vt 1 2
vt 0 2
vt 0 1
vt 1 1
vt 0 0
vt 1 0
vt 1 0
vt 1.192093E-07 2
vt 1 2
vt 0 0
vt 1 0
vt 2.384186E-07 0
vt 1 3
vt 0 3
vt 1 1.192093E-07
vt 0 1.192093E-07
vt 1 3
vt 1.788139E-07 3
vt 0 1
vt 1 1
vt 1.192093E-07 0
vt 1 1.788139E-07
vt 0 0
vt 1 3
vt 1.000001 0
vt 0 3
vt 1 0
vt 0 0
vt 1 2
vt 0 2
vt 1 0
vt 0 0
vt 1 2
vt 0 2
vt 0 1
vt 1 1
vt 0 0
vt 1 0
vt 1 0
vt 0 2
vt 1 2
vt 0 0
vt 1 0
vt 0 0
vt 1 2
vt 0 2
vt 0 3
vt 1 3
vt 0 0
vt 1 0
vt 1 1
vt 0 0
vt 0 1
vt 1 0
vt 1 0
vt 0 1
vt 1 1
vt 0 0
vt 1 0
vt 0 1
vt 1 1
vt 0 0
vt 1 0
vt 0 1
vt 1 1
vt 0 0
vt 2 2
vt 0 0
vt 0 1
vt 2 0
vt 1 0
vt 0 1
vt 3 1
vt 0 0
vt 1 0
vt 2.384186E-07 0
vt 1 3
vt 0 3
vt 1 1.192093E-07
vt 0 1.192093E-07
vt 1 3
vt 1.788139E-07 3
vt 0 1
vt 1 1
vt 1.192093E-07 0
vt 1 1.788139E-07
vt 1 -1.192093E-07
vt 3.874302E-07 3
vt 1.000001 3
vt 0 -1.192093E-07
vt 0 0
vt 1 3
vt 1.000001 0
vt 0 3
vt 1 0
vt 1.192093E-07 0
vt 1 2
vt 0 2
vt 1 5.960464E-08
vt 0 5.960464E-08
vt 1 2
vt 1.192093E-07 2
vt 0 1
vt 1 1
vt 1.192093E-07 0
vt 1 1.192093E-07
vt 1 0
vt 2.384186E-07 2
vt 1 2
vt 0 0
vt 0 0
vt 1 2
vt 1.000001 0
vt 0 2
vt 1 0
vt 0 0
vt 1 2
vt 0 2
vt 1 0
vt 0 0
vt 1 2
vt 0 2
vt 0 1
vt 1 1
vt 0 0
vt 1 0
vt 1 0
vt 0 0
vt 1 2
vt 0 2
vt 1 0
vt 0 0
vt 1 2
vt 0 2
vt 0 1
vt 1 1
vt 0 0
vt 1 0
vt 0 0
vt 1 2
vt 1 0
vt 0 2
vt 1 0
vt 0 0
vt 1 2
vt 0 2
vt 1 0
vt 0 0
vt 1 2
vt 0 2
vt 0 1
vt 1 1
vt 0 0
vt 1 0
vt 2 0
vt 0 0
vt 2 2
vt 0 2
vt 0 2
vt 2 2
vt 0 0
vt 2 0
vt 2 0
vt 0 1
vt 2 1
vt 0 0
vt 1 2
vt 0 0
vt 0 2
vt 1 0
vt 2 0
vt 0 1
vt 2 1
vt 0 0
vt 1 0
vt 0 1
vt 1 1
vt 0 0
vt 1 0
vt 0 0
vt 1 2
vt 0 2
vt 1 0
vt 0 0
vt 1 1
vt 0 1
vt 0 1
vt 1 1
vt 0 0
vt 1 0
vt 0 1
vt 1 1
vt 0 0
vt 1 0
vt 1 0
vt 0 0
vt 1 1
vt 0 1
vt 1 2
vt 0 0
vt 0 2
vt 1 1
vt 2 0
vt 2 1
vt 1 1.192093E-07
vt 0 1.192093E-07
vt 1 3
vt 1.788139E-07 3
vt 0 1
vt 1 1
vt 1.192093E-07 0
vt 1 1.788139E-07
vt 1 -1.192093E-07
vt 3.874302E-07 3
vt 1.000001 3
vt 0 -1.192093E-07
vt 0 0
vt 1 3
vt 1.000001 0
vt 0 3
vt 2 0
vt 0 0
vt 2 1
vt 0 1
vt 1 0
vt 0 0
vt 1 1
vt 0 1
vt 1 0
vt 0 0
vt 1 1
vt 0 1
vt 0 1
vt 2 1
vt 0 0
vt 2 0
vt -2.384186E-07 4.768372E-07
vt 9.536743E-07 2
vt 5 -4.768372E-07
vt 5.000001 2
vt 2 0
vt 0 0
vt 2 1
vt 2 0
vt 0 0
vt 0 1
vt 0 0
vt 1 2
vt 1 0
vt 0 2
vt 0 0
vt 1 1
vt 1 0
vt 0 1
vt 1 1
vt 0 0
vt 0 1
vt 1 0
vt 1 2
vt 0 0
vt 0 2
vt 1 0
vt 1 10
vt 5 10
vt 0 8
vt 0 10
vt 0 0
vt 7 3
vt 7 0
vt 7 10
vt 7 8
vt 2 5.000009
vt 2 8.583069E-06
vt 0 5
vt 0 0
vt 0 13
vt 7 13
vt 0 9
vt 7 0
vt 0 0
vt 3 0
vt 0 1
vt 3 1
vt 0 0
vt 2 3
vt 0 0
vt 0 3
vt 3 0
vt 0 1
vt 2 0
vt 0 0
vt 2 0
vt 0 1
vt 2 1
vt 0 0
vt 3 2
vt 0 0
vt 0 2
vt 2 0
vt 0 0
vt 2 1
vt 2 0
vt 1 10
vt 1 0
vt 0 3
vt 0 0
vt 0 5
vt 1 7
vt 0 0
vt 0 5
vt 5 4
vt 5 0
vt 5 4
vt 5 0
vt 0 4
vt 0 0
vt 5 0
vt 0 1
vt 5 12
vt 0 10
vt 5 7
vt 0 0
vt 0 7
vt 5 2
vt 0 0
vt 0 5
vt 16 0
vt 16 5
vt 0 4
vt 2 4
vt 0 0
vt 2 0
vt 0 0
vt 0 4
vt 16 4
vt 18 0
vt 0 0
vt 1 3
vt 1 0
vt 0 3
vt 0 0
vt 2 3
vt 2 2.384186E-07
vt 0 3
vt -2.384186E-07 2
vt 3 2
vt 3 1.192093E-07
vt 0 1.192093E-07
vt 0 0
vt 0 6
vt 3 6
vt 6 6
vt 8 0
vt 8 6
vt 7 12
vt 7 6
vt 0 12
vt 0 5
vt 0 0
vt 7 3
vt 7 0
vt 0 0
vt 0 3
vt 17 0
vt 17 3
vt 0 0
vt 12 5
vt 12 0
vt 0 5
vt 0 0
vt 5 5
vt 5 0
vt 0 5
vt 0 1
vt 3 0
vt 0 0
vt 3 1
vt 0 0
vt 0 5
vt 4 0
vt 4 5
vt 0 3
vt 4 3
vt 4 0
vt 0 0
vt 5 1.907349E-06
vt -2.384186E-07 2
vt 5 2
vt 0 1.907349E-06
vt 0 0
vt 1 2
vt 1 0
vt 0 4
vt 0 1
vt 1 0
vt 0 0
vt 1 1
vt 2 0
vt 0 0
vt 0 1
vt 1 2
vt 0 0
vt 0 2
vt 1 0
vt 0 0
vt 1 1
vt 1 0
vt 0 1
vt 0 0
vt 0 5
vt 7 0
vt 7 5
vt 4 6
vt 0 5
vt 0 6
vt 5 0
vt 11 6
vt 11 0
vt 0 0
vt 0 1
vt 0 5
vt 4 5
vt 4 0
vt 0 0
vt 7 0
vt 5 8
vt 7 8
vt 1 8
vt 0 0
vt 0 8
vt 0 0
vt 1 3
vt 1 0
vt 0 3
vt 0 2
vt 7 0
vt 1 0
vt 7 9
vt 0 9
vt 0 0
vt 2.236068 3
vt 2.236068 0
vt 0 3
vt 2 1
vt 2 0
vt 0 0
vt 0 9
vt 5 0
vt 0 0
vt 5 9
vt 0 5
vt 5 0
vt 0 0
vt 5 5
vt 5 5
vt 0 0
vt 0 5
vt 5 0
vt 0 9
vt 5 0
vt 0 0
vt 5 10
vt 0 0
vt 0 3
vt 7 3
vt 7 0
vt 5 1
vt 0 0
vt 0 5
vt 5 5
vt 7 6
vt 7 5
vt 0 5
vt 0 6
vt 7 1
vt 0 0
vt 7 0
vt 1 4
vt 1 0
vt 0 0
vt 0 4
vt 0 4
vt 2 4
vt 2 0
vt 0 0
vt 3 1
vt 3 0
vt 0 1
vt 0 0
vt 0 0
vt 0 5
vt 1 0
vt 4 5
vt 4 0
vt 12 5
vt 0 0
vt 0 5
vt 12 0
vt 0 8
vt 5 5
vt 0 0
vt 5 1
vt 5 0
vt 4 13
vt 5 13
vt 0 12
vt 1 13
vt 3 0
vt 0 1
vt 3 1
vt 0 0
vt 0 3
vt 1 0
vt 0 0
vt 5 0
vt 6 3
vt 6 0
vt 0 7
vt 6 7
vt 6 0
vt 0 0
vt 0 4
vt 4 4
vt 0 0
vt 4 0
vt 0 2
vt 3 2
vt 0 0
vt 3 0
vt 2 3
vt 7 0
vt 2 0
vt 11 0
vt 11 7
vt 0 7
vt 0 26
vt 15 0
vt 0 0
vt 15 26
vt 0 2
vt 15 0
vt 0 0
vt 15 2
vt 0 1
vt 16 0
vt 1 0
vt 16 1
vt 16 0
vt 0 1
vt 16 1
vt 0 0
vt 12 1
vt 0 0
vt 0 1
vt 12 0
vt 16 1
vt 0 0
vt 0 1
vt 16 0
vt 1 1
vt 16 0
vt 0 0
vt 16 1
vt 1 11
vt 0 12
vt 15 0
vt 0 2
vt 15 2
vt 0 0
vt 0 3
vt 15 0
vt 0 0
vt 15 3
vt 15 0
vt 0 13
vt 15 13
vt 0 0
vt 10 0
vt 0 2
vt 10 2
vt 0 0
vt 15 0
vt 0 3
vt 15 3
vt 0 0
vt 0 0
vt 3 3
vt 3 0
vt 0 3
vt 3 3
vt 0 0
vt 0 3
vt 3 0
vt 13 3
vt 0 0
vt 0 3
vt 13 0
vt 0 0
vt 14 3
vt 14 0
vt 0 3
vt 0 1
vt 1 1
vt 0 0
vt 10 0
vt 0 3
vt 10 3
vt 0 0
vt 0 3
vt 8.944273 0
vt 0 1
vt 8.944273 3
vt 2 3
vt 0 0
vt 0 3
vt 2 0
vt 2 0
vt 0 1
vt 2 1
vt 0 0
vt 0 3
vt 6 3
vt 6 0
vt 0 2
vt 3 0
vt 0 0
vt 3 2
vt 3 6
vt 3 4
vt 0 6
vt 0 0
vt 3 0
vt 3 2
vt 0 0
vt 0 2
vt 3 0
vt 0 6
vt 6 6
vt 6 4
vt 6 0
vt 0 0
vt 1 6
vt 0 4
vt 0 6
vt 1 0
vt 0 0
vt 3 6
vt 0 4
vt 0 6
vt 3 0
vt 0 0
vt 0 0
vt 17 5
vt 17 0
vt 0 5
vt 17 5
vt 0 0
vt 0 5
vt 17 0
vt 0 1
vt 3 0
vt 0 0
vt 3 1
vt 7 6
vt 0 0
vt 0 6
vt 7 0
vt 2 6
vt 0 0
vt 0 6
vt 2 0
vt 7 6
vt 0 5
vt 0 6
vt 0 0
vt 7 0
vt 0 0
vt 17 3
vt 17 0
vt 0 3
vt 0 12
vt 7 0
vt 0 0
vt 7 12
vt 1 4
vt 0 0
vt 0 4
vt 1 0
vt 0 0
vt 1 5
vt 1 0
vt 0 5
vt 1 5
vt 0 0
vt 0 5
vt 1 0
vt 0 1
vt 4 0
vt 0 0
vt 4 1
vt 1 6
vt 0 5
vt 0 6
vt 1 0
vt 0 0
vt 8 6
vt 8 5
vt 0 6
vt 0 0
vt 8 0
vt 4 1
vt 0 0
vt 0 1
vt 4 0
vt 0 6
vt 8 6
vt 8 1
vt 0 0
vt 0 0
vt 0 6
vt 5 0
vt 5 6
vt 1 6
vt 0 5
vt 0 6
vt 1 5
vt 1 0
vt 0 0
vt 1 0
vt 0 5
vt 1 5
vt 0 0
vt 1 0
vt 0 0
vt 1 5
vt 0 5
vt 4 0
vt 5 1
vt 5 0
vt 0 1
vt 1 0
vt 0 0
vt 0 1
vt 3 0
vt 0 0
vt 3 1
vt 0 0
vt 1 5
vt 1 0
vt 0 5
vt 1 5
vt 0 0
vt 0 5
vt 1 0
vt 5 0
vt 0 0
vt 0 13
vt 5 13
vt 2 4
vt 0 0
vt 0 4
vt 2 0
vt 0 2
vt 4 0
vt 0 0
vt 4 2
vt 0 7
vt 16 7
vt 16 0
vt 0 0
vt 7 4
vt 0 0
vt 1 4
vt 7 0
vt 3 5
vt 0 3
vt 0 5
vt 2 1
vt 0 0
vt 1 0
vt 0 4
vt 2 4
vt 2 1
vt 0 0
vt 0 5
vt 2 5
vt 2 0
vt 0 0
vt 7 0
vt 0 2
vt 7 2
vt 0 0
vt 7 0
vt 0 3
vt 7 3
vt 0 0
vt 6 3
vt 0 0
vt 0 3
vt 0 0
vt 0 3
vt 19 0
vt 0 7
vt 19 7
vt 5 7
vt 0 0
vt 0 7
vt 5 0
vt 9 7
vt 0 0
vt 0 7
vt 9 0
vt 0 7
vt 5 7
vt 0 0
vt 5 0
vt 14 7
vt 0 0
vt 0 7
vt 14 0
vt 3 2
vt 0 0
vt 0 2
vt 3 0
vt 0 7
vt 1 7
vt 1 5
vt 0 0
vt 1 0
vt 0 0
vt 0 7
vt 5 0
vt 5 7
vt 0 7
vt 15 7
vt 0 0
vt 15 0
vt 0 0
vt 4 7
vt 4 0
vt 0 7
vt 0 0
vt 3 2
vt 3 0
vt 0 2
vt 1 7
vt 0 5
vt 0 7
vt 1 0
vt 0 0
vt 5 7
vt 5 0
vt 0 0
vt 0 7
vt 0 7
vt 21 7
vt 21 0
vt 0 0
vt 0 0
vt 7 3
vt 7 0
vt 0 3
vt 7 5
vt 0 0
vt 0 5
vt 7 0
vt 7 0
vt 0 5
vt 7 5
vt 0 0
vt 1 0
vt 0 0
vt 1 2
vt 0 2
vt 0 0
vt 5 2
vt 5 0
vt 0 2
vt 1 6
vt 0 4
vt 0 6
vt 1 4
vt 1 0
vt 0 0
vt 0 0
vt 0 2
vt 4 0
vt 4 2
vt 4 0
vt 0 3
vt 4 3
vt 0 0
vt 3 4
vt 0 0
vt 0 4
vt 3 0
vt 3 0
vt 0 4
vt 3 4
vt 0 0
vt 7 7
vt 0 0
vt 0 7
vt 7 0
vt 4 2
vt 0 0
vt 0 2
vt 4 0
vt 0 7
vt 2 7
vt 2 5
vt 0 0
vt 2 0
vt 0 0
vt 0 7
vt 22 0
vt 22 7
vt 5 7
vt 0 5
vt 0 7
vt 5 0
vt 0 0
vt 3 3
vt 0 0
vt 0 3
vt 3 0
vt 4 7
vt 0 4
vt 0 7
vt 4 0
vt 0 0
vt 0 7
vt 9 7
vt 9 0
vt 0 0
vt 0 7
vt 4 7
vt 4 0
vt 0 0
vt 0 1
vt 3 0
vt 0 0
vt 3 1
vt 1 6
vt 0 5
vt 0 6
vt 1 0
vt 0 0
vt 5 6
vt 0 0
vt 0 6
vt 5 0
vt 3 2
vt 0 0
vt 0 2
vt 3 0
vt 0 6
vt 1 6
vt 1 4
vt 0 0
vt 1 0
vt 0 0
vt 0 6
vt 16 0
vt 16 6
vt 1 6
vt 0 4
vt 0 6
vt 1 0
vt 0 0
vt 12 6
vt 12 5
vt 0 6
vt 0 0
vt 12 0
vt 0 0
vt 3 4
vt 3 0
vt 0 4
vt 3 3
vt 0 0
vt 0 3
vt 3 0
vt 3 4
vt 0 0
vt 0 4
vt 3 0
vt 0 0
vt 16 5
vt 16 0
vt 0 5
vt 0 2
vt 4 0
vt 0 0
vt 4 2
vt 3 2
vt 0 0
vt 0 2
vt 3 0
vt 0 6
vt 1 6
vt 1 4
vt 0 0
vt 1 0
vt 5 6
vt 0 4
vt 0 6
vt 5 0
vt 0 0
vt 4 6
vt 0 4
vt 0 6
vt 4 2
vt 0 0
vt 4 0
vt 12 6
vt 0 0
vt 0 6
vt 12 0
vt 3 0
vt 0 3
vt 3 3
vt 0 0
vt 3 0
vt 0 4
vt 3 4
vt 0 0
vt 3 0
vt 0 4
vt 3 4
vt 0 0
vt 0 0
vt 5 5
vt 5 0
vt 0 5
vt 0 0
vt 4 5
vt 4 0
vt 0 5
vt 5 0
vt 0 5
vt 5 5
vt 0 0
vt 0 2
vt 4 0
vt 0 0
vt 4 2
vt 2 7
vt 0 5
vt 0 7
vt 2 0
vt 0 0
vt 1 7
vt 1 5
vt 0 7
vt 0 0
vt 1 0
vt 14 7
vt 14 0
vt 0 0
vt 0 7
vt 4 2
vt 0 0
vt 0 2
vt 4 0
vt 1 7
vt 0 5
vt 0 7
vt 1 0
vt 0 0
vt 0 6
vt 1 6
vt 1 4
vt 0 0
vt 1 0
vt 0 0
vt 0 6
vt 10 0
vt 10 6
vt 0 7
vt 3 7
vt 3 0
vt 0 0
vt 17 6
vt 17 0
vt 10 4
vt 10 6
vt 10 0
vt 0 0
vt 0 6
vt 8 4
vt 8 6
vt 8 0
vt 4 4
vt 4 0
vt 0 4
vt 0 0
vt 2 4
vt 0 0
vt 0 4
vt 2 0
vt 0 2
vt 2 0
vt 0 0
vt 2 2
vt 0 0
vt 10 4
vt 10 0
vt 0 4
vt 8 4
vt 0 0
vt 0 4
vt 8 0
vt 0 0
vt 2 2
vt 2 0
vt 0 2
vt 0 2
vt 2 0
vt 0 0
vt 2 2
vt 0 2
vt 2 0
vt 0 0
vt 2 2
vt 0 0
vt 1 2
vt 1 0
vt 0 2
vt 0 2
vt 2 0
vt 0 0
vt 2 2
vt 7 2
vt 0 0
vt 0 2
vt 7 0
vt 9 2
vt 0 0
vt 0 2
vt 9 0
vt 2 2
vt 0 0
vt 0 2
vt 2 0
vt 1 2
vt 0 0
vt 0 2
vt 1 0
vt 1 4
vt 0 0
vt 0 4
vt 1 0
vt 3 2
vt 0 0
vt 0 2
vt 3 0
vt 4 2
vt 0 0
vt 0 2
vt 4 0
vt 0 7
vt 5 7
vt 5 5
vt 5 0
vt 0 0
vt 5 7
vt 0 5
vt 0 7
vt 0 0
vt 5 0
vt 0 7
vt 1 7
vt 1 5
vt 0 0
vt 1 0
vt 2 7
vt 0 5
vt 0 7
vt 2 0
vt 0 0
vt 0 0
vt 0 5
vt 4 0
vt 4 5
vt 4 5
vt 4 0
vt 0 0
vt 0 5
vt 4 0
vt 0 0
vt 0 4
vt 4 4
vt 3 3
vt 0 0
vt 0 3
vt 3 0
vt 3 5
vt 0 0
vt 0 5
vt 3 0
vt 0 0
vt 3 5
vt 3 0
vt 0 5
vt 3 2
vt 0 0
vt 0 2
vt 3 0
vt 2 5
vt 2 0
vt 0 7
vt 0 0
vt 2 7
vt 0 5
vt 0 7
vt 2 7
vt 2 0
vt 0 0
vt 0 7
vt 3 7
vt 0 0
vt 3 0
vt 0 7
vt 4 7
vt 4 5
vt 0 0
vt 4 0
vt 3 5
vt 0 0
vt 0 5
vt 3 0
vt 3 3
vt 0 0
vt 0 3
vt 3 0
vt 0 0
vt 3 5
vt 3 0
vt 0 5
vt 0 2
vt 3 0
vt 0 0
vt 3 2
vt 3 6
vt 3 4
vt 0 6
vt 0 0
vt 3 0
vt 0 0
vt 6 6
vt 6 0
vt 0 6
vt 0 0
vt 3 1
vt 3 0
vt 0 1
vt 1 6
vt 0 5
vt 0 6
vt 1 0
vt 0 0
vt 8 6
vt 8 0
vt 0 0
vt 0 6
vt 2 6
vt 2 5
vt 0 6
vt 0 0
vt 2 0
vt 0 0
vt 0 6
vt 2 0
vt 2 6
vt 0 0
vt 8 6
vt 8 0
vt 0 6
vt 0 4
vt 10 4
vt 0 0
vt 10 0
vt 13 4
vt 0 0
vt 0 4
vt 13 0
vt 0 0
vt 0 4
vt 10 0
vt 10 4
vt 0 2
vt 10 2
vt 0 0
vt 10 0
vt 13 0
vt 0 0
vt 13 1
vt 0 1
vt 0 1
vt 13 1
vt 0 0
vt 13 0
vt 0 0
vt 10 10
vt 10 0
vt 0 10
vt 1 10
vt 0 0
vt 0 10
vt 1 0
vt 13 0
vt 0 2
vt 13 2
vt 0 0
vt 0 1
vt 13 0
vt 0 0
vt 13 1
vt 15 10
vt 15 0
vt 0 10
vt 0 0
vt 0 0
vt 9 2
vt 9 0
vt 0 2
vt 13 2
vt 0 0
vt 0 2
vt 13 0
vt 0 0
vt 24 10
vt 24 0
vt 0 10
vt 0 0
vt 0 10
vt 15 0
vt 15 10
vt 10 0
vt 0 3
vt 10 3
vt 0 0
vt 10 3
vt 0 0
vt 0 3
vt 10 0
vt 10 3
vt 0 0
vt 0 3
vt 10 0
vt 13 0
vt 0 3
vt 13 3
vt 0 0
vt 0 0
vt 1 3
vt 1 0
vt 0 3
vt 10 3
vt 0 0
vt 0 3
vt 10 0
vt 15 3
vt 15 0
vt 0 3
vt 0 0
vt 0 0
vt 14 3
vt 14 0
vt 0 3
vt 4 2
vt 0 0
vt 0 2
vt 4 0
vt 0 7
vt 1 7
vt 1 5
vt 0 0
vt 1 0
vt 1 7
vt 0 5
vt 0 7
vt 1 0
vt 0 0
vt 2 4
vt 0 0
vt 0 4
vt 2 0
vt 2 5
vt 0 0
vt 0 5
vt 2 0
vt 0 0
vt 2 5
vt 2 0
vt 0 5
vt 0 1
vt 4 0
vt 0 0
vt 4 1
vt 1 6
vt 0 5
vt 0 6
vt 1 0
vt 0 0
vt 1 6
vt 1 5
vt 0 6
vt 0 0
vt 1 0
vt 4 1
vt 0 0
vt 0 1
vt 4 0
vt 0 6
vt 1 6
vt 1 5
vt 0 0
vt 1 0
vt 0 0
vt 0 6
vt 7 0
vt 7 6
vt 1 6
vt 0 5
vt 0 6
vt 1 0
vt 0 0
vt 0 6
vt 7 6
vt 0 0
vt 7 0
vt 7 0
vt 0 6
vt 7 6
vt 0 0
vt 23 7
vt 0 0
vt 0 7
vt 23 0
vt 7 7
vt 0 0
vt 0 7
vt 7 0
vt 1 7
vt 0 0
vt 0 7
vt 1 0
vt 0 0
vt 0 7
vt 10 0
vt 10 7
vt 1 0
vt 0 0
vt 1 2
vt 0 2
vt 1 0
vt 0 0
vt 1 2
vt 0 2
vt 1 0
vt 0 0
vt 1 2
vt 0 2
vt 1 0
vt 0 0
vt 1 2
vt 0 2
vt 1 0
vt 0 0
vt 1 2
vt 0 2
vt 1 0
vt 0 0
vt 1 2
vt 0 2
vt 1 0
vt 0 0
vt 1 2
vt 0 2
vt 1 0
vt 0 0
vt 1 2
vt 0 2
vt 1 0
vt 0 0
vt 1 2
vt 0 2
vt 1 0
vt 0 0
vt 1 2
vt 0 2
vt 1 0
vt 0 0
vt 1 2
vt 0 2
vt 0 0
vt 16 5
vt 16 0
vt 0 5
vt 0 0
vt 16 2
vt 16 0
vt 0 2
vt 0 0
vt 5 2
vt 5 0
vt 0 2
vt 0 4
vt 16 4
vt 16 0
vt 0 0
vt 0 0
vt 1 5
vt 1 0
vt 0 5

g Combined_Mesh_(root:_scene)
usemtl Combined_Mesh_(root:_scene)
usemap Combined_Mesh_(root:_scene)
f 1/1/1 3/3/3 2/2/2
f 2/2/2 3/3/3 4/4/4
f 5/5/5 7/7/7 6/6/6
f 6/6/6 7/7/7 8/8/8
f 9/9/9 11/11/11 10/10/10
f 10/10/10 11/11/11 12/12/12
f 13/13/13 15/15/15 14/14/14
f 14/14/14 15/15/15 16/16/16
g Combined_Mesh_(root:_scene)_1
usemtl Combined_Mesh_(root:_scene)_1
usemap Combined_Mesh_(root:_scene)_1
f 17/17/17 19/19/19 18/18/18
f 18/18/18 19/19/19 20/20/20
f 21/21/21 23/23/23 22/22/22
f 22/22/22 23/23/23 24/24/24
f 25/25/25 27/27/27 26/26/26
f 26/26/26 27/27/27 28/28/28
f 29/29/29 31/31/31 30/30/30
f 30/30/30 31/31/31 32/32/32
g Combined_Mesh_(root:_scene)_2
usemtl Combined_Mesh_(root:_scene)_2
usemap Combined_Mesh_(root:_scene)_2
f 33/33/33 35/35/35 34/34/34
f 34/34/34 35/35/35 36/36/36
f 37/37/37 39/39/39 38/38/38
f 38/38/38 39/39/39 40/40/40
f 41/41/41 43/43/43 42/42/42
f 42/42/42 43/43/43 44/44/44
f 45/45/45 47/47/47 46/46/46
f 45/45/45 46/46/46 48/48/48
f 49/49/49 51/51/51 50/50/50
f 49/49/49 50/50/50 52/52/52
f 53/53/53 55/55/55 54/54/54
f 53/53/53 54/54/54 56/56/56
f 57/57/57 59/59/59 58/58/58
f 57/57/57 58/58/58 60/60/60
f 61/61/61 63/63/63 62/62/62
f 61/61/61 62/62/62 64/64/64
g Combined_Mesh_(root:_scene)_3
usemtl Combined_Mesh_(root:_scene)_3
usemap Combined_Mesh_(root:_scene)_3
f 65/65/65 67/67/67 66/66/66
f 66/66/66 67/67/67 68/68/68
f 69/69/69 71/71/71 70/70/70
f 70/70/70 71/71/71 72/72/72
f 73/73/73 75/75/75 74/74/74
f 74/74/74 75/75/75 76/76/76
f 77/77/77 79/79/79 78/78/78
f 78/78/78 79/79/79 80/80/80
g Combined_Mesh_(root:_scene)_4
usemtl Combined_Mesh_(root:_scene)_4
usemap Combined_Mesh_(root:_scene)_4
f 81/81/81 83/83/83 82/82/82
f 82/82/82 83/83/83 84/84/84
f 85/85/85 87/87/87 86/86/86
f 86/86/86 87/87/87 88/88/88
f 89/89/89 91/91/91 90/90/90
f 90/90/90 91/91/91 92/92/92
f 93/93/93 95/95/95 94/94/94
f 93/93/93 94/94/94 96/96/96
f 97/97/97 99/99/99 98/98/98
f 97/97/97 98/98/98 100/100/100
f 101/101/101 103/103/103 102/102/102
f 101/101/101 102/102/102 104/104/104
f 105/105/105 107/107/107 106/106/106
f 105/105/105 106/106/106 108/108/108
f 109/109/109 111/111/111 110/110/110
f 109/109/109 110/110/110 112/112/112
f 113/113/113 115/115/115 114/114/114
f 113/113/113 114/114/114 116/116/116
g Combined_Mesh_(root:_scene)_5
usemtl Combined_Mesh_(root:_scene)_5
usemap Combined_Mesh_(root:_scene)_5
f 117/117/117 119/119/119 118/118/118
f 118/118/118 119/119/119 120/120/120
f 121/121/121 123/123/123 122/122/122
f 122/122/122 123/123/123 124/124/124
f 125/125/125 127/127/127 126/126/126
f 126/126/126 127/127/127 128/128/128
f 129/129/129 131/131/131 130/130/130
f 130/130/130 131/131/131 132/132/132
f 133/133/133 135/135/135 134/134/134
f 133/133/133 134/134/134 136/136/136
f 137/137/137 139/139/139 138/138/138
f 137/137/137 138/138/138 140/140/140
f 141/141/141 143/143/143 142/142/142
f 141/141/141 142/142/142 144/144/144
f 145/145/145 147/147/147 146/146/146
f 145/145/145 146/146/146 148/148/148
f 149/149/149 151/151/151 150/150/150
f 149/149/149 150/150/150 152/152/152
f 153/153/153 155/155/155 154/154/154
f 153/153/153 154/154/154 156/156/156
g Combined_Mesh_(root:_scene)_6
usemtl Combined_Mesh_(root:_scene)_6
usemap Combined_Mesh_(root:_scene)_6
f 157/157/157 159/159/159 158/158/158
f 158/158/158 159/159/159 160/160/160
f 161/161/161 163/163/163 162/162/162
f 162/162/162 163/163/163 164/164/164
f 165/165/165 167/167/167 166/166/166
f 166/166/166 167/167/167 168/168/168
f 169/169/169 171/171/171 170/170/170
f 169/169/169 170/170/170 172/172/172
f 173/173/173 175/175/175 174/174/174
f 173/173/173 174/174/174 176/176/176
f 177/177/177 179/179/179 178/178/178
f 177/177/177 178/178/178 180/180/180
f 181/181/181 183/183/183 182/182/182
f 181/181/181 182/182/182 184/184/184
f 185/185/185 187/187/187 186/186/186
f 185/185/185 186/186/186 188/188/188
f 189/189/189 191/191/191 190/190/190
f 189/189/189 190/190/190 192/192/192
f 193/193/193 195/195/195 194/194/194
f 193/193/193 194/194/194 196/196/196
g Combined_Mesh_(root:_scene)_7
usemtl Combined_Mesh_(root:_scene)_7
usemap Combined_Mesh_(root:_scene)_7
f 197/197/197 199/199/199 198/198/198
f 198/198/198 199/199/199 200/200/200
f 201/201/201 203/203/203 202/202/202
f 202/202/202 203/203/203 204/204/204
f 205/205/205 207/207/207 206/206/206
f 206/206/206 207/207/207 208/208/208
f 209/209/209 211/211/211 210/210/210
f 210/210/210 211/211/211 212/212/212
g Combined_Mesh_(root:_scene)_8
usemtl Combined_Mesh_(root:_scene)_8
usemap Combined_Mesh_(root:_scene)_8
f 213/213/213 215/215/215 214/214/214
f 214/214/214 215/215/215 216/216/216
f 217/217/217 219/219/219 218/218/218
f 218/218/218 219/219/219 220/220/220
f 221/221/221 223/223/223 222/222/222
f 222/222/222 223/223/223 224/224/224
f 225/225/225 227/227/227 226/226/226
f 226/226/226 227/227/227 228/228/228
g Combined_Mesh_(root:_scene)_9
usemtl Combined_Mesh_(root:_scene)_9
usemap Combined_Mesh_(root:_scene)_9
f 229/229/229 231/231/231 230/230/230
f 230/230/230 231/231/231 232/232/232
f 233/233/233 235/235/235 234/234/234
f 234/234/234 235/235/235 236/236/236
f 237/237/237 239/239/239 238/238/238
f 238/238/238 239/239/239 240/240/240
g Combined_Mesh_(root:_scene)_10
usemtl Combined_Mesh_(root:_scene)_10
usemap Combined_Mesh_(root:_scene)_10
f 241/241/241 243/243/243 242/242/242
f 242/242/242 243/243/243 244/244/244
f 245/245/245 247/247/247 246/246/246
f 246/246/246 247/247/247 248/248/248
f 249/249/249 251/251/251 250/250/250
f 250/250/250 251/251/251 252/252/252
f 253/253/253 255/255/255 254/254/254
f 254/254/254 255/255/255 256/256/256
g Combined_Mesh_(root:_scene)_11
usemtl Combined_Mesh_(root:_scene)_11
usemap Combined_Mesh_(root:_scene)_11
f 257/257/257 259/259/259 258/258/258
f 258/258/258 259/259/259 260/260/260
f 261/261/261 263/263/263 262/262/262
f 262/262/262 263/263/263 264/264/264
f 265/265/265 267/267/267 266/266/266
f 266/266/266 267/267/267 268/268/268
f 269/269/269 271/271/271 270/270/270
f 270/270/270 271/271/271 272/272/272
g Combined_Mesh_(root:_scene)_12
usemtl Combined_Mesh_(root:_scene)_12
usemap Combined_Mesh_(root:_scene)_12
f 273/273/273 275/275/275 274/274/274
f 274/274/274 275/275/275 276/276/276
f 277/277/277 279/279/279 278/278/278
f 278/278/278 279/279/279 280/280/280
f 281/281/281 283/283/283 282/282/282
f 282/282/282 283/283/283 284/284/284
f 285/285/285 287/287/287 286/286/286
f 285/285/285 286/286/286 288/288/288
f 289/289/289 291/291/291 290/290/290
f 289/289/289 290/290/290 292/292/292
f 293/293/293 295/295/295 294/294/294
f 293/293/293 294/294/294 296/296/296
f 297/297/297 299/299/299 298/298/298
f 297/297/297 298/298/298 300/300/300
f 301/301/301 303/303/303 302/302/302
f 301/301/301 302/302/302 304/304/304
f 305/305/305 307/307/307 306/306/306
f 305/305/305 306/306/306 308/308/308
f 309/309/309 311/311/311 310/310/310
f 309/309/309 310/310/310 312/312/312
g Combined_Mesh_(root:_scene)_13
usemtl Combined_Mesh_(root:_scene)_13
usemap Combined_Mesh_(root:_scene)_13
f 313/313/313 315/315/315 314/314/314
f 314/314/314 315/315/315 316/316/316
f 317/317/317 319/319/319 318/318/318
f 318/318/318 319/319/319 320/320/320
f 321/321/321 323/323/323 322/322/322
f 321/321/321 322/322/322 324/324/324
f 325/325/325 327/327/327 326/326/326
f 325/325/325 326/326/326 328/328/328
g Combined_Mesh_(root:_scene)_14
usemtl Combined_Mesh_(root:_scene)_14
usemap Combined_Mesh_(root:_scene)_14
f 329/329/329 331/331/331 330/330/330
f 330/330/330 331/331/331 332/332/332
f 333/333/333 335/335/335 334/334/334
f 334/334/334 335/335/335 336/336/336
f 337/337/337 339/339/339 338/338/338
f 338/338/338 339/339/339 340/340/340
f 341/341/341 343/343/343 342/342/342
f 342/342/342 343/343/343 344/344/344
f 345/345/345 347/347/347 346/346/346
f 346/346/346 347/347/347 348/348/348
g Combined_Mesh_(root:_scene)_15
usemtl Combined_Mesh_(root:_scene)_15
usemap Combined_Mesh_(root:_scene)_15
f 349/349/349 351/351/351 350/350/350
f 350/350/350 351/351/351 352/352/352
f 353/353/353 355/355/355 354/354/354
f 354/354/354 355/355/355 356/356/356
f 357/357/357 359/359/359 358/358/358
f 358/358/358 359/359/359 360/360/360
f 361/361/361 363/363/363 362/362/362
f 361/361/361 362/362/362 364/364/364
g Combined_Mesh_(root:_scene)_16
usemtl Combined_Mesh_(root:_scene)_16
usemap Combined_Mesh_(root:_scene)_16
f 365/365/365 367/367/367 366/366/366
f 366/366/366 367/367/367 368/368/368
f 369/369/369 371/371/371 370/370/370
f 370/370/370 371/371/371 372/372/372
f 373/373/373 375/375/375 374/374/374
f 374/374/374 375/375/375 376/376/376
f 377/377/377 379/379/379 378/378/378
f 377/377/377 378/378/378 380/380/380
g Combined_Mesh_(root:_scene)_17
usemtl Combined_Mesh_(root:_scene)_17
usemap Combined_Mesh_(root:_scene)_17
f 381/381/381 383/383/383 382/382/382
f 382/382/382 383/383/383 384/384/384
f 385/385/385 387/387/387 386/386/386
f 386/386/386 387/387/387 388/388/388
f 389/389/389 391/391/391 390/390/390
f 390/390/390 391/391/391 392/392/392
f 393/393/393 395/395/395 394/394/394
f 393/393/393 394/394/394 396/396/396
g Combined_Mesh_(root:_scene)_18
usemtl Combined_Mesh_(root:_scene)_18
usemap Combined_Mesh_(root:_scene)_18
f 397/397/397 399/399/399 398/398/398
f 398/398/398 399/399/399 400/400/400
f 401/401/401 403/403/403 402/402/402
f 402/402/402 403/403/403 404/404/404
f 405/405/405 407/407/407 406/406/406
f 406/406/406 407/407/407 408/408/408
f 409/409/409 411/411/411 410/410/410
f 409/409/409 410/410/410 412/412/412
g Combined_Mesh_(root:_scene)_19
usemtl Combined_Mesh_(root:_scene)_19
usemap Combined_Mesh_(root:_scene)_19
f 413/413/413 415/415/415 414/414/414
f 414/414/414 415/415/415 416/416/416
f 417/417/417 419/419/419 418/418/418
f 418/418/418 419/419/419 420/420/420
f 421/421/421 423/423/423 422/422/422
f 421/421/421 422/422/422 424/424/424
f 425/425/425 427/427/427 426/426/426
f 425/425/425 426/426/426 428/428/428
f 429/429/429 431/431/431 430/430/430
f 429/429/429 430/430/430 432/432/432
f 433/433/433 435/435/435 434/434/434
f 433/433/433 434/434/434 436/436/436
f 437/437/437 439/439/439 438/438/438
f 437/437/437 438/438/438 440/440/440
f 441/441/441 443/443/443 442/442/442
f 441/441/441 442/442/442 444/444/444
g Combined_Mesh_(root:_scene)_20
usemtl Combined_Mesh_(root:_scene)_20
usemap Combined_Mesh_(root:_scene)_20
f 445/445/445 447/447/447 446/446/446
f 446/446/446 447/447/447 448/448/448
f 449/449/449 451/451/451 450/450/450
f 450/450/450 451/451/451 452/452/452
f 453/453/453 455/455/455 454/454/454
f 454/454/454 455/455/455 456/456/456
f 457/457/457 459/459/459 458/458/458
f 457/457/457 458/458/458 460/460/460
f 461/461/461 463/463/463 462/462/462
f 461/461/461 462/462/462 464/464/464
g Combined_Mesh_(root:_scene)_21
usemtl Combined_Mesh_(root:_scene)_21
usemap Combined_Mesh_(root:_scene)_21
f 465/465/465 467/467/467 466/466/466
f 466/466/466 467/467/467 468/468/468
f 469/469/469 471/471/471 470/470/470
f 470/470/470 471/471/471 472/472/472
f 473/473/473 475/475/475 474/474/474
f 474/474/474 475/475/475 476/476/476
f 477/477/477 479/479/479 478/478/478
f 477/477/477 478/478/478 480/480/480
f 481/481/481 483/483/483 482/482/482
f 481/481/481 482/482/482 484/484/484
g Combined_Mesh_(root:_scene)_22
usemtl Combined_Mesh_(root:_scene)_22
usemap Combined_Mesh_(root:_scene)_22
f 485/485/485 487/487/487 486/486/486
f 486/486/486 487/487/487 488/488/488
f 489/489/489 491/491/491 490/490/490
f 490/490/490 491/491/491 492/492/492
f 493/493/493 495/495/495 494/494/494
f 494/494/494 495/495/495 496/496/496
g Combined_Mesh_(root:_scene)_23
usemtl Combined_Mesh_(root:_scene)_23
usemap Combined_Mesh_(root:_scene)_23
f 497/497/497 499/499/499 498/498/498
f 498/498/498 499/499/499 500/500/500
f 501/501/501 503/503/503 502/502/502
f 502/502/502 503/503/503 504/504/504
f 505/505/505 507/507/507 506/506/506
f 506/506/506 507/507/507 508/508/508
f 509/509/509 511/511/511 510/510/510
f 509/509/509 510/510/510 512/512/512
g Combined_Mesh_(root:_scene)_24
usemtl Combined_Mesh_(root:_scene)_24
usemap Combined_Mesh_(root:_scene)_24
f 513/513/513 515/515/515 514/514/514
f 514/514/514 515/515/515 516/516/516
f 517/517/517 519/519/519 518/518/518
f 518/518/518 519/519/519 520/520/520
f 521/521/521 523/523/523 522/522/522
f 522/522/522 523/523/523 524/524/524
g Combined_Mesh_(root:_scene)_25
usemtl Combined_Mesh_(root:_scene)_25
usemap Combined_Mesh_(root:_scene)_25
f 525/525/525 527/527/527 526/526/526
f 526/526/526 527/527/527 528/528/528
f 529/529/529 531/531/531 530/530/530
f 530/530/530 531/531/531 532/532/532
f 533/533/533 535/535/535 534/534/534
f 533/533/533 534/534/534 536/536/536
f 537/537/537 539/539/539 538/538/538
f 537/537/537 538/538/538 540/540/540
f 541/541/541 543/543/543 542/542/542
f 541/541/541 542/542/542 544/544/544
f 545/545/545 547/547/547 546/546/546
f 545/545/545 546/546/546 548/548/548
g Combined_Mesh_(root:_scene)_26
usemtl Combined_Mesh_(root:_scene)_26
usemap Combined_Mesh_(root:_scene)_26
f 549/549/549 551/551/551 550/550/550
f 550/550/550 551/551/551 552/552/552
f 553/553/553 555/555/555 554/554/554
f 554/554/554 555/555/555 556/556/556
f 557/557/557 559/559/559 558/558/558
f 558/558/558 559/559/559 560/560/560
f 561/561/561 563/563/563 562/562/562
f 562/562/562 563/563/563 564/564/564
f 565/565/565 567/567/567 566/566/566
f 566/566/566 567/567/567 568/568/568
f 569/569/569 571/571/571 570/570/570
f 569/569/569 570/570/570 572/572/572
f 573/573/573 574/574/574 572/572/572
f 573/573/573 572/572/572 570/570/570
g Combined_Mesh_(root:_scene)_27
usemtl Combined_Mesh_(root:_scene)_27
usemap Combined_Mesh_(root:_scene)_27
f 575/575/575 577/577/577 576/576/576
f 576/576/576 577/577/577 578/578/578
f 579/579/579 581/581/581 580/580/580
f 580/580/580 581/581/581 582/582/582
f 583/583/583 585/585/585 584/584/584
f 583/583/583 584/584/584 586/586/586
f 587/587/587 589/589/589 588/588/588
f 587/587/587 588/588/588 590/590/590
g Combined_Mesh_(root:_scene)_28
usemtl Combined_Mesh_(root:_scene)_28
usemap Combined_Mesh_(root:_scene)_28
f 591/591/591 593/593/593 592/592/592
f 592/592/592 593/593/593 594/594/594
f 595/595/595 597/597/597 596/596/596
f 596/596/596 597/597/597 598/598/598
f 599/599/599 601/601/601 600/600/600
f 600/600/600 601/601/601 602/602/602
f 603/603/603 605/605/605 604/604/604
f 604/604/604 605/605/605 606/606/606
g Combined_Mesh_(root:_scene)_29
usemtl Combined_Mesh_(root:_scene)_29
usemap Combined_Mesh_(root:_scene)_29
f 607/607/607 609/609/609 608/608/608
f 608/608/608 609/609/609 610/610/610
f 611/611/611 613/613/613 612/612/612
f 614/614/614 616/616/616 615/615/615
f 617/617/617 619/619/619 618/618/618
f 617/617/617 618/618/618 620/620/620
f 621/621/621 623/623/623 622/622/622
f 621/621/621 622/622/622 624/624/624
f 625/625/625 627/627/627 626/626/626
f 625/625/625 626/626/626 628/628/628
f 629/629/629 631/631/631 630/630/630
f 629/629/629 630/630/630 632/632/632
f 633/633/633 635/635/635 634/634/634
f 633/633/633 636/636/636 635/635/635
f 637/637/637 638/638/638 635/635/635
f 639/639/639 638/638/638 637/637/637
f 635/635/635 640/640/640 634/634/634
f 638/638/638 641/641/641 635/635/635
f 635/635/635 641/641/641 640/640/640
f 642/642/642 644/644/644 643/643/643
f 643/643/643 644/644/644 645/645/645
f 646/646/646 648/648/648 647/647/647
f 648/648/648 649/649/649 647/647/647
f 650/650/650 649/649/649 648/648/648
f 651/651/651 653/653/653 652/652/652
f 651/651/651 652/652/652 654/654/654
f 655/655/655 657/657/657 656/656/656
f 655/655/655 656/656/656 658/658/658
f 659/659/659 661/661/661 660/660/660
f 662/662/662 664/664/664 663/663/663
f 662/662/662 663/663/663 665/665/665
f 666/666/666 668/668/668 667/667/667
f 666/666/666 667/667/667 669/669/669
f 670/670/670 672/672/672 671/671/671
f 673/673/673 675/675/675 674/674/674
f 676/676/676 678/678/678 677/677/677
g Combined_Mesh_(root:_scene)_30
usemtl Combined_Mesh_(root:_scene)_30
usemap Combined_Mesh_(root:_scene)_30
f 679/679/679 681/681/681 680/680/680
f 682/682/682 681/681/681 679/679/679
f 683/683/683 685/685/685 684/684/684
f 684/684/684 685/685/685 686/686/686
f 687/687/687 689/689/689 688/688/688
f 688/688/688 689/689/689 690/690/690
f 691/691/691 693/693/693 692/692/692
f 692/692/692 694/694/694 691/691/691
f 695/695/695 697/697/697 696/696/696
f 696/696/696 697/697/697 698/698/698
f 699/699/699 701/701/701 700/700/700
f 700/700/700 701/701/701 702/702/702
f 703/703/703 705/705/705 704/704/704
f 706/706/706 705/705/705 703/703/703
g Combined_Mesh_(root:_scene)_31
usemtl Combined_Mesh_(root:_scene)_31
usemap Combined_Mesh_(root:_scene)_31
f 707/707/707 709/709/709 708/708/708
f 707/707/707 708/708/708 710/710/710
f 711/711/711 713/713/713 712/712/712
f 711/711/711 712/712/712 714/714/714
f 715/715/715 717/717/717 716/716/716
f 718/718/718 717/717/717 715/715/715
f 719/719/719 721/721/721 720/720/720
f 719/719/719 722/722/722 721/721/721
f 723/723/723 722/722/722 719/719/719
f 724/724/724 722/722/722 723/723/723
f 725/725/725 727/727/727 726/726/726
f 726/726/726 727/727/727 728/728/728
f 728/728/728 729/729/729 726/726/726
f 726/726/726 729/729/729 730/730/730
f 730/730/730 729/729/729 731/731/731
f 732/732/732 734/734/734 733/733/733
f 733/733/733 734/734/734 735/735/735
f 736/736/736 738/738/738 737/737/737
f 736/736/736 737/737/737 739/739/739
f 740/740/740 742/742/742 741/741/741
f 740/740/740 741/741/741 743/743/743
f 744/744/744 746/746/746 745/745/745
f 744/744/744 745/745/745 747/747/747
f 748/748/748 750/750/750 749/749/749
f 750/750/750 751/751/751 749/749/749
f 752/752/752 754/754/754 753/753/753
f 755/755/755 754/754/754 752/752/752
g Combined_Mesh_(root:_scene)_32
usemtl Combined_Mesh_(root:_scene)_32
usemap Combined_Mesh_(root:_scene)_32
f 756/756/756 758/758/758 757/757/757
f 756/756/756 757/757/757 759/759/759
f 760/760/760 762/762/762 761/761/761
f 760/760/760 761/761/761 763/763/763
f 764/764/764 766/766/766 765/765/765
f 764/764/764 765/765/765 767/767/767
f 768/768/768 770/770/770 769/769/769
f 771/771/771 773/773/773 772/772/772
f 771/771/771 772/772/772 774/774/774
f 775/775/775 777/777/777 776/776/776
f 775/775/775 776/776/776 778/778/778
f 779/779/779 781/781/781 780/780/780
f 780/780/780 781/781/781 782/782/782
f 783/783/783 785/785/785 784/784/784
f 786/786/786 787/787/787 783/783/783
f 786/786/786 788/788/788 787/787/787
f 783/783/783 789/789/789 786/786/786
f 784/784/784 790/790/790 783/783/783
f 783/783/783 790/790/790 789/789/789
f 791/791/791 793/793/793 792/792/792
f 794/794/794 793/793/793 791/791/791
f 795/795/795 797/797/797 796/796/796
f 798/798/798 799/799/799 796/796/796
f 796/796/796 799/799/799 795/795/795
f 800/800/800 799/799/799 798/798/798
f 801/801/801 803/803/803 802/802/802
f 801/801/801 802/802/802 804/804/804
f 805/805/805 807/807/807 806/806/806
f 806/806/806 808/808/808 805/805/805
f 805/805/805 808/808/808 809/809/809
f 810/810/810 812/812/812 811/811/811
f 810/810/810 811/811/811 813/813/813
f 814/814/814 816/816/816 815/815/815
g Combined_Mesh_(root:_scene)_33
usemtl Combined_Mesh_(root:_scene)_33
usemap Combined_Mesh_(root:_scene)_33
f 817/817/817 819/819/819 818/818/818
f 817/817/817 818/818/818 820/820/820
f 821/821/821 823/823/823 822/822/822
f 821/821/821 822/822/822 824/824/824
f 825/825/825 827/827/827 826/826/826
f 825/825/825 826/826/826 828/828/828
f 829/829/829 831/831/831 830/830/830
f 829/829/829 830/830/830 832/832/832
f 833/833/833 835/835/835 834/834/834
f 836/836/836 835/835/835 833/833/833
f 837/837/837 839/839/839 838/838/838
f 840/840/840 839/839/839 837/837/837
g Combined_Mesh_(root:_scene)_34
usemtl Combined_Mesh_(root:_scene)_34
usemap Combined_Mesh_(root:_scene)_34
f 841/841/841 843/843/843 842/842/842
f 844/844/844 843/843/843 841/841/841
f 842/842/842 846/846/846 845/845/845
f 843/843/843 846/846/846 842/842/842
f 846/846/846 847/847/847 845/845/845
f 848/848/848 850/850/850 849/849/849
f 851/851/851 850/850/850 848/848/848
f 852/852/852 854/854/854 853/853/853
f 855/855/855 854/854/854 852/852/852
f 856/856/856 858/858/858 857/857/857
f 857/857/857 858/858/858 859/859/859
f 860/860/860 862/862/862 861/861/861
f 861/861/861 862/862/862 863/863/863
f 863/863/863 862/862/862 864/864/864
f 865/865/865 867/867/867 866/866/866
f 865/865/865 866/866/866 868/868/868
f 869/869/869 871/871/871 870/870/870
f 871/871/871 872/872/872 870/870/870
f 871/871/871 873/873/873 872/872/872
f 870/870/870 874/874/874 869/869/869
f 875/875/875 874/874/874 870/870/870
f 874/874/874 876/876/876 869/869/869
f 877/877/877 876/876/876 874/874/874
g Combined_Mesh_(root:_scene)_35
usemtl Combined_Mesh_(root:_scene)_35
usemap Combined_Mesh_(root:_scene)_35
f 878/878/878 880/880/880 879/879/879
f 878/878/878 879/879/879 881/881/881
f 882/882/882 884/884/884 883/883/883
f 885/885/885 886/886/886 883/883/883
f 887/887/887 886/886/886 885/885/885
f 883/883/883 886/886/886 882/882/882
f 888/888/888 890/890/890 889/889/889
f 891/891/891 890/890/890 888/888/888
f 892/892/892 894/894/894 893/893/893
f 893/893/893 894/894/894 895/895/895
f 896/896/896 898/898/898 897/897/897
f 897/897/897 898/898/898 899/899/899
f 900/900/900 902/902/902 901/901/901
f 903/903/903 904/904/904 901/901/901
f 901/901/901 905/905/905 900/900/900
f 904/904/904 905/905/905 901/901/901
g Combined_Mesh_(root:_scene)_36
usemtl Combined_Mesh_(root:_scene)_36
usemap Combined_Mesh_(root:_scene)_36
f 906/906/906 908/908/908 907/907/907
f 906/906/906 907/907/907 909/909/909
g Combined_Mesh_(root:_scene)_37
usemtl Combined_Mesh_(root:_scene)_37
usemap Combined_Mesh_(root:_scene)_37
f 910/910/910 912/912/912 911/911/911
f 910/910/910 911/911/911 913/913/913
f 914/914/914 916/916/916 915/915/915
f 914/914/914 915/915/915 917/917/917
f 918/918/918 920/920/920 919/919/919
f 918/918/918 919/919/919 921/921/921
f 922/922/922 924/924/924 923/923/923
f 922/922/922 923/923/923 925/925/925
f 926/926/926 928/928/928 927/927/927
f 926/926/926 927/927/927 929/929/929
f 930/930/930 932/932/932 931/931/931
f 930/930/930 931/931/931 933/933/933
f 932/932/932 930/930/930 934/934/934
f 932/932/932 934/934/934 935/935/935
f 936/936/936 938/938/938 937/937/937
f 936/936/936 937/937/937 939/939/939
f 940/940/940 942/942/942 941/941/941
f 940/940/940 941/941/941 943/943/943
f 944/944/944 946/946/946 945/945/945
f 944/944/944 945/945/945 947/947/947
f 948/948/948 950/950/950 949/949/949
f 948/948/948 949/949/949 951/951/951
g Combined_Mesh_(root:_scene)_38
usemtl Combined_Mesh_(root:_scene)_38
usemap Combined_Mesh_(root:_scene)_38
f 952/952/952 954/954/954 953/953/953
f 952/952/952 953/953/953 955/955/955
f 956/956/956 958/958/958 957/957/957
f 956/956/956 957/957/957 959/959/959
f 960/960/960 962/962/962 961/961/961
f 960/960/960 961/961/961 963/963/963
f 964/964/964 966/966/966 965/965/965
f 964/964/964 965/965/965 967/967/967
f 968/968/968 970/970/970 969/969/969
f 968/968/968 969/969/969 971/971/971
f 972/972/972 974/974/974 973/973/973
f 975/975/975 977/977/977 976/976/976
f 975/975/975 976/976/976 978/978/978
f 979/979/979 981/981/981 980/980/980
f 979/979/979 980/980/980 982/982/982
f 983/983/983 985/985/985 984/984/984
f 983/983/983 984/984/984 986/986/986
f 987/987/987 989/989/989 988/988/988
f 987/987/987 988/988/988 990/990/990
f 991/991/991 993/993/993 992/992/992
g Combined_Mesh_(root:_scene)_39
usemtl Combined_Mesh_(root:_scene)_39
usemap Combined_Mesh_(root:_scene)_39
f 994/994/994 996/996/996 995/995/995
f 994/994/994 995/995/995 997/997/997
f 998/998/998 1000/1000/1000 999/999/999
f 1000/1000/1000 1001/1001/1001 999/999/999
f 999/999/999 1001/1001/1001 1002/1002/1002
f 1003/1003/1003 1005/1005/1005 1004/1004/1004
f 1003/1003/1003 1004/1004/1004 1006/1006/1006
f 1007/1007/1007 1009/1009/1009 1008/1008/1008
f 1007/1007/1007 1010/1010/1010 1009/1009/1009
f 1007/1007/1007 1011/1011/1011 1010/1010/1010
f 1012/1012/1012 1014/1014/1014 1013/1013/1013
f 1013/1013/1013 1015/1015/1015 1012/1012/1012
f 1016/1016/1016 1015/1015/1015 1013/1013/1013
f 1017/1017/1017 1019/1019/1019 1018/1018/1018
f 1018/1018/1018 1020/1020/1020 1017/1017/1017
f 1021/1021/1021 1020/1020/1020 1018/1018/1018
f 1022/1022/1022 1024/1024/1024 1023/1023/1023
f 1022/1022/1022 1023/1023/1023 1025/1025/1025
f 1026/1026/1026 1028/1028/1028 1027/1027/1027
f 1026/1026/1026 1027/1027/1027 1029/1029/1029
f 1030/1030/1030 1032/1032/1032 1031/1031/1031
f 1030/1030/1030 1031/1031/1031 1033/1033/1033
f 1034/1034/1034 1036/1036/1036 1035/1035/1035
f 1034/1034/1034 1035/1035/1035 1037/1037/1037
f 1038/1038/1038 1040/1040/1040 1039/1039/1039
f 1038/1038/1038 1039/1039/1039 1041/1041/1041
f 1042/1042/1042 1044/1044/1044 1043/1043/1043
f 1043/1043/1043 1045/1045/1045 1042/1042/1042
f 1045/1045/1045 1046/1046/1046 1042/1042/1042
g Combined_Mesh_(root:_scene)_40
usemtl Combined_Mesh_(root:_scene)_40
usemap Combined_Mesh_(root:_scene)_40
f 1047/1047/1047 1049/1049/1049 1048/1048/1048
f 1047/1047/1047 1048/1048/1048 1050/1050/1050
f 1051/1051/1051 1053/1053/1053 1052/1052/1052
f 1051/1051/1051 1052/1052/1052 1054/1054/1054
g Combined_Mesh_(root:_scene)_41
usemtl Combined_Mesh_(root:_scene)_41
usemap Combined_Mesh_(root:_scene)_41
f 1055/1055/1055 1057/1057/1057 1056/1056/1056
f 1055/1055/1055 1056/1056/1056 1058/1058/1058
f 1059/1059/1059 1061/1061/1061 1060/1060/1060
f 1059/1059/1059 1060/1060/1060 1062/1062/1062
f 1063/1063/1063 1065/1065/1065 1064/1064/1064
f 1063/1063/1063 1064/1064/1064 1066/1066/1066
f 1067/1067/1067 1069/1069/1069 1068/1068/1068
f 1067/1067/1067 1068/1068/1068 1070/1070/1070
f 1071/1071/1071 1073/1073/1073 1072/1072/1072
f 1072/1072/1072 1074/1074/1074 1071/1071/1071
f 1075/1075/1075 1074/1074/1074 1072/1072/1072
f 1076/1076/1076 1078/1078/1078 1077/1077/1077
f 1078/1078/1078 1079/1079/1079 1077/1077/1077
f 1077/1077/1077 1079/1079/1079 1080/1080/1080
f 1081/1081/1081 1083/1083/1083 1082/1082/1082
f 1081/1081/1081 1082/1082/1082 1084/1084/1084
f 1085/1085/1085 1087/1087/1087 1086/1086/1086
f 1085/1085/1085 1088/1088/1088 1087/1087/1087
f 1089/1089/1089 1091/1091/1091 1090/1090/1090
f 1090/1090/1090 1091/1091/1091 1092/1092/1092
f 1093/1093/1093 1095/1095/1095 1094/1094/1094
f 1094/1094/1094 1096/1096/1096 1093/1093/1093
f 1094/1094/1094 1097/1097/1097 1096/1096/1096
f 1094/1094/1094 1098/1098/1098 1097/1097/1097
f 1099/1099/1099 1101/1101/1101 1100/1100/1100
f 1099/1099/1099 1100/1100/1100 1102/1102/1102
f 1103/1103/1103 1105/1105/1105 1104/1104/1104
f 1104/1104/1104 1105/1105/1105 1106/1106/1106
f 1107/1107/1107 1109/1109/1109 1108/1108/1108
f 1110/1110/1110 1111/1111/1111 1108/1108/1108
f 1108/1108/1108 1111/1111/1111 1107/1107/1107
f 1112/1112/1112 1111/1111/1111 1110/1110/1110
f 1113/1113/1113 1115/1115/1115 1114/1114/1114
f 1113/1113/1113 1114/1114/1114 1116/1116/1116
f 1117/1117/1117 1119/1119/1119 1118/1118/1118
f 1117/1117/1117 1118/1118/1118 1120/1120/1120
f 1121/1121/1121 1123/1123/1123 1122/1122/1122
f 1121/1121/1121 1122/1122/1122 1124/1124/1124
g Combined_Mesh_(root:_scene)_42
usemtl Combined_Mesh_(root:_scene)_42
usemap Combined_Mesh_(root:_scene)_42
f 1125/1125/1125 1127/1127/1127 1126/1126/1126
f 1128/1128/1128 1127/1127/1127 1125/1125/1125
g Combined_Mesh_(root:_scene)_43
usemtl Combined_Mesh_(root:_scene)_43
usemap Combined_Mesh_(root:_scene)_43
f 1129/1129/1129 1131/1131/1131 1130/1130/1130
f 1129/1129/1129 1130/1130/1130 1132/1132/1132
f 1133/1133/1133 1135/1135/1135 1134/1134/1134
f 1133/1133/1133 1134/1134/1134 1136/1136/1136
f 1137/1137/1137 1139/1139/1139 1138/1138/1138
f 1137/1137/1137 1140/1140/1140 1139/1139/1139
f 1141/1141/1141 1143/1143/1143 1142/1142/1142
f 1141/1141/1141 1142/1142/1142 1144/1144/1144
f 1145/1145/1145 1147/1147/1147 1146/1146/1146
f 1146/1146/1146 1148/1148/1148 1145/1145/1145
f 1146/1146/1146 1149/1149/1149 1148/1148/1148
f 1148/1148/1148 1149/1149/1149 1150/1150/1150
f 1151/1151/1151 1153/1153/1153 1152/1152/1152
f 1154/1154/1154 1153/1153/1153 1151/1151/1151
f 1155/1155/1155 1157/1157/1157 1156/1156/1156
f 1158/1158/1158 1157/1157/1157 1155/1155/1155
g Combined_Mesh_(root:_scene)_44
usemtl Combined_Mesh_(root:_scene)_44
usemap Combined_Mesh_(root:_scene)_44
f 1159/1159/1159 1161/1161/1161 1160/1160/1160
f 1159/1159/1159 1160/1160/1160 1162/1162/1162
g Combined_Mesh_(root:_scene)_45
usemtl Combined_Mesh_(root:_scene)_45
usemap Combined_Mesh_(root:_scene)_45
f 1163/1163/1163 1165/1165/1165 1164/1164/1164
f 1163/1163/1163 1164/1164/1164 1166/1166/1166
f 1167/1167/1167 1169/1169/1169 1168/1168/1168
g Combined_Mesh_(root:_scene)_46
usemtl Combined_Mesh_(root:_scene)_46
usemap Combined_Mesh_(root:_scene)_46
f 1170/1170/1170 1172/1172/1172 1171/1171/1171
f 1173/1173/1173 1172/1172/1172 1174/1174/1174
f 1173/1173/1173 1171/1171/1171 1172/1172/1172
f 1175/1175/1175 1177/1177/1177 1176/1176/1176
f 1175/1175/1175 1176/1176/1176 1178/1178/1178
f 1179/1179/1179 1181/1181/1181 1180/1180/1180
f 1179/1179/1179 1180/1180/1180 1182/1182/1182
f 1183/1183/1183 1185/1185/1185 1184/1184/1184
f 1184/1184/1184 1185/1185/1185 1186/1186/1186
g Combined_Mesh_(root:_scene)_47
usemtl Combined_Mesh_(root:_scene)_47
usemap Combined_Mesh_(root:_scene)_47
f 1187/1187/1187 1189/1189/1189 1188/1188/1188
f 1187/1187/1187 1188/1188/1188 1190/1190/1190
f 1191/1191/1191 1193/1193/1193 1192/1192/1192
f 1191/1191/1191 1192/1192/1192 1194/1194/1194
f 1195/1195/1195 1197/1197/1197 1196/1196/1196
f 1195/1195/1195 1198/1198/1198 1197/1197/1197
f 1197/1197/1197 1198/1198/1198 1199/1199/1199
f 1200/1200/1200 1202/1202/1202 1201/1201/1201
f 1201/1201/1201 1202/1202/1202 1203/1203/1203
f 1204/1204/1204 1206/1206/1206 1205/1205/1205
f 1206/1206/1206 1207/1207/1207 1205/1205/1205
g Combined_Mesh_(root:_scene)_48
usemtl Combined_Mesh_(root:_scene)_48
usemap Combined_Mesh_(root:_scene)_48
f 1208/1208/1208 1210/1210/1210 1209/1209/1209
f 1208/1208/1208 1209/1209/1209 1211/1211/1211
f 1212/1212/1212 1214/1214/1214 1213/1213/1213
f 1212/1212/1212 1213/1213/1213 1215/1215/1215
f 1216/1216/1216 1218/1218/1218 1217/1217/1217
f 1217/1217/1217 1219/1219/1219 1216/1216/1216
f 1220/1220/1220 1219/1219/1219 1217/1217/1217
f 1221/1221/1221 1223/1223/1223 1222/1222/1222
f 1224/1224/1224 1223/1223/1223 1221/1221/1221
f 1225/1225/1225 1227/1227/1227 1226/1226/1226
f 1228/1228/1228 1227/1227/1227 1225/1225/1225
f 1229/1229/1229 1231/1231/1231 1230/1230/1230
f 1229/1229/1229 1230/1230/1230 1232/1232/1232
f 1233/1233/1233 1235/1235/1235 1234/1234/1234
f 1233/1233/1233 1234/1234/1234 1236/1236/1236
f 1237/1237/1237 1239/1239/1239 1238/1238/1238
f 1237/1237/1237 1238/1238/1238 1240/1240/1240
g Combined_Mesh_(root:_scene)_49
usemtl Combined_Mesh_(root:_scene)_49
usemap Combined_Mesh_(root:_scene)_49
f 1241/1241/1241 1243/1243/1243 1242/1242/1242
f 1242/1242/1242 1243/1243/1243 1244/1244/1244
f 1245/1245/1245 1247/1247/1247 1246/1246/1246
f 1245/1245/1245 1246/1246/1246 1248/1248/1248
f 1249/1249/1249 1251/1251/1251 1250/1250/1250
f 1250/1250/1250 1252/1252/1252 1249/1249/1249
f 1250/1250/1250 1253/1253/1253 1252/1252/1252
f 1250/1250/1250 1254/1254/1254 1253/1253/1253
f 1255/1255/1255 1257/1257/1257 1256/1256/1256
f 1256/1256/1256 1257/1257/1257 1258/1258/1258
f 1259/1259/1259 1261/1261/1261 1260/1260/1260
f 1259/1259/1259 1260/1260/1260 1262/1262/1262
f 1263/1263/1263 1265/1265/1265 1264/1264/1264
f 1263/1263/1263 1264/1264/1264 1266/1266/1266
f 1267/1267/1267 1269/1269/1269 1268/1268/1268
f 1267/1267/1267 1268/1268/1268 1270/1270/1270
g Combined_Mesh_(root:_scene)_50
usemtl Combined_Mesh_(root:_scene)_50
usemap Combined_Mesh_(root:_scene)_50
f 1271/1271/1271 1273/1273/1273 1272/1272/1272
f 1271/1271/1271 1272/1272/1272 1274/1274/1274
f 1275/1275/1275 1277/1277/1277 1276/1276/1276
f 1275/1275/1275 1276/1276/1276 1278/1278/1278
f 1279/1279/1279 1281/1281/1281 1280/1280/1280
f 1279/1279/1279 1282/1282/1282 1281/1281/1281
f 1281/1281/1281 1282/1282/1282 1283/1283/1283
f 1284/1284/1284 1286/1286/1286 1285/1285/1285
f 1285/1285/1285 1286/1286/1286 1287/1287/1287
f 1288/1288/1288 1290/1290/1290 1289/1289/1289
f 1289/1289/1289 1291/1291/1291 1288/1288/1288
f 1292/1292/1292 1291/1291/1291 1289/1289/1289
f 1293/1293/1293 1295/1295/1295 1294/1294/1294
f 1293/1293/1293 1294/1294/1294 1296/1296/1296
f 1297/1297/1297 1299/1299/1299 1298/1298/1298
f 1298/1298/1298 1300/1300/1300 1297/1297/1297
f 1301/1301/1301 1300/1300/1300 1298/1298/1298
f 1302/1302/1302 1304/1304/1304 1303/1303/1303
f 1302/1302/1302 1305/1305/1305 1304/1304/1304
f 1306/1306/1306 1308/1308/1308 1307/1307/1307
f 1309/1309/1309 1308/1308/1308 1306/1306/1306
g Combined_Mesh_(root:_scene)_51
usemtl Combined_Mesh_(root:_scene)_51
usemap Combined_Mesh_(root:_scene)_51
f 1310/1310/1310 1312/1312/1312 1311/1311/1311
f 1310/1310/1310 1311/1311/1311 1313/1313/1313
f 1314/1314/1314 1316/1316/1316 1315/1315/1315
f 1315/1315/1315 1317/1317/1317 1314/1314/1314
f 1318/1318/1318 1317/1317/1317 1315/1315/1315
f 1319/1319/1319 1321/1321/1321 1320/1320/1320
f 1319/1319/1319 1320/1320/1320 1322/1322/1322
f 1323/1323/1323 1325/1325/1325 1324/1324/1324
f 1323/1323/1323 1324/1324/1324 1326/1326/1326
f 1327/1327/1327 1329/1329/1329 1328/1328/1328
f 1327/1327/1327 1330/1330/1330 1329/1329/1329
f 1329/1329/1329 1330/1330/1330 1331/1331/1331
f 1332/1332/1332 1334/1334/1334 1333/1333/1333
f 1333/1333/1333 1334/1334/1334 1335/1335/1335
f 1336/1336/1336 1338/1338/1338 1337/1337/1337
f 1337/1337/1337 1339/1339/1339 1336/1336/1336
f 1340/1340/1340 1339/1339/1339 1337/1337/1337
f 1341/1341/1341 1343/1343/1343 1342/1342/1342
f 1343/1343/1343 1344/1344/1344 1342/1342/1342
f 1342/1342/1342 1344/1344/1344 1345/1345/1345
f 1346/1346/1346 1348/1348/1348 1347/1347/1347
f 1346/1346/1346 1347/1347/1347 1349/1349/1349
f 1350/1350/1350 1352/1352/1352 1351/1351/1351
f 1350/1350/1350 1351/1351/1351 1353/1353/1353
f 1354/1354/1354 1356/1356/1356 1355/1355/1355
f 1354/1354/1354 1355/1355/1355 1357/1357/1357
g Combined_Mesh_(root:_scene)_52
usemtl Combined_Mesh_(root:_scene)_52
usemap Combined_Mesh_(root:_scene)_52
f 1358/1358/1358 1360/1360/1360 1359/1359/1359
f 1358/1358/1358 1359/1359/1359 1361/1361/1361
g Combined_Mesh_(root:_scene)_53
usemtl Combined_Mesh_(root:_scene)_53
usemap Combined_Mesh_(root:_scene)_53
f 1362/1362/1362 1364/1364/1364 1363/1363/1363
f 1362/1362/1362 1363/1363/1363 1365/1365/1365
f 1366/1366/1366 1368/1368/1368 1367/1367/1367
f 1366/1366/1366 1367/1367/1367 1369/1369/1369
f 1370/1370/1370 1372/1372/1372 1371/1371/1371
f 1370/1370/1370 1373/1373/1373 1372/1372/1372
f 1372/1372/1372 1373/1373/1373 1374/1374/1374
f 1375/1375/1375 1377/1377/1377 1376/1376/1376
f 1376/1376/1376 1378/1378/1378 1375/1375/1375
f 1379/1379/1379 1378/1378/1378 1376/1376/1376
f 1380/1380/1380 1382/1382/1382 1381/1381/1381
f 1381/1381/1381 1383/1383/1383 1380/1380/1380
f 1381/1381/1381 1384/1384/1384 1383/1383/1383
f 1384/1384/1384 1385/1385/1385 1383/1383/1383
f 1386/1386/1386 1388/1388/1388 1387/1387/1387
f 1386/1386/1386 1387/1387/1387 1389/1389/1389
f 1390/1390/1390 1392/1392/1392 1391/1391/1391
f 1390/1390/1390 1391/1391/1391 1393/1393/1393
f 1394/1394/1394 1396/1396/1396 1395/1395/1395
f 1394/1394/1394 1395/1395/1395 1397/1397/1397
f 1398/1398/1398 1400/1400/1400 1399/1399/1399
f 1398/1398/1398 1399/1399/1399 1401/1401/1401
g Combined_Mesh_(root:_scene)_54
usemtl Combined_Mesh_(root:_scene)_54
usemap Combined_Mesh_(root:_scene)_54
f 1402/1402/1402 1404/1404/1404 1403/1403/1403
f 1402/1402/1402 1403/1403/1403 1405/1405/1405
f 1406/1406/1406 1408/1408/1408 1407/1407/1407
f 1406/1406/1406 1407/1407/1407 1409/1409/1409
f 1410/1410/1410 1412/1412/1412 1411/1411/1411
f 1410/1410/1410 1411/1411/1411 1413/1413/1413
f 1414/1414/1414 1416/1416/1416 1415/1415/1415
f 1414/1414/1414 1415/1415/1415 1417/1417/1417
f 1418/1418/1418 1420/1420/1420 1419/1419/1419
f 1419/1419/1419 1421/1421/1421 1418/1418/1418
f 1422/1422/1422 1421/1421/1421 1419/1419/1419
f 1423/1423/1423 1425/1425/1425 1424/1424/1424
f 1425/1425/1425 1426/1426/1426 1424/1424/1424
f 1424/1424/1424 1426/1426/1426 1427/1427/1427
f 1428/1428/1428 1430/1430/1430 1429/1429/1429
f 1431/1431/1431 1430/1430/1430 1428/1428/1428
g Combined_Mesh_(root:_scene)_55
usemtl Combined_Mesh_(root:_scene)_55
usemap Combined_Mesh_(root:_scene)_55
f 1432/1432/1432 1434/1434/1434 1433/1433/1433
f 1432/1432/1432 1433/1433/1433 1435/1435/1435
f 1436/1436/1436 1438/1438/1438 1437/1437/1437
f 1437/1437/1437 1439/1439/1439 1436/1436/1436
f 1440/1440/1440 1439/1439/1439 1437/1437/1437
f 1441/1441/1441 1443/1443/1443 1442/1442/1442
f 1441/1441/1441 1444/1444/1444 1443/1443/1443
f 1443/1443/1443 1444/1444/1444 1445/1445/1445
f 1446/1446/1446 1448/1448/1448 1447/1447/1447
f 1447/1447/1447 1448/1448/1448 1449/1449/1449
f 1450/1450/1450 1452/1452/1452 1451/1451/1451
f 1453/1453/1453 1452/1452/1452 1450/1450/1450
f 1454/1454/1454 1456/1456/1456 1455/1455/1455
f 1457/1457/1457 1456/1456/1456 1454/1454/1454
f 1455/1455/1455 1456/1456/1456 1458/1458/1458
f 1459/1459/1459 1461/1461/1461 1460/1460/1460
f 1460/1460/1460 1461/1461/1461 1462/1462/1462
f 1463/1463/1463 1461/1461/1461 1459/1459/1459
f 1464/1464/1464 1466/1466/1466 1465/1465/1465
f 1465/1465/1465 1466/1466/1466 1467/1467/1467
f 1468/1468/1468 1470/1470/1470 1469/1469/1469
f 1468/1468/1468 1469/1469/1469 1471/1471/1471
f 1472/1472/1472 1474/1474/1474 1473/1473/1473
f 1472/1472/1472 1473/1473/1473 1475/1475/1475
f 1476/1476/1476 1478/1478/1478 1477/1477/1477
f 1476/1476/1476 1477/1477/1477 1479/1479/1479
f 1480/1480/1480 1482/1482/1482 1481/1481/1481
f 1480/1480/1480 1481/1481/1481 1483/1483/1483
f 1484/1484/1484 1486/1486/1486 1485/1485/1485
f 1484/1484/1484 1485/1485/1485 1487/1487/1487
f 1488/1488/1488 1490/1490/1490 1489/1489/1489
f 1488/1488/1488 1489/1489/1489 1491/1491/1491
f 1492/1492/1492 1494/1494/1494 1493/1493/1493
f 1492/1492/1492 1493/1493/1493 1495/1495/1495
f 1496/1496/1496 1498/1498/1498 1497/1497/1497
f 1496/1496/1496 1497/1497/1497 1499/1499/1499
f 1500/1500/1500 1502/1502/1502 1501/1501/1501
f 1500/1500/1500 1501/1501/1501 1503/1503/1503
f 1504/1504/1504 1506/1506/1506 1505/1505/1505
f 1504/1504/1504 1505/1505/1505 1507/1507/1507
f 1508/1508/1508 1510/1510/1510 1509/1509/1509
f 1508/1508/1508 1509/1509/1509 1511/1511/1511
f 1512/1512/1512 1514/1514/1514 1513/1513/1513
f 1512/1512/1512 1513/1513/1513 1515/1515/1515
f 1516/1516/1516 1518/1518/1518 1517/1517/1517
f 1516/1516/1516 1517/1517/1517 1519/1519/1519
f 1520/1520/1520 1522/1522/1522 1521/1521/1521
f 1520/1520/1520 1521/1521/1521 1523/1523/1523
g Combined_Mesh_(root:_scene)_56
usemtl Combined_Mesh_(root:_scene)_56
usemap Combined_Mesh_(root:_scene)_56
f 1524/1524/1524 1526/1526/1526 1525/1525/1525
f 1524/1524/1524 1525/1525/1525 1527/1527/1527
f 1528/1528/1528 1530/1530/1530 1529/1529/1529
f 1528/1528/1528 1529/1529/1529 1531/1531/1531
f 1532/1532/1532 1534/1534/1534 1533/1533/1533
f 1532/1532/1532 1535/1535/1535 1534/1534/1534
f 1532/1532/1532 1536/1536/1536 1535/1535/1535
f 1537/1537/1537 1539/1539/1539 1538/1538/1538
f 1538/1538/1538 1540/1540/1540 1537/1537/1537
f 1540/1540/1540 1541/1541/1541 1537/1537/1537
f 1542/1542/1542 1544/1544/1544 1543/1543/1543
f 1542/1542/1542 1545/1545/1545 1544/1544/1544
f 1544/1544/1544 1545/1545/1545 1546/1546/1546
f 1547/1547/1547 1549/1549/1549 1548/1548/1548
f 1548/1548/1548 1550/1550/1550 1547/1547/1547
f 1551/1551/1551 1550/1550/1550 1548/1548/1548
f 1552/1552/1552 1554/1554/1554 1553/1553/1553
f 1554/1554/1554 1555/1555/1555 1553/1553/1553
f 1556/1556/1556 1558/1558/1558 1557/1557/1557
f 1556/1556/1556 1559/1559/1559 1558/1558/1558
f 1560/1560/1560 1562/1562/1562 1561/1561/1561
f 1563/1563/1563 1562/1562/1562 1560/1560/1560
f 1564/1564/1564 1566/1566/1566 1565/1565/1565
f 1564/1564/1564 1565/1565/1565 1567/1567/1567
f 1568/1568/1568 1570/1570/1570 1569/1569/1569
f 1568/1568/1568 1569/1569/1569 1571/1571/1571
f 1572/1572/1572 1574/1574/1574 1573/1573/1573
f 1572/1572/1572 1573/1573/1573 1575/1575/1575
g Combined_Mesh_(root:_scene)_57
usemtl Combined_Mesh_(root:_scene)_57
usemap Combined_Mesh_(root:_scene)_57
f 1576/1576/1576 1578/1578/1578 1577/1577/1577
f 1576/1576/1576 1577/1577/1577 1579/1579/1579
f 1580/1580/1580 1582/1582/1582 1581/1581/1581
f 1581/1581/1581 1582/1582/1582 1583/1583/1583
f 1584/1584/1584 1582/1582/1582 1580/1580/1580
f 1585/1585/1585 1587/1587/1587 1586/1586/1586
f 1585/1585/1585 1588/1588/1588 1587/1587/1587
f 1589/1589/1589 1588/1588/1588 1585/1585/1585
f 1590/1590/1590 1592/1592/1592 1591/1591/1591
f 1591/1591/1591 1592/1592/1592 1593/1593/1593
f 1594/1594/1594 1596/1596/1596 1595/1595/1595
f 1594/1594/1594 1597/1597/1597 1596/1596/1596
f 1596/1596/1596 1597/1597/1597 1598/1598/1598
f 1599/1599/1599 1601/1601/1601 1600/1600/1600
f 1599/1599/1599 1600/1600/1600 1602/1602/1602
f 1603/1603/1603 1605/1605/1605 1604/1604/1604
f 1603/1603/1603 1604/1604/1604 1606/1606/1606
f 1607/1607/1607 1609/1609/1609 1608/1608/1608
f 1607/1607/1607 1608/1608/1608 1610/1610/1610
g Combined_Mesh_(root:_scene)_58
usemtl Combined_Mesh_(root:_scene)_58
usemap Combined_Mesh_(root:_scene)_58
f 1611/1611/1611 1613/1613/1613 1612/1612/1612
f 1611/1611/1611 1612/1612/1612 1614/1614/1614
f 1615/1615/1615 1617/1617/1617 1616/1616/1616
f 1617/1617/1617 1618/1618/1618 1616/1616/1616
f 1616/1616/1616 1618/1618/1618 1619/1619/1619
f 1620/1620/1620 1622/1622/1622 1621/1621/1621
f 1620/1620/1620 1621/1621/1621 1623/1623/1623
f 1624/1624/1624 1626/1626/1626 1625/1625/1625
f 1624/1624/1624 1625/1625/1625 1627/1627/1627
f 1628/1628/1628 1630/1630/1630 1629/1629/1629
f 1629/1629/1629 1631/1631/1631 1628/1628/1628
f 1632/1632/1632 1631/1631/1631 1629/1629/1629
f 1633/1633/1633 1635/1635/1635 1634/1634/1634
f 1636/1636/1636 1635/1635/1635 1633/1633/1633
f 1637/1637/1637 1639/1639/1639 1638/1638/1638
f 1639/1639/1639 1640/1640/1640 1638/1638/1638
f 1638/1638/1638 1640/1640/1640 1641/1641/1641
f 1642/1642/1642 1644/1644/1644 1643/1643/1643
f 1643/1643/1643 1644/1644/1644 1645/1645/1645
g Combined_Mesh_(root:_scene)_59
usemtl Combined_Mesh_(root:_scene)_59
usemap Combined_Mesh_(root:_scene)_59
f 1646/1646/1646 1648/1648/1648 1647/1647/1647
f 1646/1646/1646 1647/1647/1647 1649/1649/1649
g Combined_Mesh_(root:_scene)_60
usemtl Combined_Mesh_(root:_scene)_60
usemap Combined_Mesh_(root:_scene)_60
f 1650/1650/1650 1652/1652/1652 1651/1651/1651
f 1651/1651/1651 1652/1652/1652 1653/1653/1653
f 1654/1654/1654 1656/1656/1656 1655/1655/1655
f 1654/1654/1654 1655/1655/1655 1657/1657/1657
f 1658/1658/1658 1660/1660/1660 1659/1659/1659
f 1659/1659/1659 1660/1660/1660 1661/1661/1661
g Combined_Mesh_(root:_scene)_61
usemtl Combined_Mesh_(root:_scene)_61
usemap Combined_Mesh_(root:_scene)_61
f 1662/1662/1662 1664/1664/1664 1663/1663/1663
f 1663/1663/1663 1664/1664/1664 1665/1665/1665
f 1666/1666/1666 1668/1668/1668 1667/1667/1667
f 1667/1667/1667 1668/1668/1668 1669/1669/1669
f 1670/1670/1670 1672/1672/1672 1671/1671/1671
f 1671/1671/1671 1672/1672/1672 1673/1673/1673
f 1674/1674/1674 1676/1676/1676 1675/1675/1675
f 1674/1674/1674 1675/1675/1675 1677/1677/1677
f 1678/1678/1678 1680/1680/1680 1679/1679/1679
f 1678/1678/1678 1679/1679/1679 1681/1681/1681
f 1682/1682/1682 1684/1684/1684 1683/1683/1683
f 1682/1682/1682 1683/1683/1683 1685/1685/1685
f 1686/1686/1686 1688/1688/1688 1687/1687/1687
f 1686/1686/1686 1687/1687/1687 1689/1689/1689
f 1690/1690/1690 1692/1692/1692 1691/1691/1691
f 1691/1691/1691 1692/1692/1692 1693/1693/1693
f 1694/1694/1694 1696/1696/1696 1695/1695/1695
f 1694/1694/1694 1695/1695/1695 1697/1697/1697
f 1698/1698/1698 1700/1700/1700 1699/1699/1699
f 1698/1698/1698 1699/1699/1699 1701/1701/1701
g Combined_Mesh_(root:_scene)_62
usemtl Combined_Mesh_(root:_scene)_62
usemap Combined_Mesh_(root:_scene)_62
f 1702/1702/1702 1704/1704/1704 1703/1703/1703
f 1702/1702/1702 1703/1703/1703 1705/1705/1705
f 1706/1706/1706 1708/1708/1708 1707/1707/1707
f 1707/1707/1707 1708/1708/1708 1709/1709/1709
g Combined_Mesh_(root:_scene)_63
usemtl Combined_Mesh_(root:_scene)_63
usemap Combined_Mesh_(root:_scene)_63
f 1710/1710/1710 1712/1712/1712 1711/1711/1711
f 1710/1710/1710 1711/1711/1711 1713/1713/1713
f 1714/1714/1714 1716/1716/1716 1715/1715/1715
f 1714/1714/1714 1715/1715/1715 1717/1717/1717
f 1718/1718/1718 1720/1720/1720 1719/1719/1719
f 1718/1718/1718 1719/1719/1719 1721/1721/1721
f 1722/1722/1722 1724/1724/1724 1723/1723/1723
f 1722/1722/1722 1723/1723/1723 1725/1725/1725
f 1726/1726/1726 1728/1728/1728 1727/1727/1727
f 1726/1726/1726 1727/1727/1727 1729/1729/1729
f 1730/1730/1730 1732/1732/1732 1731/1731/1731
f 1730/1730/1730 1731/1731/1731 1733/1733/1733
f 1734/1734/1734 1736/1736/1736 1735/1735/1735
f 1735/1735/1735 1736/1736/1736 1737/1737/1737
f 1738/1738/1738 1740/1740/1740 1739/1739/1739
f 1738/1738/1738 1739/1739/1739 1741/1741/1741
g Combined_Mesh_(root:_scene)_64
usemtl Combined_Mesh_(root:_scene)_64
usemap Combined_Mesh_(root:_scene)_64
f 1742/1742/1742 1744/1744/1744 1743/1743/1743
f 1742/1742/1742 1743/1743/1743 1745/1745/1745
f 1746/1746/1746 1748/1748/1748 1747/1747/1747
f 1746/1746/1746 1749/1749/1749 1748/1748/1748
f 1748/1748/1748 1749/1749/1749 1750/1750/1750
f 1751/1751/1751 1753/1753/1753 1752/1752/1752
f 1752/1752/1752 1754/1754/1754 1751/1751/1751
f 1755/1755/1755 1754/1754/1754 1752/1752/1752
f 1756/1756/1756 1758/1758/1758 1757/1757/1757
f 1756/1756/1756 1757/1757/1757 1759/1759/1759
f 1760/1760/1760 1762/1762/1762 1761/1761/1761
f 1760/1760/1760 1761/1761/1761 1763/1763/1763
f 1764/1764/1764 1766/1766/1766 1765/1765/1765
f 1764/1764/1764 1765/1765/1765 1767/1767/1767
f 1768/1768/1768 1770/1770/1770 1769/1769/1769
f 1768/1768/1768 1769/1769/1769 1771/1771/1771
f 1772/1772/1772 1774/1774/1774 1773/1773/1773
f 1773/1773/1773 1775/1775/1775 1772/1772/1772
f 1776/1776/1776 1775/1775/1775 1773/1773/1773
f 1777/1777/1777 1779/1779/1779 1778/1778/1778
f 1779/1779/1779 1780/1780/1780 1778/1778/1778
f 1778/1778/1778 1780/1780/1780 1781/1781/1781
f 1782/1782/1782 1784/1784/1784 1783/1783/1783
f 1782/1782/1782 1783/1783/1783 1785/1785/1785
f 1786/1786/1786 1788/1788/1788 1787/1787/1787
f 1786/1786/1786 1789/1789/1789 1788/1788/1788
f 1788/1788/1788 1789/1789/1789 1790/1790/1790
f 1791/1791/1791 1793/1793/1793 1792/1792/1792
f 1792/1792/1792 1793/1793/1793 1794/1794/1794
f 1795/1795/1795 1797/1797/1797 1796/1796/1796
f 1796/1796/1796 1798/1798/1798 1795/1795/1795
f 1799/1799/1799 1798/1798/1798 1796/1796/1796
f 1800/1800/1800 1802/1802/1802 1801/1801/1801
f 1801/1801/1801 1802/1802/1802 1803/1803/1803
g Combined_Mesh_(root:_scene)_65
usemtl Combined_Mesh_(root:_scene)_65
usemap Combined_Mesh_(root:_scene)_65
f 1804/1804/1804 1806/1806/1806 1805/1805/1805
f 1804/1804/1804 1805/1805/1805 1807/1807/1807
g Combined_Mesh_(root:_scene)_66
usemtl Combined_Mesh_(root:_scene)_66
usemap Combined_Mesh_(root:_scene)_66
f 1808/1808/1808 1810/1810/1810 1809/1809/1809
f 1808/1808/1808 1809/1809/1809 1811/1811/1811
f 1812/1812/1812 1814/1814/1814 1813/1813/1813
f 1812/1812/1812 1813/1813/1813 1815/1815/1815
f 1816/1816/1816 1818/1818/1818 1817/1817/1817
f 1816/1816/1816 1817/1817/1817 1819/1819/1819
f 1820/1820/1820 1822/1822/1822 1821/1821/1821
f 1821/1821/1821 1822/1822/1822 1823/1823/1823
g Combined_Mesh_(root:_scene)_67
usemtl Combined_Mesh_(root:_scene)_67
usemap Combined_Mesh_(root:_scene)_67
f 1824/1824/1824 1826/1826/1826 1825/1825/1825
f 1825/1825/1825 1826/1826/1826 1827/1827/1827
f 1828/1828/1828 1830/1830/1830 1829/1829/1829
f 1829/1829/1829 1830/1830/1830 1831/1831/1831
f 1832/1832/1832 1834/1834/1834 1833/1833/1833
f 1833/1833/1833 1834/1834/1834 1835/1835/1835
f 1836/1836/1836 1838/1838/1838 1837/1837/1837
f 1837/1837/1837 1838/1838/1838 1839/1839/1839
f 1840/1840/1840 1842/1842/1842 1841/1841/1841
f 1841/1841/1841 1842/1842/1842 1843/1843/1843
f 1844/1844/1844 1846/1846/1846 1845/1845/1845
f 1845/1845/1845 1846/1846/1846 1847/1847/1847
f 1848/1848/1848 1850/1850/1850 1849/1849/1849
f 1849/1849/1849 1850/1850/1850 1851/1851/1851
f 1852/1852/1852 1854/1854/1854 1853/1853/1853
f 1853/1853/1853 1854/1854/1854 1855/1855/1855
f 1856/1856/1856 1858/1858/1858 1857/1857/1857
f 1857/1857/1857 1858/1858/1858 1859/1859/1859
f 1860/1860/1860 1862/1862/1862 1861/1861/1861
f 1861/1861/1861 1862/1862/1862 1863/1863/1863
f 1864/1864/1864 1866/1866/1866 1865/1865/1865
f 1865/1865/1865 1866/1866/1866 1867/1867/1867
f 1868/1868/1868 1870/1870/1870 1869/1869/1869
f 1868/1868/1868 1869/1869/1869 1871/1871/1871
f 1872/1872/1872 1874/1874/1874 1873/1873/1873
f 1872/1872/1872 1873/1873/1873 1875/1875/1875
f 1876/1876/1876 1878/1878/1878 1877/1877/1877
f 1876/1876/1876 1877/1877/1877 1879/1879/1879
f 1880/1880/1880 1882/1882/1882 1881/1881/1881
f 1883/1883/1883 1882/1882/1882 1880/1880/1880
f 1884/1884/1884 1886/1886/1886 1885/1885/1885
f 1884/1884/1884 1885/1885/1885 1887/1887/1887
