#Combined_Mesh_(root:_scene).obj

v 0 0 14
v 0 0 15
v 0 2 14
v 0 2 15
v 0 4 15
v 0 3 14
v 0 3 15
v 0 4 14
v -1 4 14
v 0 3 14
v 0 4 14
v -1 3 14
v 0 4 15
v -1 3 15
v -1 4 15
v 0 3 15
v -1 0 14
v 0 2 14
v -1 2 14
v 0 0 14
v 0 0 15
v -1 2 15
v 0 2 15
v -1 0 15
v 0 3 15
v 0 2 14
v 0 2 15
v 0 3 14
v -1 3 14
v 0 2 14
v 0 3 14
v -1 2 14
v 0 3 15
v -1 2 15
v -1 3 15
v 0 2 15
v -1 4 15
v -1 3 14
v -1 4 14
v -1 3 15
v -4 0 15
v -1 2 15
v -1 0 15
v -4 2 15
v -4 0 14
v -4 2 15
v -4 0 15
v -4 2 14
v -1 0 14
v -4 2 14
v -4 0 14
v -1 2 14
v -1 2 15
v -4 2 14
v -1 2 14
v -4 2 15
v -1 3 15
v -1 2 14
v -1 3 14
v -1 2 15
v 10 3 -8
v 10 4 15
v 10 3 15
v 10 4 -8
v 10 0 -8
v 10 2 15
v 10 0 15
v 10 2 -8
v -6 0 -8
v 10 2 -8
v 10 0 -8
v -6 2 -8
v -6 3 -8
v 10 4 -8
v 10 3 -8
v -6 4 -8
v 10 2 -8
v 10 3 15
v 10 2 15
v 10 3 -8
v -6 2 -8
v 10 3 -8
v 10 2 -8
v -6 3 -8
v 0 0 14
v 0 0 15
v 0 2 14
v 0 2 15
v 0 4 15
v 0 3 14
v 0 3 15
v 0 4 14
v -1 4 14
v 0 3 14
v 0 4 14
v -1 3 14
v 0 4 15
v -1 3 15
v -1 4 15
v 0 3 15
v -1 0 14
v 0 2 14
v -1 2 14
v 0 0 14
v 0 0 15
v -1 2 15
v 0 2 15
v -1 0 15
v 0 3 15
v 0 2 14
v 0 2 15
v 0 3 14
v -1 3 14
v 0 2 14
v 0 3 14
v -1 2 14
v 0 3 15
v -1 2 15
v -1 3 15
v 0 2 15
v -1 4 15
v -1 3 14
v -1 4 14
v -1 3 15
v -4 0 15
v -1 2 15
v -1 0 15
v -4 2 15
v -4 0 14
v -4 2 15
v -4 0 15
v -4 2 14
v -1 0 14
v -4 2 14
v -4 0 14
v -1 2 14
v -1 2 15
v -4 2 14
v -1 2 14
v -4 2 15
v -1 3 15
v -1 2 14
v -1 3 14
v -1 2 15
v -1 2 2
v -1 2 11
v -1 0 2
v -1 0 11
v -1.000001 4 2
v -0.9999978 3 11
v -1.000001 3 2
v -0.9999978 4 11
v 0 2 11
v -1 0 11
v -1 2 11
v 0 0 11
v 0 2 9
v 0 0 11
v 0 2 11
v 0 0 9
v 4 2 9
v 0 0 9
v 0 2 9
v 4 0 9
v 4 2 12
v 4 0 9
v 4 2 9
v 4 0 12
v 5 2 12
v 4 0 12
v 4 2 12
v 5 0 12
v 5 2 1
v 5 0 12
v 5 2 12
v 5 0 1
v 4 2 1
v 5 0 1
v 5 2 1
v 4 0 1
v 4 2 4
v 4 0 1
v 4 2 1
v 4 0 4
v 0 2 4
v 4 0 4
v 4 2 4
v 0 0 4
v 0 2 2
v 0 0 4
v 0 2 4
v 0 0 2
v -1 2 2
v 0 0 2
v 0 2 2
v -1 0 2
v 2.20934E-06 4 11
v -0.9999978 3 11
v -0.9999978 4 11
v 2.20934E-06 3 11
v 1.557657E-06 4 9
v 2.20934E-06 3 11
v 2.20934E-06 4 11
v 1.557657E-06 3 9
v 4.000001 4 8.999998
v 1.557657E-06 3 9
v 1.557657E-06 4 9
v 4.000001 3 8.999998
v 4.000002 4 12
v 4.000001 3 8.999998
v 4.000001 4 8.999998
v 4.000002 3 12
v 5.000002 4 12
v 4.000002 3 12
v 4.000002 4 12
v 5.000002 3 12
v 4.999999 4 0.9999983
v 5.000002 3 12
v 5.000002 4 12
v 4.999999 3 0.9999983
v 3.999999 4 0.9999986
v 4.999999 3 0.9999983
v 4.999999 4 0.9999983
v 3.999999 3 0.9999986
v 4 4 3.999999
v 3.999999 3 0.9999986
v 3.999999 4 0.9999986
v 4 3 3.999999
v -7.154938E-08 4 4
v 4 3 3.999999
v 4 4 3.999999
v -7.154938E-08 3 4
v -7.232321E-07 4 2
v -7.154938E-08 3 4
v -7.154938E-08 4 4
v -7.232321E-07 3 2
v -1.000001 4 2
v -7.232321E-07 3 2
v -7.232321E-07 4 2
v -1.000001 3 2
v -1.000001 3 2
v -1 2 11
v -1 2 2
v -0.9999978 3 11
v -7.232321E-07 2 2
v -1.000001 3 2
v -1 2 2
v -7.232321E-07 3 2
v -7.154938E-08 2 4
v -7.232321E-07 3 2
v -7.232321E-07 2 2
v -7.154938E-08 3 4
v 4 2 3.999999
v -7.154938E-08 3 4
v -7.154938E-08 2 4
v 4 3 3.999999
v 3.999999 2 0.9999986
v 4 3 3.999999
v 4 2 3.999999
v 3.999999 3 0.9999986
v 4.999999 2 0.9999983
v 3.999999 3 0.9999986
v 3.999999 2 0.9999986
v 4.999999 3 0.9999983
v 5.000002 2 12
v 4.999999 3 0.9999983
v 4.999999 2 0.9999983
v 5.000002 3 12
v 4.000002 2 12
v 5.000002 3 12
v 5.000002 2 12
v 4.000002 3 12
v 4.000001 2 8.999998
v 4.000002 3 12
v 4.000002 2 12
v 4.000001 3 8.999998
v 1.557657E-06 2 9
v 4.000001 3 8.999998
v 4.000001 2 8.999998
v 1.557657E-06 3 9
v 2.20934E-06 2 11
v 1.557657E-06 3 9
v 1.557657E-06 2 9
v 2.20934E-06 3 11
v -0.9999978 2 11
v 2.20934E-06 3 11
v 2.20934E-06 2 11
v -0.9999978 3 11
v -14 0 -4
v -14 0 -1
v -14 2 -4
v -14 2 -1
v -13 2 -4
v -14 0 -4
v -14 2 -4
v -13 0 -4
v -14 4 -4
v -13 3 -4
v -14 3 -4
v -13 4 -4
v -14 3 -1
v -14 4 -4
v -14 3 -4
v -14 4 -1
v -15 0 -1
v -14 2 -1
v -14 0 -1
v -15 2 -1
v -15 0 -3
v -15 2 -1
v -15 0 -1
v -15 2 -3
v -21 0 -3
v -15 2 -3
v -15 0 -3
v -21 2 -3
v -21 0 -4
v -21 2 -3
v -21 0 -3
v -21 2 -4
v -15 3 -1
v -14 4 -1
v -14 3 -1
v -15 4 -1
v -15 3 -3
v -15 4 -1
v -15 3 -1
v -15 4 -3
v -21 3 -3
v -15 4 -3
v -15 3 -3
v -21 4 -3
v -21 3 -4
v -21 4 -3
v -21 3 -3
v -21 4 -4
v -15 0 -4
v -21 4 -4
v -21 0 -4
v -15 4 -4
v -15 0 -6
v -15 4 -4
v -15 0 -4
v -15 4 -6
v -13 0 -6
v -15 4 -6
v -15 0 -6
v -13 4 -6
v -13 4 -6
v -13 0 -4
v -13 4 -4
v -13 0 -6
v -14 3 -4
v -13 2 -4
v -14 2 -4
v -13 3 -4
v -14 3 -1
v -14 2 -4
v -14 2 -1
v -14 3 -4
v -15 3 -1
v -14 2 -1
v -15 2 -1
v -14 3 -1
v -15 3 -3
v -15 2 -1
v -15 2 -3
v -15 3 -1
v -21 3 -3
v -15 2 -3
v -21 2 -3
v -15 3 -3
v -21 3 -4
v -21 2 -3
v -21 2 -4
v -21 3 -3
v -14 2 11
v -14 2 2
v -14 0 11
v -14 0 2
v -14 4 11
v -14 3 2
v -14 3 11
v -14 4 2
v -15 2 2
v -14 0 2
v -14 2 2
v -15 0 2
v -15 2 4
v -15 0 2
v -15 2 2
v -15 0 4
v -19 2 3.999999
v -15 0 4
v -15 2 4
v -19 0 3.999999
v -19 2 0.999999
v -19 0 3.999999
v -19 2 3.999999
v -19 0 0.999999
v -20 2 0.9999981
v -19 0 0.999999
v -19 2 0.999999
v -20 0 0.9999981
v -20 2 12
v -20 0 0.9999981
v -20 2 0.9999981
v -20 0 12
v -19 2 12
v -20 0 12
v -20 2 12
v -19 0 12
v -19 2 8.999999
v -19 0 12
v -19 2 12
v -19 0 8.999999
v -15 2 9
v -19 0 8.999999
v -19 2 8.999999
v -15 0 9
v -15 2 11
v -15 0 9
v -15 2 9
v -15 0 11
v -14 2 11
v -15 0 11
v -15 2 11
v -14 0 11
v -15 4 2
v -14 3 2
v -14 4 2
v -15 3 2
v -15 4 4
v -15 3 2
v -15 4 2
v -15 3 4
v -19 4 4
v -15 3 4
v -15 4 4
v -19 3 4
v -19 4 1
v -19 3 4
v -19 4 4
v -19 3 1
v -20 4 1
v -19 3 1
v -19 4 1
v -20 3 1
v -20 4 12
v -20 3 1
v -20 4 1
v -20 3 12
v -19 4 12
v -20 3 12
v -20 4 12
v -19 3 12
v -19 4 9
v -19 3 12
v -19 4 12
v -19 3 9
v -15 4 9
v -19 3 9
v -19 4 9
v -15 3 9
v -15 4 11
v -15 3 9
v -15 4 9
v -15 3 11
v -14 4 11
v -15 3 11
v -15 4 11
v -14 3 11
v -14 3 11
v -14 2 2
v -14 2 11
v -14 3 2
v -15 2 11
v -14 3 11
v -14 2 11
v -15 3 11
v -15 2 9
v -15 3 11
v -15 2 11
v -15 3 9
v -19 2 9
v -15 3 9
v -15 2 9
v -19 3 9
v -19 2 12
v -19 3 9
v -19 2 9
v -19 3 12
v -20 2 12
v -19 3 12
v -19 2 12
v -20 3 12
v -20 2 1
v -20 3 12
v -20 2 12
v -20 3 1
v -19 2 1
v -20 3 1
v -20 2 1
v -19 3 1
v -19 2 4
v -19 3 1
v -19 2 1
v -19 3 4
v -15 2 4
v -19 3 4
v -19 2 4
v -15 3 4
v -15 2 2
v -15 3 4
v -15 2 4
v -15 3 2
v -14 2 2
v -15 3 2
v -15 2 2
v -14 3 2
v -1 0 17
v -2 2 17
v -2 0 17
v -1 2 17
v -1 3 17
v -2 4 17
v -2 3 17
v -1 4 17
v -1 2 17
v -2 3 17
v -2 2 17
v -1 3 17
v 4 3 17
v -1 4 17
v -1 3 17
v 4 4 17
v 4 0 17
v -1 2 17
v -1 0 17
v 4 2 17
v 4 3 15
v 4 4 17
v 4 3 17
v 4 4 15
v 4 0 15
v 4 2 17
v 4 0 17
v 4 2 15
v 10 3 15
v 4 4 15
v 4 3 15
v 10 4 15
v 10 0 15
v 4 2 15
v 4 0 15
v 10 2 15
v 4 2 17
v -1 3 17
v -1 2 17
v 4 3 17
v 4 2 15
v 4 3 17
v 4 2 17
v 4 3 15
v 10 2 15
v 4 3 15
v 4 2 15
v 10 3 15
v -6 0 -4
v -9 0 -4
v -6 2 -4
v -9 2 -4
v -6 3 -4
v -9 3 -4
v -6 4 -4
v -9 4 -4
v -6 2 -4
v -9 2 -4
v -6 3 -4
v -9 3 -4
v -9 0 -5
v -6 0 -5
v -9 4 -5
v -6 4 -5
v -6 0 -4
v -6 4 -5
v -6 0 -5
v -6 4 -4
v -9 4 -4
v -9 0 -5
v -9 4 -5
v -9 0 -4
v -14 0 -4
v -14 0 -1
v -14 2 -4
v -14 2 -1
v -13 2 -4
v -14 0 -4
v -14 2 -4
v -13 0 -4
v -14 4 -4
v -13 3 -4
v -14 3 -4
v -13 4 -4
v -14 3 -1
v -14 4 -4
v -14 3 -4
v -14 4 -1
v -15 0 -1
v -14 2 -1
v -14 0 -1
v -15 2 -1
v -15 0 -3
v -15 2 -1
v -15 0 -1
v -15 2 -3
v -21 0 -3
v -15 2 -3
v -15 0 -3
v -21 2 -3
v -21 0 -4
v -21 2 -3
v -21 0 -3
v -21 2 -4
v -15 3 -1
v -14 4 -1
v -14 3 -1
v -15 4 -1
v -15 3 -3
v -15 4 -1
v -15 3 -1
v -15 4 -3
v -21 3 -3
v -15 4 -3
v -15 3 -3
v -21 4 -3
v -21 3 -4
v -21 4 -3
v -21 3 -3
v -21 4 -4
v -13 4 -6
v -13 0 -4
v -13 4 -4
v -13 0 -6
v -15 0 -4
v -21 4 -4
v -21 0 -4
v -15 4 -4
v -15 0 -6
v -15 4 -4
v -15 0 -4
v -15 4 -6
v -13 0 -6
v -15 4 -6
v -15 0 -6
v -13 4 -6
v -14 3 -4
v -13 2 -4
v -14 2 -4
v -13 3 -4
v -14 3 -1
v -14 2 -4
v -14 2 -1
v -14 3 -4
v -15 3 -1
v -14 2 -1
v -15 2 -1
v -14 3 -1
v -15 3 -3
v -15 2 -1
v -15 2 -3
v -15 3 -1
v -21 3 -3
v -15 2 -3
v -21 2 -3
v -15 3 -3
v -21 3 -4
v -21 2 -3
v -21 2 -4
v -21 3 -3
v -1 2 -4
v -1 2 -1
v -1 0 -1
v -1 0 -4
v -1 0 -4
v -2 0 -4
v -2 2 -4
v -1 2 -4
v -2 3 -4
v -2 4 -4
v -1 4 -4
v -1 3 -4
v -1 4 -4
v -1 4 -1
v -1 3 -1
v -1 3 -4
v -1 2 -1
v 0 2 -1
v 0 0 -1
v -1 0 -1
v 0 2 -1
v 0 2 -3
v 0 0 -3
v 0 0 -1
v 0 2 -3
v 6 2 -3
v 6 0 -3
v 0 0 -3
v 6 2 -3
v 6 2 -4
v 6 0 -4
v 6 0 -3
v -2 0 -4
v -2 0 -6
v -2 4 -6
v -2 4 -4
v -1 4 -1
v 0 4 -1
v 0 3 -1
v -1 3 -1
v 0 4 -1
v 0 4 -3
v 0 3 -3
v 0 3 -1
v 0 4 -3
v 6 4 -3
v 6 3 -3
v 0 3 -3
v 6 4 -3
v 6 4 -4
v 6 3 -4
v 6 3 -3
v 6 4 -4
v 0 4 -4
v 0 0 -4
v 6 0 -4
v 0 4 -4
v 0 4 -6
v 0 0 -6
v 0 0 -4
v 0 4 -6
v -2 4 -6
v -2 0 -6
v 0 0 -6
v -2 2 -4
v -2 3 -4
v -1 3 -4
v -1 2 -4
v -1 2 -4
v -1 3 -4
v -1 3 -1
v -1 2 -1
v -1 2 -1
v -1 3 -1
v 0 3 -1
v 0 2 -1
v 0 2 -1
v 0 3 -1
v 0 3 -3
v 0 2 -3
v 0 2 -3
v 0 3 -3
v 6 3 -3
v 6 2 -3
v 6 2 -3
v 6 3 -3
v 6 3 -4
v 6 2 -4
v 4 1 10
v 0 1 10
v 4 1.1 10
v 0 1.1 10
v 4 1.1 10
v 0 1.1 10
v 4 1.1 9
v 0 1.1 9
v 4 1 9
v 0 1 9
v 4 1 10
v 0 1 10
v -14.99996 4 -8
v -12.99997 4 -5.999991
v -12.99996 4 -7.999991
v -14.99997 4 -6
v -24.99996 4 -8.000047
v -20.99998 4 -4.000028
v -25 4 -8
v -24.99996 4 -8.000047
v -24.99998 4 -4.000046
v -20.99998 4 -4.000028
v -25 4 -8
v -14.99997 4 -6
v -14.99996 4 -8
v -20.99998 4 -4.000028
v -14.99998 4 -4
v -15 4 -1
v -14.00001 4 2.000005
v -14 4 -0.9999954
v -15.00001 4 2
v -15.00002 4 4
v -15.00001 4 2
v -19.00002 4 3.999981
v -15 4 -1
v -18.99999 4 -3.000019
v -14.99999 4 -3
v -24.99998 4 -3.000046
v -25 4 -3
v -20.99999 4 -3.000028
v -20 4 0.9999768
v -19 4 0.9999814
v -18.99999 4 -3.000019
v -25 4 15
v -20.00006 4 11.99998
v -20.99998 4 -4.000028
v -24.99998 4 -4.000046
v -20.99999 4 -3.000028
v -24.99998 4 -3.000046
v -25.00007 4 14.99995
v -20.00006 4 11.99998
v -25 4 15
v -25.00007 4 14.99995
v -20.00007 4 14.99998
v -20.00006 4 11.99998
v -19.00006 4 11.99998
v -19.00007 4 14.99998
v -15.00005 4 11
v -14.00006 4 14
v -14.00005 4 11
v -15.00006 4 14
v -19.00006 4 11.99998
v -15.00005 4 11
v -15.00004 4 9
v -19.00004 4 8.999982
v -15.00006 4 14
v -19.00007 4 14.99998
v -15.00007 4 15
v -19.00008 4 16.99998
v -15.00007 4 15
v -19.00007 4 14.99998
v -15.00008 4 17
v -15.00008 4 17
v -14 4 17
v -14 4 15
v -15.00007 4 15
v -2 4 -3
v -2 4 14
v -1 4 14
v -1 4 2
v -6 4 -4
v -9 4 -4
v -13 4 -3
v -2 4 -3
v -2 4 -6
v 0 4 -6
v 0 4 -8
v -2 4 -8
v 6 4 -4
v 10 4 -4
v 10 4 -8
v 0 4 -6
v 0 4 -4
v 6 4 -4
v 10 4 -8
v 0 4 -8
v -1 4 -1
v -2 4 -4
v -2 4 -3
v -1 4 2
v -1 4 -4
v -6 4 -4
v -1 4 2
v 0 4 2
v 0 4 -1
v -1 4 -1
v 4 4 -3
v 0 4 -3
v 0 4 -1
v 0 4 2
v 4 4 4
v 0 4 4
v 4 4 1
v 6 4 -3
v 5 4 1
v 10 4 -3
v 6 4 -3
v 10 4 -3
v 10 4 -4
v 6 4 -4
v 5 4 1
v 5 4 12
v 10 4 15
v 10 4 -3
v 5 4 12
v 5 4 15
v 10 4 15
v 4 4 12
v 4 4 15
v 5 4 15
v 5 4 12
v -1 4 14
v 0 4 14
v 0 4 11
v -1 4 11
v 0 4 15
v 4 4 12
v 0 4 14
v 4 4 15
v 0 4 11
v 0 4 9
v 4 4 9
v 0 4 15
v 0 4 17
v 4 4 17
v 4 4 15
v 0 4 15
v -1 4 15
v -1 4 17
v 0 4 17
v -2 4 17
v -1 4 17
v -2 4 15
v -1 4 15
v -11 4 -4
v -9 4 -5
v -13 4 -8
v -13 4 -4
v -9 4 -8
v -9 4 -4
v -11 4 -4
v -13 4 -4
v -13 4 -3
v -9 4 -4
v -14 4 -1
v -14 4 2
v -14 4 -4
v -6 4 -5
v -2 4 -6
v -2 4 -8
v -6 4 -8
v -6 4 -5
v -2 4 -4
v -2 4 -6
v -6 4 -4
v -6 4 -8
v -9 4 -8
v -9 4 -5
v -6 4 -5
v -13 4 15
v -14 4 15
v -14 4 17
v -13 4 17
v -13 4 -3
v -14 4 2
v -13 4 14
v -14 4 14
v -13 4 15
v -13 4 14
v -14 4 14
v -14 4 15
v -1 4 14
v -2 4 15
v -1 4 15
v -2 4 14
v -13 4 -3
v -13 4 21
v -13 5 -3
v -13 5 21
v -13 4 -3
v -13 5 -3
v -6 4 -3
v -6 5 -3
v -2 4 21
v -13 5 21
v -13 4 21
v -2 5 21
v -2 4 -3
v -2 5 21
v -2 4 21
v -2 5 -3
v -2 5 -3
v -2 4 -3
v -6 4 -3
v -6 5 -3
v 0 1 3
v 4 1 3.000001
v 0 1.1 3
v 4 1.1 3.000001
v 0 1.1 3
v 4 1.1 3.000001
v -2.384186E-07 1.1 4
v 4 1.1 4.000001
v -2.384186E-07 1 4
v 4 1 4.000001
v 0 1 3
v 4 1 3.000001
v -6 4.172325E-07 2.5
v -7 4.172325E-07 2.5
v -6 0.1000004 2.5
v -7 0.1000004 2.5
v -7 4.172325E-07 2.5
v -7 3.576279E-07 -0.5000001
v -7 0.1000004 2.5
v -7 0.1000004 -0.5000001
v -7 3.576279E-07 -0.5000001
v -6 3.576279E-07 -0.5000001
v -7 0.1000004 -0.5000001
v -6 0.1000004 -0.5000001
v -6 3.576279E-07 -0.5000001
v -6 4.172325E-07 2.5
v -6 0.1000004 -0.5000001
v -6 0.1000004 2.5
v -6 0.1000004 2.5
v -7 0.1000004 2.5
v -6 0.1000004 -0.5000001
v -7 0.1000004 -0.5000001
v -6 3.576279E-07 -0.5000001
v -7 3.576279E-07 -0.5000001
v -6 4.172325E-07 2.5
v -7 4.172325E-07 2.5
v -15 1 10
v -19 1 10
v -15 1.1 10
v -19 1.1 10
v -15 1.1 10
v -19 1.1 10
v -15 1.1 9
v -19 1.1 9
v -15 1 9
v -19 1 9
v -15 1 10
v -19 1 10
v -19 1 3
v -15 1 3.000001
v -19 1.1 3
v -15 1.1 3.000001
v -19 1.1 3
v -15 1.1 3.000001
v -19 1.1 4
v -15 1.1 4.000001
v -19 1 4
v -15 1 4.000001
v -19 1 3
v -15 1 3.000001
v -22.3 3.949998 -5.800001
v -22.7 3.949998 -5.800001
v -22.3 4.049997 -5.800001
v -22.7 4.049997 -5.800001
v -22.7 3.949998 -5.800001
v -22.7 3.949998 -6.200001
v -22.7 4.049997 -5.800001
v -22.7 4.049997 -6.200001
v -22.7 3.949998 -6.200001
v -22.3 3.949998 -6.200001
v -22.7 4.049997 -6.200001
v -22.3 4.049997 -6.200001
v -22.3 3.949998 -6.200001
v -22.3 3.949998 -5.800001
v -22.3 4.049997 -6.200001
v -22.3 4.049997 -5.800001
v -22.3 4.049997 -5.800001
v -22.7 4.049997 -5.800001
v -22.3 4.049997 -6.200001
v -22.7 4.049997 -6.200001
v -22.3 3.949998 -6.200001
v -22.7 3.949998 -6.200001
v -22.3 3.949998 -5.800001
v -22.7 3.949998 -5.800001
v 2.200001 3.949998 0.6999989
v 1.800003 3.949998 0.6999989
v 2.200001 4.049997 0.6999989
v 1.800003 4.049997 0.6999989
v 1.800003 3.949998 0.6999989
v 1.800003 3.949998 0.2999993
v 1.800003 4.049997 0.6999989
v 1.800003 4.049997 0.2999993
v 1.800003 3.949998 0.2999993
v 2.200001 3.949998 0.2999993
v 1.800003 4.049997 0.2999993
v 2.200001 4.049997 0.2999993
v 2.200001 3.949998 0.2999993
v 2.200001 3.949998 0.6999989
v 2.200001 4.049997 0.2999993
v 2.200001 4.049997 0.6999989
v 2.200001 4.049997 0.6999989
v 1.800003 4.049997 0.6999989
v 2.200001 4.049997 0.2999993
v 1.800003 4.049997 0.2999993
v 2.200001 3.949998 0.2999993
v 1.800003 3.949998 0.2999993
v 2.200001 3.949998 0.6999989
v 1.800003 3.949998 0.6999989
v -10.3 3.949998 -5.800001
v -10.7 3.949998 -5.800001
v -10.3 4.049997 -5.800001
v -10.7 4.049997 -5.800001
v -10.7 3.949998 -5.800001
v -10.7 3.949998 -6.200001
v -10.7 4.049997 -5.800001
v -10.7 4.049997 -6.200001
v -10.7 3.949998 -6.200001
v -10.3 3.949998 -6.200001
v -10.7 4.049997 -6.200001
v -10.3 4.049997 -6.200001
v -10.3 3.949998 -6.200001
v -10.3 3.949998 -5.800001
v -10.3 4.049997 -6.200001
v -10.3 4.049997 -5.800001
v -10.3 4.049997 -5.800001
v -10.7 4.049997 -5.800001
v -10.3 4.049997 -6.200001
v -10.7 4.049997 -6.200001
v -10.3 3.949998 -6.200001
v -10.7 3.949998 -6.200001
v -10.3 3.949998 -5.800001
v -10.7 3.949998 -5.800001
v -16.8 3.949998 0.6999989
v -17.2 3.949998 0.6999989
v -16.8 4.049997 0.6999989
v -17.2 4.049997 0.6999989
v -17.2 3.949998 0.6999989
v -17.2 3.949998 0.2999993
v -17.2 4.049997 0.6999989
v -17.2 4.049997 0.2999993
v -17.2 3.949998 0.2999993
v -16.8 3.949998 0.2999993
v -17.2 4.049997 0.2999993
v -16.8 4.049997 0.2999993
v -16.8 3.949998 0.2999993
v -16.8 3.949998 0.6999989
v -16.8 4.049997 0.2999993
v -16.8 4.049997 0.6999989
v -16.8 4.049997 0.6999989
v -17.2 4.049997 0.6999989
v -16.8 4.049997 0.2999993
v -17.2 4.049997 0.2999993
v -16.8 3.949998 0.2999993
v -17.2 3.949998 0.2999993
v -16.8 3.949998 0.6999989
v -17.2 3.949998 0.6999989
v -22.3 3.949998 -0.3000011
v -22.7 3.949998 -0.3000011
v -22.3 4.049997 -0.3000011
v -22.7 4.049997 -0.3000011
v -22.7 3.949998 -0.3000011
v -22.7 3.949998 -0.7000007
v -22.7 4.049997 -0.3000011
v -22.7 4.049997 -0.7000007
v -22.7 3.949998 -0.7000007
v -22.3 3.949998 -0.7000007
v -22.7 4.049997 -0.7000007
v -22.3 4.049997 -0.7000007
v -22.3 3.949998 -0.7000007
v -22.3 3.949998 -0.3000011
v -22.3 4.049997 -0.7000007
v -22.3 4.049997 -0.3000011
v -22.3 4.049997 -0.3000011
v -22.7 4.049997 -0.3000011
v -22.3 4.049997 -0.7000007
v -22.7 4.049997 -0.7000007
v -22.3 3.949998 -0.7000007
v -22.7 3.949998 -0.7000007
v -22.3 3.949998 -0.3000011
v -22.7 3.949998 -0.3000011
v -17.3 3.949998 -5.800001
v -17.7 3.949998 -5.800001
v -17.3 4.049997 -5.800001
v -17.7 4.049997 -5.800001
v -17.7 3.949998 -5.800001
v -17.7 3.949998 -6.200001
v -17.7 4.049997 -5.800001
v -17.7 4.049997 -6.200001
v -17.7 3.949998 -6.200001
v -17.3 3.949998 -6.200001
v -17.7 4.049997 -6.200001
v -17.3 4.049997 -6.200001
v -17.3 3.949998 -6.200001
v -17.3 3.949998 -5.800001
v -17.3 4.049997 -6.200001
v -17.3 4.049997 -5.800001
v -17.3 4.049997 -5.800001
v -17.7 4.049997 -5.800001
v -17.3 4.049997 -6.200001
v -17.7 4.049997 -6.200001
v -17.3 3.949998 -6.200001
v -17.7 3.949998 -6.200001
v -17.3 3.949998 -5.800001
v -17.7 3.949998 -5.800001
v 7.700001 3.949998 6.699999
v 7.300003 3.949998 6.699999
v 7.700001 4.049997 6.699999
v 7.300003 4.049997 6.699999
v 7.300003 3.949998 6.699999
v 7.300003 3.949998 6.299999
v 7.300003 4.049997 6.699999
v 7.300003 4.049997 6.299999
v 7.300003 3.949998 6.299999
v 7.700001 3.949998 6.299999
v 7.300003 4.049997 6.299999
v 7.700001 4.049997 6.299999
v 7.700001 3.949998 6.299999
v 7.700001 3.949998 6.699999
v 7.700001 4.049997 6.299999
v 7.700001 4.049997 6.699999
v 7.700001 4.049997 6.699999
v 7.300003 4.049997 6.699999
v 7.700001 4.049997 6.299999
v 7.300003 4.049997 6.299999
v 7.700001 3.949998 6.299999
v 7.300003 3.949998 6.299999
v 7.700001 3.949998 6.699999
v 7.300003 3.949998 6.699999
v -22.3 3.949998 12.2
v -22.7 3.949998 12.2
v -22.3 4.049997 12.2
v -22.7 4.049997 12.2
v -22.7 3.949998 12.2
v -22.7 3.949998 11.8
v -22.7 4.049997 12.2
v -22.7 4.049997 11.8
v -22.7 3.949998 11.8
v -22.3 3.949998 11.8
v -22.7 4.049997 11.8
v -22.3 4.049997 11.8
v -22.3 3.949998 11.8
v -22.3 3.949998 12.2
v -22.3 4.049997 11.8
v -22.3 4.049997 12.2
v -22.3 4.049997 12.2
v -22.7 4.049997 12.2
v -22.3 4.049997 11.8
v -22.7 4.049997 11.8
v -22.3 3.949998 11.8
v -22.7 3.949998 11.8
v -22.3 3.949998 12.2
v -22.7 3.949998 12.2
v 7.700001 3.949998 -0.3000011
v 7.300003 3.949998 -0.3000011
v 7.700001 4.049997 -0.3000011
v 7.300003 4.049997 -0.3000011
v 7.300003 3.949998 -0.3000011
v 7.300003 3.949998 -0.7000007
v 7.300003 4.049997 -0.3000011
v 7.300003 4.049997 -0.7000007
v 7.300003 3.949998 -0.7000007
v 7.700001 3.949998 -0.7000007
v 7.300003 4.049997 -0.7000007
v 7.700001 4.049997 -0.7000007
v 7.700001 3.949998 -0.7000007
v 7.700001 3.949998 -0.3000011
v 7.700001 4.049997 -0.7000007
v 7.700001 4.049997 -0.3000011
v 7.700001 4.049997 -0.3000011
v 7.300003 4.049997 -0.3000011
v 7.700001 4.049997 -0.7000007
v 7.300003 4.049997 -0.7000007
v 7.700001 3.949998 -0.7000007
v 7.300003 3.949998 -0.7000007
v 7.700001 3.949998 -0.3000011
v 7.300003 3.949998 -0.3000011
v -4.299999 3.949998 -5.800001
v -4.699997 3.949998 -5.800001
v -4.299999 4.049997 -5.800001
v -4.699997 4.049997 -5.800001
v -4.699997 3.949998 -5.800001
v -4.699997 3.949998 -6.200001
v -4.699997 4.049997 -5.800001
v -4.699997 4.049997 -6.200001
v -4.699997 3.949998 -6.200001
v -4.299999 3.949998 -6.200001
v -4.699997 4.049997 -6.200001
v -4.299999 4.049997 -6.200001
v -4.299999 3.949998 -6.200001
v -4.299999 3.949998 -5.800001
v -4.299999 4.049997 -6.200001
v -4.299999 4.049997 -5.800001
v -4.299999 4.049997 -5.800001
v -4.699997 4.049997 -5.800001
v -4.299999 4.049997 -6.200001
v -4.699997 4.049997 -6.200001
v -4.299999 3.949998 -6.200001
v -4.699997 3.949998 -6.200001
v -4.299999 3.949998 -5.800001
v -4.699997 3.949998 -5.800001
v 7.700001 3.949998 -5.800001
v 7.300003 3.949998 -5.800001
v 7.700001 4.049997 -5.800001
v 7.300003 4.049997 -5.800001
v 7.300003 3.949998 -5.800001
v 7.300003 3.949998 -6.200001
v 7.300003 4.049997 -5.800001
v 7.300003 4.049997 -6.200001
v 7.300003 3.949998 -6.200001
v 7.700001 3.949998 -6.200001
v 7.300003 4.049997 -6.200001
v 7.700001 4.049997 -6.200001
v 7.700001 3.949998 -6.200001
v 7.700001 3.949998 -5.800001
v 7.700001 4.049997 -6.200001
v 7.700001 4.049997 -5.800001
v 7.700001 4.049997 -5.800001
v 7.300003 4.049997 -5.800001
v 7.700001 4.049997 -6.200001
v 7.300003 4.049997 -6.200001
v 7.700001 3.949998 -6.200001
v 7.300003 3.949998 -6.200001
v 7.700001 3.949998 -5.800001
v 7.300003 3.949998 -5.800001
v 2.200001 3.949998 12.7
v 1.800003 3.949998 12.7
v 2.200001 4.049997 12.7
v 1.800003 4.049997 12.7
v 1.800003 3.949998 12.7
v 1.800003 3.949998 12.3
v 1.800003 4.049997 12.7
v 1.800003 4.049997 12.3
v 1.800003 3.949998 12.3
v 2.200001 3.949998 12.3
v 1.800003 4.049997 12.3
v 2.200001 4.049997 12.3
v 2.200001 3.949998 12.3
v 2.200001 3.949998 12.7
v 2.200001 4.049997 12.3
v 2.200001 4.049997 12.7
v 2.200001 4.049997 12.7
v 1.800003 4.049997 12.7
v 2.200001 4.049997 12.3
v 1.800003 4.049997 12.3
v 2.200001 3.949998 12.3
v 1.800003 3.949998 12.3
v 2.200001 3.949998 12.7
v 1.800003 3.949998 12.7
v 7.700001 3.949998 12.2
v 7.300003 3.949998 12.2
v 7.700001 4.049997 12.2
v 7.300003 4.049997 12.2
v 7.300003 3.949998 12.2
v 7.300003 3.949998 11.8
v 7.300003 4.049997 12.2
v 7.300003 4.049997 11.8
v 7.300003 3.949998 11.8
v 7.700001 3.949998 11.8
v 7.300003 4.049997 11.8
v 7.700001 4.049997 11.8
v 7.700001 3.949998 11.8
v 7.700001 3.949998 12.2
v 7.700001 4.049997 11.8
v 7.700001 4.049997 12.2
v 7.700001 4.049997 12.2
v 7.300003 4.049997 12.2
v 7.700001 4.049997 11.8
v 7.300003 4.049997 11.8
v 7.700001 3.949998 11.8
v 7.300003 3.949998 11.8
v 7.700001 3.949998 12.2
v 7.300003 3.949998 12.2
v -16.8 3.949998 12.7
v -17.2 3.949998 12.7
v -16.8 4.049997 12.7
v -17.2 4.049997 12.7
v -17.2 3.949998 12.7
v -17.2 3.949998 12.3
v -17.2 4.049997 12.7
v -17.2 4.049997 12.3
v -17.2 3.949998 12.3
v -16.8 3.949998 12.3
v -17.2 4.049997 12.3
v -16.8 4.049997 12.3
v -16.8 3.949998 12.3
v -16.8 3.949998 12.7
v -16.8 4.049997 12.3
v -16.8 4.049997 12.7
v -16.8 4.049997 12.7
v -17.2 4.049997 12.7
v -16.8 4.049997 12.3
v -17.2 4.049997 12.3
v -16.8 3.949998 12.3
v -17.2 3.949998 12.3
v -16.8 3.949998 12.7
v -17.2 3.949998 12.7
v -22.3 3.949998 6.699999
v -22.7 3.949998 6.699999
v -22.3 4.049997 6.699999
v -22.7 4.049997 6.699999
v -22.7 3.949998 6.699999
v -22.7 3.949998 6.299999
v -22.7 4.049997 6.699999
v -22.7 4.049997 6.299999
v -22.7 3.949998 6.299999
v -22.3 3.949998 6.299999
v -22.7 4.049997 6.299999
v -22.3 4.049997 6.299999
v -22.3 3.949998 6.299999
v -22.3 3.949998 6.699999
v -22.3 4.049997 6.299999
v -22.3 4.049997 6.699999
v -22.3 4.049997 6.699999
v -22.7 4.049997 6.699999
v -22.3 4.049997 6.299999
v -22.7 4.049997 6.299999
v -22.3 3.949998 6.299999
v -22.7 3.949998 6.299999
v -22.3 3.949998 6.699999
v -22.7 3.949998 6.699999
v 2.700001 3.949998 -5.800001
v 2.300003 3.949998 -5.800001
v 2.700001 4.049997 -5.800001
v 2.300003 4.049997 -5.800001
v 2.300003 3.949998 -5.800001
v 2.300003 3.949998 -6.200001
v 2.300003 4.049997 -5.800001
v 2.300003 4.049997 -6.200001
v 2.300003 3.949998 -6.200001
v 2.700001 3.949998 -6.200001
v 2.300003 4.049997 -6.200001
v 2.700001 4.049997 -6.200001
v 2.700001 3.949998 -6.200001
v 2.700001 3.949998 -5.800001
v 2.700001 4.049997 -6.200001
v 2.700001 4.049997 -5.800001
v 2.700001 4.049997 -5.800001
v 2.300003 4.049997 -5.800001
v 2.700001 4.049997 -6.200001
v 2.300003 4.049997 -6.200001
v 2.700001 3.949998 -6.200001
v 2.300003 3.949998 -6.200001
v 2.700001 3.949998 -5.800001
v 2.300003 3.949998 -5.800001
v -19 0 15
v -25 2 15
v -25 0 15
v -19 2 15
v -19 3 15
v -25 4 15
v -25 3 15
v -19 4 15
v -19 0 17
v -19 2 15
v -19 0 15
v -19 2 17
v -19 3 17
v -19 4 15
v -19 3 15
v -19 4 17
v -14 0 17
v -19 2 17
v -19 0 17
v -14 2 17
v -14 3 17
v -19 4 17
v -19 3 17
v -14 4 17
v -19 2 15
v -25 3 15
v -25 2 15
v -19 3 15
v -19 2 17
v -19 3 15
v -19 2 15
v -19 3 17
v -14 2 17
v -19 3 17
v -19 2 17
v -14 3 17
v -13 2 17
v -14 3 17
v -14 2 17
v -13 3 17
v -13 0 17
v -14 2 17
v -14 0 17
v -13 2 17
v -13 3 17
v -14 4 17
v -14 3 17
v -13 4 17
v -12.99997 0 -5.999991
v -14.99997 0 -6
v -14.99996 0 -8
v -12.99996 0 -7.999991
v -20.99998 0 -4.000028
v -24.99998 0 -4.000046
v -24.99996 0 -8.000047
v -20.99996 0 -8.000028
v -14.99997 0 -6
v -14.99998 0 -4
v -20.99998 0 -4.000028
v -20.99996 0 -8.000028
v -14.99996 0 -8
v -14.00001 0 2.000005
v -15.00001 0 2
v -15 0 -1
v -14 0 -0.9999954
v -18.99999 0 -3.000019
v -14.99999 0 -3
v -15 0 -1
v -15.00001 0 2
v -19.00002 0 3.999981
v -15.00002 0 4
v -19 0 0.9999814
v -20.99999 0 -3.000028
v -20 0 0.9999768
v -25 0 0.9999535
v -24.99998 0 -3.000046
v -20.99999 0 -3.000028
v -24.99998 0 -3.000046
v -24.99998 0 -4.000046
v -20.99998 0 -4.000028
v -20 0 0.9999768
v -20.00006 0 11.99998
v -25.00006 0 11.99995
v -25 0 0.9999535
v -20.00006 0 11.99998
v -20.00007 0 14.99998
v -25.00007 0 14.99995
v -25.00006 0 11.99995
v -19.00006 0 11.99998
v -19.00007 0 14.99998
v -20.00007 0 14.99998
v -20.00006 0 11.99998
v -14.00006 0 14
v -15.00006 0 14
v -15.00005 0 11
v -14.00005 0 11
v -15.00007 0 15
v -19.00006 0 11.99998
v -15.00006 0 14
v -19.00007 0 14.99998
v -15.00005 0 11
v -15.00004 0 9
v -19.00004 0 8.999982
v -15.00007 0 15
v -15.00008 0 17
v -19.00008 0 16.99998
v -19.00007 0 14.99998
v -14 0 15
v -15.00008 0 17
v -15.00007 0 15
v -14 0 17
v -13 0 -8
v -9 0 -8
v -9 0 -5
v -13 0 -4
v -11 0 -4
v -9 0 -4
v -7 0 -5
v -6 0 -7
v -6 0 -5
v -7 0 -7
v -7 0 -5
v -9 0 -5
v -7 0 -7
v -9 0 -8
v -7 0 -8
v -1 0 2
v -1 0 11
v -3 0 0
v -3 0 10
v -14 0 14
v -10 0 10
v -11 0 14
v -14 0 11
v -10 0 0
v -6 0 -4
v -3 0 0
v -9 0 -4
v -1 0 2
v -3 0 0
v -1 0 -1
v -2 0 -4
v -1 0 -4
v -6 0 -4
v -1 0 14
v -4 0 14
v -3 0 10
v -1 0 11
v -1 0 15
v -1 0 17
v -2 0 15
v -2 0 17
v -3 0 21
v -5 0 21
v -6 0 20.5
v -3 0 20.5
v -4 0 15
v -3 0 15
v -6 0 17.5
v -3 0 17.5
v -3 0 15
v -2 0 15
v -2 0 17
v -3 0 20.5
v -2 0 21
v -3 0 21
v -3 0 17.5
v -6 0 20.5
v -5 0 21
v -7 0 21
v -6 0 17.5
v -7 0 15
v -4 0 15
v -3 0 10
v -4 0 14
v -10 0 10
v -7 0 14
v -11 0 14
v -7 0 14
v -4 0 15
v -7 0 15
v -4 0 14
v -9 0 -4
v -10 0 0
v -11 0 -4
v -13 0 -4
v -14 0 2
v -14 0 -1
v -14 0 -4
v -13 0 15
v -7 0 15
v -13 0 17
v -7 0 21
v -13 0 21
v -14 0 17
v -13 0 15
v -13 0 17
v -14 0 15
v -14 0 2
v -10 0 10
v -14 0 11
v -10 0 0
v -3 -2 10
v -3 0 0
v -3 0 10
v -3 -2 0
v -10 -2 0
v -10 0 10
v -10 0 0
v -10 -2 10
v -3 -2 0
v -10 0 0
v -3 0 0
v -10 -2 0
v -10 -2 10
v -3 -2 0
v -3 -2 10
v -10 -2 0
v -3 -1 20.5
v -6 -1 20.5
v -6 -1 17.5
v -3 -1 17.5
v -3 0 20.5
v -6 0 20.5
v -3 -1 20.5
v -6 -1 20.5
v -6 0 20.5
v -6 0 17.5
v -6 -1 20.5
v -6 -1 17.5
v -3 0 17.5
v -3 0 20.5
v -3 -1 17.5
v -3 -1 20.5
v -6 0 17.5
v -3 0 17.5
v -6 -1 17.5
v -3 -1 17.5
v -10 -2 10
v -3 -2 10
v -10 0 10
v -3 0 10
v 0 0 -8
v -2 0 -6
v -2 0 -8
v 0 0 -6
v 10 0 -8
v 6 0 -4
v 6 0 -8
v 10 0 -4
v 6 0 -8
v 0 0 -6
v 0 0 -8
v 6 0 -4
v 0 0 -4
v 0 0 -1
v -1 0 2
v -1 0 -1
v 0 0 2
v 0 0 4
v 0 0 2
v 4 0 4
v 0 0 -1
v 4 0 -3
v 0 0 -3
v 6 0 -3
v 4 0 1
v 5 0 1
v 10 0 -3
v 10 0 1
v 6 0 -4
v 10 0 -4
v 6 0 -3
v 10 0 -3
v 10 0 12
v 5 0 1
v 10 0 1
v 5 0 12
v 10 0 15
v 5 0 12
v 10 0 12
v 5 0 15
v 5 0 12
v 5 0 15
v 4 0 12
v 4 0 15
v 0 0 11
v -1 0 14
v -1 0 11
v 0 0 14
v 4 0 12
v 0 0 11
v 0 0 9
v 4 0 9
v 0 0 14
v 4 0 15
v 0 0 15
v 4 0 17
v 0 0 15
v 4 0 15
v 0 0 17
v -1 0 17
v 0 0 15
v 0 0 17
v -1 0 15
v -6 0 -8
v -2 0 -8
v -6 0 -5
v -2 0 -6
v -2 0 -4
v -6 0 -4
v -6 0 -5
v -2 0 -6
v -6 0 -7
v -7 0 -7
v -6 2 -7
v -7 2 -7
v -6 2 -8
v -6 0 -8
v -6 2 -7
v -6 0 -7
v -7 0 -8
v -7 2 -8
v -7 0 -7
v -7 2 -7
v -7 2 -8
v -6 2 -8
v -7 2 -7
v -6 2 -7
v -13 0 21
v -13 2 17
v -13 0 17
v -13 2 21
v -13 3 21
v -13 4 17
v -13 3 17
v -13 4 21
v -2 0 21
v -13 2 21
v -13 0 21
v -2 2 21
v -2 3 21
v -13 4 21
v -13 3 21
v -2 4 21
v -2 0 17
v -2 2 21
v -2 0 21
v -2 2 17
v -2 3 17
v -2 4 21
v -2 3 21
v -2 4 17
v -13 2 21
v -13 3 17
v -13 2 17
v -13 3 21
v -2 2 21
v -13 3 21
v -13 2 21
v -2 3 21
v -2 2 17
v -2 3 21
v -2 2 21
v -2 3 17
v -25 0 -8
v -25 0 15
v -25 2 -8
v -25 2 15
v -25 4 15
v -25 4 -8
v -25 3 15
v -25 3 -8
v -25 3 -8
v -6 4 -8
v -6 3 -8
v -25 4 -8
v -25 0 -8
v -6 2 -8
v -6 0 -8
v -25 2 -8
v -25 2 -8
v -25 2 15
v -25 3 15
v -25 3 -8
v -25 2 -8
v -6 3 -8
v -6 2 -8
v -25 3 -8
v -15 2 14
v -15 2 15
v -15 0 15
v -15 0 14
v -15 3 14
v -15 4 14
v -15 4 15
v -15 3 15
v -15 3 14
v -14 3 14
v -14 4 14
v -15 4 14
v -14 3 15
v -15 3 15
v -15 4 15
v -14 4 15
v -15 2 14
v -15 0 14
v -14 0 14
v -14 2 14
v -14 2 15
v -14 0 15
v -15 0 15
v -15 2 15
v -15 2 14
v -15 3 14
v -15 3 15
v -15 2 15
v -15 2 14
v -14 2 14
v -14 3 14
v -15 3 14
v -14 2 14
v -14 2 15
v -14 3 15
v -14 3 14
v -14 2 15
v -15 2 15
v -15 3 15
v -14 3 15
v -14 3 14
v -14 3 15
v -14 4 15
v -14 4 14
v -14 2 15
v -7 2 15
v -7 0 15
v -14 0 15
v -7 2 15
v -7 2 14
v -7 0 14
v -7 0 15
v -7 2 14
v -14 2 14
v -14 0 14
v -7 0 14
v -7 2 14
v -7 2 15
v -14 2 15
v -14 2 14
v 5.000001 0 -3
v 5.000001 0 -2
v 5.000001 2 -3
v 5.000001 2 -2
v 5.000001 0 -2
v 4.768372E-07 0 -2.000001
v 5.000001 2 -2
v 4.768372E-07 2 -2.000001
v 4.768372E-07 2 -2.000001
v 4.768372E-07 2 -3.000001
v 5.000001 2 -2
v 5.000001 2 -3
v -9 0 19
v -10 0 19
v -9 2 19
v -10 2 19
v -10 0 19
v -10 0 15
v -10 2 19
v -10 2 15
v -9 0 15
v -9 0 19
v -9 2 15
v -9 2 19
v -9 2 19
v -10 2 19
v -9 2 15
v -10 2 15
v -20 0 -2.000001
v -20 0 -3.000001
v -20 2 -2.000001
v -20 2 -3.000001
v -15 0 -2
v -20 0 -2.000001
v -15 2 -2
v -20 2 -2.000001
v -20 2 -2.000001
v -20 2 -3.000001
v -15 2 -2
v -15 2 -3
v 6 0 10
v 5 0 10
v 6 2 10
v 5 2 10
v 5 0 3
v 6 0 3
v 5 2 3
v 6 2 3
v 6 0 3
v 6 0 10
v 6 2 3
v 6 2 10
v 6 2 10
v 5 2 10
v 6 2 3
v 5 2 3
v -24 0 10
v -25 0 10
v -24 2 10
v -25 2 10
v -25 0 4
v -24 0 4
v -25 2 4
v -24 2 4
v -24 0 4
v -24 0 10
v -24 2 4
v -24 2 10
v -24 2 10
v -25 2 10
v -24 2 4
v -25 2 4

vn 1 0 0
vn 1 0 0
vn 1 0 0
vn 1 0 0
vn 1 0 0
vn 1 0 0
vn 1 0 0
vn 1 0 0
vn 0 0 -1
vn 0 0 -1
vn 0 0 -1
vn 0 0 -1
vn 0 0 1
vn 0 0 1
vn 0 0 1
vn 0 0 1
vn 0 0 -1
vn 0 0 -1
vn 0 0 -1
vn 0 0 -1
vn 0 0 1
vn 0 0 1
vn 0 0 1
vn 0 0 1
vn 1 0 0
vn 1 0 0
vn 1 0 0
vn 1 0 0
vn 0 0 -1
vn 0 0 -1
vn 0 0 -1
vn 0 0 -1
vn 0 0 1
vn 0 0 1
vn 0 0 1
vn 0 0 1
vn -1 0 0
vn -1 0 0
vn -1 0 0
vn -1 0 0
vn 0 0 1
vn 0 0 1
vn 0 0 1
vn 0 0 1
vn -1 0 0
vn -1 0 0
vn -1 0 0
vn -1 0 0
vn 0 0 -1
vn 0 0 -1
vn 0 0 -1
vn 0 0 -1
vn 0 1 0
vn 0 1 0
vn 0 1 0
vn 0 1 0
vn -1 0 0
vn -1 0 0
vn -1 0 0
vn -1 0 0
vn -1 0 0
vn -1 0 0
vn -1 0 0
vn -1 0 0
vn -1 0 0
vn -1 0 0
vn -1 0 0
vn -1 0 0
vn 0 0 1
vn 0 0 1
vn 0 0 1
vn 0 0 1
vn 0 0 1
vn 0 0 1
vn 0 0 1
vn 0 0 1
vn -1 0 0
vn -1 0 0
vn -1 0 0
vn -1 0 0
vn 0 0 1
vn 0 0 1
vn 0 0 1
vn 0 0 1
vn 1 0 0
vn 1 0 0
vn 1 0 0
vn 1 0 0
vn 1 0 0
vn 1 0 0
vn 1 0 0
vn 1 0 0
vn 0 0 -1
vn 0 0 -1
vn 0 0 -1
vn 0 0 -1
vn 0 0 1
vn 0 0 1
vn 0 0 1
vn 0 0 1
vn 0 0 -1
vn 0 0 -1
vn 0 0 -1
vn 0 0 -1
vn 0 0 1
vn 0 0 1
vn 0 0 1
vn 0 0 1
vn 1 0 0
vn 1 0 0
vn 1 0 0
vn 1 0 0
vn 0 0 -1
vn 0 0 -1
vn 0 0 -1
vn 0 0 -1
vn 0 0 1
vn 0 0 1
vn 0 0 1
vn 0 0 1
vn -1 0 0
vn -1 0 0
vn -1 0 0
vn -1 0 0
vn 0 0 1
vn 0 0 1
vn 0 0 1
vn 0 0 1
vn -1 0 0
vn -1 0 0
vn -1 0 0
vn -1 0 0
vn 0 0 -1
vn 0 0 -1
vn 0 0 -1
vn 0 0 -1
vn 0 1 0
vn 0 1 0
vn 0 1 0
vn 0 1 0
vn -1 0 0
vn -1 0 0
vn -1 0 0
vn -1 0 0
vn -1 0 0
vn -1 0 0
vn -1 0 0
vn -1 0 0
vn -1 0 3.245142E-07
vn -1 0 3.245142E-07
vn -1 0 3.245142E-07
vn -1 0 3.245142E-07
vn 0 0 1
vn 0 0 1
vn 0 0 1
vn 0 0 1
vn 1 0 0
vn 1 0 0
vn 1 0 0
vn 1 0 0
vn 0 0 1
vn 0 0 1
vn 0 0 1
vn 0 0 1
vn -1 0 0
vn -1 0 0
vn -1 0 0
vn -1 0 0
vn 0 0 1
vn 0 0 1
vn 0 0 1
vn 0 0 1
vn 1 0 0
vn 1 0 0
vn 1 0 0
vn 1 0 0
vn 0 0 -1
vn 0 0 -1
vn 0 0 -1
vn 0 0 -1
vn -1 0 0
vn -1 0 0
vn -1 0 0
vn -1 0 0
vn 0 0 -1
vn 0 0 -1
vn 0 0 -1
vn 0 0 -1
vn 1 0 0
vn 1 0 0
vn 1 0 0
vn 1 0 0
vn 0 0 -1
vn 0 0 -1
vn 0 0 -1
vn 0 0 -1
vn 0 0 1
vn 0 0 1
vn 0 0 1
vn 0 0 1
vn 1 0 -3.258414E-07
vn 1 0 -3.258414E-07
vn 1 0 -3.258414E-07
vn 1 0 -3.258414E-07
vn 3.576279E-07 0 1
vn 3.576279E-07 0 1
vn 3.576279E-07 0 1
vn 3.576279E-07 0 1
vn -1 0 3.178914E-07
vn -1 0 3.178914E-07
vn -1 0 3.178914E-07
vn -1 0 3.178914E-07
vn 4.768372E-07 0 1
vn 4.768372E-07 0 1
vn 4.768372E-07 0 1
vn 4.768372E-07 0 1
vn 1 0 -3.034418E-07
vn 1 0 -3.034418E-07
vn 1 0 -3.034418E-07
vn 1 0 -3.034418E-07
vn -2.384186E-07 0 -1
vn -2.384186E-07 0 -1
vn -2.384186E-07 0 -1
vn -2.384186E-07 0 -1
vn -1 0 3.178914E-07
vn -1 0 3.178914E-07
vn -1 0 3.178914E-07
vn -1 0 3.178914E-07
vn -3.258414E-07 0 -1
vn -3.258414E-07 0 -1
vn -3.258414E-07 0 -1
vn -3.258414E-07 0 -1
vn 1 0 -3.258414E-07
vn 1 0 -3.258414E-07
vn 1 0 -3.258414E-07
vn 1 0 -3.258414E-07
vn -4.768372E-07 0 -1
vn -4.768372E-07 0 -1
vn -4.768372E-07 0 -1
vn -4.768372E-07 0 -1
vn -1 7.450581E-07 1.622571E-07
vn -1 7.450581E-07 1.622571E-07
vn -1 -7.152557E-07 0
vn -1 2.205372E-06 3.245142E-07
vn -3.57628E-07 1.192092E-07 -1
vn -3.57628E-07 1.192092E-07 -1
vn -2.384187E-07 2.384184E-07 -1
vn -4.768372E-07 0 -1
vn 1 0 -3.258414E-07
vn 1 0 -3.258414E-07
vn 1 0 -3.258414E-07
vn 1 0 -3.258414E-07
vn -3.258414E-07 0 -1
vn -3.258414E-07 0 -1
vn -3.258414E-07 0 -1
vn -3.258414E-07 0 -1
vn -1 0 3.178914E-07
vn -1 0 3.178914E-07
vn -1 0 3.178914E-07
vn -1 0 3.178914E-07
vn -2.384186E-07 0 -1
vn -2.384186E-07 0 -1
vn -2.384186E-07 0 -1
vn -2.384186E-07 0 -1
vn 1 0 -3.034418E-07
vn 1 0 -3.034418E-07
vn 1 0 -3.034418E-07
vn 1 0 -3.034418E-07
vn 4.768372E-07 0 1
vn 4.768372E-07 0 1
vn 4.768372E-07 0 1
vn 4.768372E-07 0 1
vn -1 0 3.178914E-07
vn -1 0 3.178914E-07
vn -1 0 3.178914E-07
vn -1 0 3.178914E-07
vn 3.576279E-07 0 1
vn 3.576279E-07 0 1
vn 3.576279E-07 0 1
vn 3.576279E-07 0 1
vn 1 0 -3.258414E-07
vn 1 0 -3.258414E-07
vn 1 0 -3.258414E-07
vn 1 0 -3.258414E-07
vn 0 0 1
vn 0 0 1
vn 0 0 1
vn 0 0 1
vn 1 0 0
vn 1 0 0
vn 1 0 0
vn 1 0 0
vn 0 0 1
vn 0 0 1
vn 0 0 1
vn 0 0 1
vn 0 0 1
vn 0 0 1
vn 0 0 1
vn 0 0 1
vn 1 0 0
vn 1 0 0
vn 1 0 0
vn 1 0 0
vn 0 0 1
vn 0 0 1
vn 0 0 1
vn 0 0 1
vn -1 0 0
vn -1 0 0
vn -1 0 0
vn -1 0 0
vn 0 0 1
vn 0 0 1
vn 0 0 1
vn 0 0 1
vn -1 0 0
vn -1 0 0
vn -1 0 0
vn -1 0 0
vn 0 0 1
vn 0 0 1
vn 0 0 1
vn 0 0 1
vn -1 0 0
vn -1 0 0
vn -1 0 0
vn -1 0 0
vn 0 0 1
vn 0 0 1
vn 0 0 1
vn 0 0 1
vn -1 0 0
vn -1 0 0
vn -1 0 0
vn -1 0 0
vn 0 0 -1
vn 0 0 -1
vn 0 0 -1
vn 0 0 -1
vn -1 0 0
vn -1 0 0
vn -1 0 0
vn -1 0 0
vn 0 0 -1
vn 0 0 -1
vn 0 0 -1
vn 0 0 -1
vn 1 0 0
vn 1 0 0
vn 1 0 0
vn 1 0 0
vn 0 0 1
vn 0 0 1
vn 0 0 1
vn 0 0 1
vn 1 0 0
vn 1 0 0
vn 1 0 0
vn 1 0 0
vn 0 0 1
vn 0 0 1
vn 0 0 1
vn 0 0 1
vn -1 0 0
vn -1 0 0
vn -1 0 0
vn -1 0 0
vn 0 0 1
vn 0 0 1
vn 0 0 1
vn 0 0 1
vn -1 0 0
vn -1 0 0
vn -1 0 0
vn -1 0 0
vn 1 0 3.258414E-07
vn 1 0 3.258414E-07
vn 1 0 3.258414E-07
vn 1 0 3.258414E-07
vn 1 0 1.327209E-09
vn 1 0 1.327209E-09
vn 1 0 1.327209E-09
vn 1 0 1.327209E-09
vn 3.258414E-07 0 -1
vn 3.258414E-07 0 -1
vn 3.258414E-07 0 -1
vn 3.258414E-07 0 -1
vn -1 0 -3.258414E-07
vn -1 0 -3.258414E-07
vn -1 0 -3.258414E-07
vn -1 0 -3.258414E-07
vn 3.258414E-07 0 -1
vn 3.258414E-07 0 -1
vn 3.258414E-07 0 -1
vn 3.258414E-07 0 -1
vn 1 0 3.258414E-07
vn 1 0 3.258414E-07
vn 1 0 3.258414E-07
vn 1 0 3.258414E-07
vn 3.258414E-07 0 -1
vn 3.258414E-07 0 -1
vn 3.258414E-07 0 -1
vn 3.258414E-07 0 -1
vn -1 0 -3.258414E-07
vn -1 0 -3.258414E-07
vn -1 0 -3.258414E-07
vn -1 0 -3.258414E-07
vn -3.258414E-07 0 1
vn -3.258414E-07 0 1
vn -3.258414E-07 0 1
vn -3.258414E-07 0 1
vn 1 0 3.258414E-07
vn 1 0 3.258414E-07
vn 1 0 3.258414E-07
vn 1 0 3.258414E-07
vn -3.258414E-07 0 1
vn -3.258414E-07 0 1
vn -3.258414E-07 0 1
vn -3.258414E-07 0 1
vn -1 0 -3.258414E-07
vn -1 0 -3.258414E-07
vn -1 0 -3.258414E-07
vn -1 0 -3.258414E-07
vn -3.258414E-07 0 1
vn -3.258414E-07 0 1
vn -3.258414E-07 0 1
vn -3.258414E-07 0 1
vn 3.258414E-07 0 -1
vn 3.258414E-07 0 -1
vn 3.258414E-07 0 -1
vn 3.258414E-07 0 -1
vn -1 0 -2.842171E-14
vn -1 0 -2.842171E-14
vn -1 0 -2.842171E-14
vn -1 0 -2.842171E-14
vn -3.178653E-08 0 -1
vn -3.178653E-08 0 -1
vn -3.178653E-08 0 -1
vn -3.178653E-08 0 -1
vn 1 0 7.94995E-09
vn 1 0 7.94995E-09
vn 1 0 7.94995E-09
vn 1 0 7.94995E-09
vn -1.509958E-07 0 -1
vn -1.509958E-07 0 -1
vn -1.509958E-07 0 -1
vn -1.509958E-07 0 -1
vn -1 0 -2.239958E-08
vn -1 0 -2.239958E-08
vn -1 0 -2.239958E-08
vn -1 0 -2.239958E-08
vn -8.742282E-08 0 1
vn -8.742282E-08 0 1
vn -8.742282E-08 0 1
vn -8.742282E-08 0 1
vn 1 0 7.94995E-09
vn 1 0 7.94995E-09
vn 1 0 7.94995E-09
vn 1 0 7.94995E-09
vn -2.842171E-14 0 1
vn -2.842171E-14 0 1
vn -2.842171E-14 0 1
vn -2.842171E-14 0 1
vn -1 0 -2.842171E-14
vn -1 0 -2.842171E-14
vn -1 0 -2.842171E-14
vn -1 0 -2.842171E-14
vn 1.509958E-07 0 1
vn 1.509958E-07 0 1
vn 1.509958E-07 0 1
vn 1.509958E-07 0 1
vn 1 7.450581E-07 1.635843E-07
vn 1 7.450581E-07 1.635843E-07
vn 1 -7.152557E-07 3.258414E-07
vn 1 2.205372E-06 1.327209E-09
vn 3.178658E-08 1.192092E-07 1
vn 3.178658E-08 1.192092E-07 1
vn -8.742265E-08 2.384184E-07 1
vn 1.509958E-07 0 1
vn -1 0 -2.842171E-14
vn -1 0 -2.842171E-14
vn -1 0 -2.842171E-14
vn -1 0 -2.842171E-14
vn -2.842171E-14 0 1
vn -2.842171E-14 0 1
vn -2.842171E-14 0 1
vn -2.842171E-14 0 1
vn 1 0 7.94995E-09
vn 1 0 7.94995E-09
vn 1 0 7.94995E-09
vn 1 0 7.94995E-09
vn -8.742282E-08 0 1
vn -8.742282E-08 0 1
vn -8.742282E-08 0 1
vn -8.742282E-08 0 1
vn -1 0 -2.239958E-08
vn -1 0 -2.239958E-08
vn -1 0 -2.239958E-08
vn -1 0 -2.239958E-08
vn -1.509958E-07 0 -1
vn -1.509958E-07 0 -1
vn -1.509958E-07 0 -1
vn -1.509958E-07 0 -1
vn 1 0 7.94995E-09
vn 1 0 7.94995E-09
vn 1 0 7.94995E-09
vn 1 0 7.94995E-09
vn -3.178653E-08 0 -1
vn -3.178653E-08 0 -1
vn -3.178653E-08 0 -1
vn -3.178653E-08 0 -1
vn -1 0 -2.842171E-14
vn -1 0 -2.842171E-14
vn -1 0 -2.842171E-14
vn -1 0 -2.842171E-14
vn 3.258414E-07 0 -1
vn 3.258414E-07 0 -1
vn 3.258414E-07 0 -1
vn 3.258414E-07 0 -1
vn 0 0 -1
vn 0 0 -1
vn 0 0 -1
vn 0 0 -1
vn 0 0 -1
vn 0 0 -1
vn 0 0 -1
vn 0 0 -1
vn 0 0 -1
vn 0 0 -1
vn 0 0 -1
vn 0 0 -1
vn 0 0 -1
vn 0 0 -1
vn 0 0 -1
vn 0 0 -1
vn 0 0 -1
vn 0 0 -1
vn 0 0 -1
vn 0 0 -1
vn -1 0 0
vn -1 0 0
vn -1 0 0
vn -1 0 0
vn -1 0 0
vn -1 0 0
vn -1 0 0
vn -1 0 0
vn 0 0 -1
vn 0 0 -1
vn 0 0 -1
vn 0 0 -1
vn 0 0 -1
vn 0 0 -1
vn 0 0 -1
vn 0 0 -1
vn 0 0 -1
vn 0 0 -1
vn 0 0 -1
vn 0 0 -1
vn -1 0 0
vn -1 0 0
vn -1 0 0
vn -1 0 0
vn 0 0 -1
vn 0 0 -1
vn 0 0 -1
vn 0 0 -1
vn 0 0 1
vn 0 0 1
vn 0 0 1
vn 0 0 1
vn 0 0 1
vn 0 0 1
vn 0 0 1
vn 0 0 1
vn 0 0 1
vn 0 0 1
vn 0 0 1
vn 0 0 1
vn 0 0 -1
vn 0 0 -1
vn 0 0 -1
vn 0 0 -1
vn 1 0 0
vn 1 0 0
vn 1 0 0
vn 1 0 0
vn -1 0 0
vn -1 0 0
vn -1 0 0
vn -1 0 0
vn 1 0 0
vn 1 0 0
vn 1 0 0
vn 1 0 0
vn 0 0 1
vn 0 0 1
vn 0 0 1
vn 0 0 1
vn 0 0 1
vn 0 0 1
vn 0 0 1
vn 0 0 1
vn 1 0 0
vn 1 0 0
vn 1 0 0
vn 1 0 0
vn 0 0 1
vn 0 0 1
vn 0 0 1
vn 0 0 1
vn -1 0 0
vn -1 0 0
vn -1 0 0
vn -1 0 0
vn 0 0 1
vn 0 0 1
vn 0 0 1
vn 0 0 1
vn -1 0 0
vn -1 0 0
vn -1 0 0
vn -1 0 0
vn 0 0 1
vn 0 0 1
vn 0 0 1
vn 0 0 1
vn -1 0 0
vn -1 0 0
vn -1 0 0
vn -1 0 0
vn 0 0 1
vn 0 0 1
vn 0 0 1
vn 0 0 1
vn -1 0 0
vn -1 0 0
vn -1 0 0
vn -1 0 0
vn 1 0 0
vn 1 0 0
vn 1 0 0
vn 1 0 0
vn 0 0 -1
vn 0 0 -1
vn 0 0 -1
vn 0 0 -1
vn -1 0 0
vn -1 0 0
vn -1 0 0
vn -1 0 0
vn 0 0 -1
vn 0 0 -1
vn 0 0 -1
vn 0 0 -1
vn 0 0 1
vn 0 0 1
vn 0 0 1
vn 0 0 1
vn 1 0 0
vn 1 0 0
vn 1 0 0
vn 1 0 0
vn 0 0 1
vn 0 0 1
vn 0 0 1
vn 0 0 1
vn -1 0 0
vn -1 0 0
vn -1 0 0
vn -1 0 0
vn 0 0 1
vn 0 0 1
vn 0 0 1
vn 0 0 1
vn -1 0 0
vn -1 0 0
vn -1 0 0
vn -1 0 0
vn -1 0 0
vn -1 0 0
vn -1 0 0
vn -1 0 0
vn 0 0 1
vn 0 0 1
vn 0 0 1
vn 0 0 1
vn 0 0 1
vn 0 0 1
vn 0 0 1
vn 0 0 1
vn -1 0 0
vn -1 0 0
vn -1 0 0
vn -1 0 0
vn 0 0 1
vn 0 0 1
vn 0 0 1
vn 0 0 1
vn 1 0 0
vn 1 0 0
vn 1 0 0
vn 1 0 0
vn 0 0 1
vn 0 0 1
vn 0 0 1
vn 0 0 1
vn 1 0 0
vn 1 0 0
vn 1 0 0
vn 1 0 0
vn -1 0 0
vn -1 0 0
vn -1 0 0
vn -1 0 0
vn 0 0 1
vn 0 0 1
vn 0 0 1
vn 0 0 1
vn 1 0 0
vn 1 0 0
vn 1 0 0
vn 1 0 0
vn 0 0 1
vn 0 0 1
vn 0 0 1
vn 0 0 1
vn 1 0 0
vn 1 0 0
vn 1 0 0
vn 1 0 0
vn 0 0 -1
vn 0 0 -1
vn 0 0 -1
vn 0 0 -1
vn 1 0 0
vn 1 0 0
vn 1 0 0
vn 1 0 0
vn 0 0 -1
vn 0 0 -1
vn 0 0 -1
vn 0 0 -1
vn 0 0 1
vn 0 0 1
vn 0 0 1
vn 0 0 1
vn -1 0 0
vn -1 0 0
vn -1 0 0
vn -1 0 0
vn 0 0 1
vn 0 0 1
vn 0 0 1
vn 0 0 1
vn 1 0 0
vn 1 0 0
vn 1 0 0
vn 1 0 0
vn 0 0 1
vn 0 0 1
vn 0 0 1
vn 0 0 1
vn 1 0 0
vn 1 0 0
vn 1 0 0
vn 1 0 0
vn 0 0 1
vn 0 0 1
vn 0 0 1
vn 0 0 1
vn 0 1 0
vn 0 1 0
vn 0 1 0
vn 0 1 0
vn 0 -1 0
vn 0 -1 0
vn 0 -1 0
vn 0 -1 0
vn 0 -1 0
vn 0 -1 0
vn 0 -1 0
vn 0 -1 0
vn 0 1 0
vn 0 1 0
vn 0 1 0
vn 0 -1 0
vn 0 -1 0
vn 0 -1 0
vn 0 -0.9999999 0
vn 0 -1 0
vn 0 -1 0
vn 0 -1 0
vn 0 -0.9999999 0
vn 0 -1 0
vn 0 -1 0
vn 0 -1 0
vn 0 -1 0
vn 0 -1 0
vn 0 -1 0
vn 0 -1 0
vn 0 -1 0
vn 0 -1 0
vn 0 -1 0
vn 0 -1 0
vn 0 -1 0
vn 0 -1 0
vn 0 -1 0
vn 0 -1 0
vn 0 -1 0
vn 0 -1 0
vn 0 -0.9999999 0
vn 0 -1 0
vn 0 -1 0
vn 0 -1 0
vn 0 -1 0
vn 0 1 0
vn 0 1 0
vn 0 1 0
vn 0 -1 0
vn 0 -1 0
vn 0 -1 0
vn 0 -1 0
vn 0 -1 0
vn 0 -1 0
vn 0 -1 0
vn 0 -1 0
vn 0 -1 0
vn 0 -0.9999999 0
vn 0 -1 0
vn 0 -1 0
vn 0 -1 0
vn 0 -1 0
vn 0 -0.9999999 0
vn 0 -1 0
vn 0 -1 0
vn 0 -1 0
vn 0 -1 0
vn 0 -1 0
vn 0 -1 0
vn 0 -1 0
vn 0 -1 0
vn 0 -1 0
vn 0 -1 0
vn 0 -1 0
vn 0 -1 0
vn 0 -1 0
vn 0 -1 0
vn 0 -1 0
vn 0 -1 0
vn 0 -1 0
vn 0 -1 0
vn 0 -1 0
vn 0 -1 0
vn 0 -1 0
vn 0 -1 0
vn 0 -1 0
vn 0 -1 0
vn 0 -1 0
vn 0 -1 0
vn 0 -1 0
vn 0 -1 0
vn 0 -1 0
vn 0 -1 0
vn 0 -1 0
vn 0 -1 0
vn 0 -1 0
vn 0 -1 0
vn 0 -1 0
vn 0 -1 0
vn 0 -1 0
vn 0 -1 0
vn 0 -1 0
vn 0 -1 0
vn 0 -1 0
vn 0 -1 0
vn 0 -1 0
vn 0 -1 0
vn 0 -1 0
vn 0 -1 0
vn 0 -1 0
vn 0 -1 0
vn 0 -1 0
vn 0 -1 0
vn 0 -1 0
vn 0 -1 0
vn 0 -1 0
vn 0 -1 0
vn 0 -0.9999999 0
vn 0 -1 0
vn 0 -1 0
vn 0 -1 0
vn 0 -1 0
vn 0 -1 0
vn 0 -1 0
vn 0 -1 0
vn 0 -1 0
vn 0 -1 0
vn 0 -1 0
vn 0 -1 0
vn 0 -1 0
vn 0 -1 0
vn 0 -1 0
vn 0 -1 0
vn 0 -1 0
vn 0 -1 0
vn 0 -1 0
vn 0 -1 0
vn 0 -1 0
vn 0 -1 0
vn 0 -1 0
vn 0 -1 0
vn 0 -1 0
vn 0 -1 0
vn 0 -1 0
vn 0 -1 0
vn 0 -1 0
vn 0 -1 0
vn 0 -1 0
vn 0 -1 0
vn 0 -1 0
vn 0 -1 0
vn 0 -1 0
vn 0 -1 0
vn 0 -1 0
vn 0 -1 0
vn 0 -1 0
vn 0 -1 0
vn 0 -1 0
vn 0 -1 0
vn 0 -1 0
vn 0 -1 0
vn 0 -1 0
vn 0 -1 0
vn 0 -1 0
vn 0 -1 0
vn 0 -1 0
vn 0 -1 0
vn 0 -1 0
vn 0 -1 0
vn 0 -1 0
vn 0 -1 0
vn 0 -1 0
vn 0 -1 0
vn 0 -1 0
vn 0 -1 0
vn 0 -1 0
vn 0 -1 0
vn 0 -1 0
vn 0 -1 0
vn 0 -1 0
vn 0 -1 0
vn 0 -1 0
vn 0 -1 0
vn 0 -1 0
vn 0 -1 0
vn 0 -1 0
vn 0 -1 0
vn 0 -1 0
vn 0 -1 0
vn 0 -1 0
vn 0 -1 0
vn 1 0 0
vn 1 0 0
vn 1 0 0
vn 1 0 0
vn 0 0 1
vn 0 0 1
vn 0 0 1
vn 0 0 1
vn 0 0 -1
vn 0 0 -1
vn 0 0 -1
vn 0 0 -1
vn -1 0 0
vn -1 0 0
vn -1 0 0
vn -1 0 0
vn 0 0 1
vn 0 0 1
vn 0 0 1
vn 0 0 1
vn 3.258414E-07 0 -1
vn 3.258414E-07 0 -1
vn 3.258414E-07 0 -1
vn 3.258414E-07 0 -1
vn 0 1 0
vn 0 1 0
vn 0 1 0
vn 0 1 0
vn 0 -1 0
vn 0 -1 0
vn 0 -1 0
vn 0 -1 0
vn 0 0 1
vn 0 0 1
vn 0 0 1
vn 0 0 1
vn -1 0 0
vn -1 0 0
vn -1 0 0
vn -1 0 0
vn 0 0 -1
vn 0 0 -1
vn 0 0 -1
vn 0 0 -1
vn 1 0 0
vn 1 0 0
vn 1 0 0
vn 1 0 0
vn 0 1 0
vn 0 1 0
vn 0 1 0
vn 0 1 0
vn 0 -1 1.986822E-08
vn 0 -1 1.986822E-08
vn 0 -1 1.986822E-08
vn 0 -1 1.986822E-08
vn 0 0 1
vn 0 0 1
vn 0 0 1
vn 0 0 1
vn 0 1 0
vn 0 1 0
vn 0 1 0
vn 0 1 0
vn 0 -1 0
vn 0 -1 0
vn 0 -1 0
vn 0 -1 0
vn 3.258414E-07 0 -1
vn 3.258414E-07 0 -1
vn 3.258414E-07 0 -1
vn 3.258414E-07 0 -1
vn 0 1 0
vn 0 1 0
vn 0 1 0
vn 0 1 0
vn 0 -1 0
vn 0 -1 0
vn 0 -1 0
vn 0 -1 0
vn 0 0 0.9999999
vn 0 0 0.9999999
vn 0 0 0.9999999
vn 0 0 0.9999999
vn -1 0 0
vn -1 0 0
vn -1 0 0
vn -1 0 0
vn 0 0 -0.9999999
vn 0 0 -0.9999999
vn 0 0 -0.9999999
vn 0 0 -0.9999999
vn 1 0 0
vn 1 0 0
vn 1 0 0
vn 1 0 0
vn 0 1 0
vn 0 1 0
vn 0 1 0
vn 0 1 0
vn 0 -1 0
vn 0 -1 0
vn 0 -1 0
vn 0 -1 0
vn 0 0 0.9999999
vn 0 0 0.9999999
vn 0 0 0.9999999
vn 0 0 0.9999999
vn -1 0 0
vn -1 0 0
vn -1 0 0
vn -1 0 0
vn 0 0 -0.9999999
vn 0 0 -0.9999999
vn 0 0 -0.9999999
vn 0 0 -0.9999999
vn 1 0 0
vn 1 0 0
vn 1 0 0
vn 1 0 0
vn 0 1 0
vn 0 1 0
vn 0 1 0
vn 0 1 0
vn 0 -1 0
vn 0 -1 0
vn 0 -1 0
vn 0 -1 0
vn 0 0 0.9999999
vn 0 0 0.9999999
vn 0 0 0.9999999
vn 0 0 0.9999999
vn -1 0 0
vn -1 0 0
vn -1 0 0
vn -1 0 0
vn 0 0 -0.9999999
vn 0 0 -0.9999999
vn 0 0 -0.9999999
vn 0 0 -0.9999999
vn 1 0 0
vn 1 0 0
vn 1 0 0
vn 1 0 0
vn 0 1 0
vn 0 1 0
vn 0 1 0
vn 0 1 0
vn 0 -1 0
vn 0 -1 0
vn 0 -1 0
vn 0 -1 0
vn 0 0 0.9999999
vn 0 0 0.9999999
vn 0 0 0.9999999
vn 0 0 0.9999999
vn -1 0 0
vn -1 0 0
vn -1 0 0
vn -1 0 0
vn 0 0 -0.9999999
vn 0 0 -0.9999999
vn 0 0 -0.9999999
vn 0 0 -0.9999999
vn 1 0 0
vn 1 0 0
vn 1 0 0
vn 1 0 0
vn 0 1 0
vn 0 1 0
vn 0 1 0
vn 0 1 0
vn 0 -1 0
vn 0 -1 0
vn 0 -1 0
vn 0 -1 0
vn 0 0 0.9999999
vn 0 0 0.9999999
vn 0 0 0.9999999
vn 0 0 0.9999999
vn -1 0 0
vn -1 0 0
vn -1 0 0
vn -1 0 0
vn 0 0 -0.9999999
vn 0 0 -0.9999999
vn 0 0 -0.9999999
vn 0 0 -0.9999999
vn 1 0 0
vn 1 0 0
vn 1 0 0
vn 1 0 0
vn 0 1 0
vn 0 1 0
vn 0 1 0
vn 0 1 0
vn 0 -1 0
vn 0 -1 0
vn 0 -1 0
vn 0 -1 0
vn 0 0 0.9999999
vn 0 0 0.9999999
vn 0 0 0.9999999
vn 0 0 0.9999999
vn -1 0 0
vn -1 0 0
vn -1 0 0
vn -1 0 0
vn 0 0 -0.9999999
vn 0 0 -0.9999999
vn 0 0 -0.9999999
vn 0 0 -0.9999999
vn 1 0 0
vn 1 0 0
vn 1 0 0
vn 1 0 0
vn 0 1 0
vn 0 1 0
vn 0 1 0
vn 0 1 0
vn 0 -1 0
vn 0 -1 0
vn 0 -1 0
vn 0 -1 0
vn 0 0 0.9999999
vn 0 0 0.9999999
vn 0 0 0.9999999
vn 0 0 0.9999999
vn -1 0 0
vn -1 0 0
vn -1 0 0
vn -1 0 0
vn 0 0 -0.9999999
vn 0 0 -0.9999999
vn 0 0 -0.9999999
vn 0 0 -0.9999999
vn 1 0 0
vn 1 0 0
vn 1 0 0
vn 1 0 0
vn 0 1 0
vn 0 1 0
vn 0 1 0
vn 0 1 0
vn 0 -1 0
vn 0 -1 0
vn 0 -1 0
vn 0 -1 0
vn 0 0 0.9999999
vn 0 0 0.9999999
vn 0 0 0.9999999
vn 0 0 0.9999999
vn -1 0 0
vn -1 0 0
vn -1 0 0
vn -1 0 0
vn 0 0 -0.9999999
vn 0 0 -0.9999999
vn 0 0 -0.9999999
vn 0 0 -0.9999999
vn 1 0 0
vn 1 0 0
vn 1 0 0
vn 1 0 0
vn 0 1 0
vn 0 1 0
vn 0 1 0
vn 0 1 0
vn 0 -1 0
vn 0 -1 0
vn 0 -1 0
vn 0 -1 0
vn 0 0 0.9999999
vn 0 0 0.9999999
vn 0 0 0.9999999
vn 0 0 0.9999999
vn -1 0 0
vn -1 0 0
vn -1 0 0
vn -1 0 0
vn 0 0 -0.9999999
vn 0 0 -0.9999999
vn 0 0 -0.9999999
vn 0 0 -0.9999999
vn 1 0 0
vn 1 0 0
vn 1 0 0
vn 1 0 0
vn 0 1 0
vn 0 1 0
vn 0 1 0
vn 0 1 0
vn 0 -1 0
vn 0 -1 0
vn 0 -1 0
vn 0 -1 0
vn 0 0 0.9999999
vn 0 0 0.9999999
vn 0 0 0.9999999
vn 0 0 0.9999999
vn -1 0 0
vn -1 0 0
vn -1 0 0
vn -1 0 0
vn 0 0 -0.9999999
vn 0 0 -0.9999999
vn 0 0 -0.9999999
vn 0 0 -0.9999999
vn 1 0 0
vn 1 0 0
vn 1 0 0
vn 1 0 0
vn 0 1 0
vn 0 1 0
vn 0 1 0
vn 0 1 0
vn 0 -1 0
vn 0 -1 0
vn 0 -1 0
vn 0 -1 0
vn 0 0 0.9999999
vn 0 0 0.9999999
vn 0 0 0.9999999
vn 0 0 0.9999999
vn -1 0 0
vn -1 0 0
vn -1 0 0
vn -1 0 0
vn 0 0 -0.9999999
vn 0 0 -0.9999999
vn 0 0 -0.9999999
vn 0 0 -0.9999999
vn 1 0 0
vn 1 0 0
vn 1 0 0
vn 1 0 0
vn 0 1 0
vn 0 1 0
vn 0 1 0
vn 0 1 0
vn 0 -1 0
vn 0 -1 0
vn 0 -1 0
vn 0 -1 0
vn 0 0 0.9999999
vn 0 0 0.9999999
vn 0 0 0.9999999
vn 0 0 0.9999999
vn -1 0 0
vn -1 0 0
vn -1 0 0
vn -1 0 0
vn 0 0 -0.9999999
vn 0 0 -0.9999999
vn 0 0 -0.9999999
vn 0 0 -0.9999999
vn 1 0 0
vn 1 0 0
vn 1 0 0
vn 1 0 0
vn 0 1 0
vn 0 1 0
vn 0 1 0
vn 0 1 0
vn 0 -1 0
vn 0 -1 0
vn 0 -1 0
vn 0 -1 0
vn 0 0 0.9999999
vn 0 0 0.9999999
vn 0 0 0.9999999
vn 0 0 0.9999999
vn -1 0 0
vn -1 0 0
vn -1 0 0
vn -1 0 0
vn 0 0 -0.9999999
vn 0 0 -0.9999999
vn 0 0 -0.9999999
vn 0 0 -0.9999999
vn 1 0 0
vn 1 0 0
vn 1 0 0
vn 1 0 0
vn 0 1 0
vn 0 1 0
vn 0 1 0
vn 0 1 0
vn 0 -1 0
vn 0 -1 0
vn 0 -1 0
vn 0 -1 0
vn 0 0 0.9999999
vn 0 0 0.9999999
vn 0 0 0.9999999
vn 0 0 0.9999999
vn -1 0 0
vn -1 0 0
vn -1 0 0
vn -1 0 0
vn 0 0 -0.9999999
vn 0 0 -0.9999999
vn 0 0 -0.9999999
vn 0 0 -0.9999999
vn 1 0 0
vn 1 0 0
vn 1 0 0
vn 1 0 0
vn 0 1 0
vn 0 1 0
vn 0 1 0
vn 0 1 0
vn 0 -1 0
vn 0 -1 0
vn 0 -1 0
vn 0 -1 0
vn 0 0 0.9999999
vn 0 0 0.9999999
vn 0 0 0.9999999
vn 0 0 0.9999999
vn -1 0 0
vn -1 0 0
vn -1 0 0
vn -1 0 0
vn 0 0 -0.9999999
vn 0 0 -0.9999999
vn 0 0 -0.9999999
vn 0 0 -0.9999999
vn 1 0 0
vn 1 0 0
vn 1 0 0
vn 1 0 0
vn 0 1 0
vn 0 1 0
vn 0 1 0
vn 0 1 0
vn 0 -1 0
vn 0 -1 0
vn 0 -1 0
vn 0 -1 0
vn 0 0 0.9999999
vn 0 0 0.9999999
vn 0 0 0.9999999
vn 0 0 0.9999999
vn -1 0 0
vn -1 0 0
vn -1 0 0
vn -1 0 0
vn 0 0 -0.9999999
vn 0 0 -0.9999999
vn 0 0 -0.9999999
vn 0 0 -0.9999999
vn 1 0 0
vn 1 0 0
vn 1 0 0
vn 1 0 0
vn 0 1 0
vn 0 1 0
vn 0 1 0
vn 0 1 0
vn 0 -1 0
vn 0 -1 0
vn 0 -1 0
vn 0 -1 0
vn 0 0 -1
vn 0 0 -1
vn 0 0 -1
vn 0 0 -1
vn 0 0 -1
vn 0 0 -1
vn 0 0 -1
vn 0 0 -1
vn 1 0 0
vn 1 0 0
vn 1 0 0
vn 1 0 0
vn 1 0 0
vn 1 0 0
vn 1 0 0
vn 1 0 0
vn 0 0 -1
vn 0 0 -1
vn 0 0 -1
vn 0 0 -1
vn 0 0 -1
vn 0 0 -1
vn 0 0 -1
vn 0 0 -1
vn 0 0 -1
vn 0 0 -1
vn 0 0 -1
vn 0 0 -1
vn 1 0 0
vn 1 0 0
vn 1 0 0
vn 1 0 0
vn 0 0 -1
vn 0 0 -1
vn 0 0 -1
vn 0 0 -1
vn 0 0 -1
vn 0 0 -1
vn 0 0 -1
vn 0 0 -1
vn 0 0 -1
vn 0 0 -1
vn 0 0 -1
vn 0 0 -1
vn 0 0 -1
vn 0 0 -1
vn 0 0 -1
vn 0 0 -1
vn 0 1 0
vn 0 1 0
vn 0 1 0
vn 0 1 0
vn 0 1 0
vn 0 1 0
vn 0 1 0
vn 0 1 0
vn 0 0.9999999 0
vn 0 0.9999999 0
vn 0 1 0
vn 0 1 0
vn 0 0.9999999 0
vn 0 1 0
vn 0 1 0
vn 0 1 0
vn 0 1 0
vn 0 1 0
vn 0 1 0
vn 0 1 0
vn 0 1 0
vn 0 1 0
vn 0 1 0
vn 0 1 0
vn 0 0.9999999 0
vn 0 1 0
vn 0 1 0
vn 0 1 0
vn 0 1 0
vn 0 1 0
vn 0 1 0
vn 0 1 0
vn 0 0.9999999 0
vn 0 0.9999999 0
vn 0 0.9999999 0
vn 0 0.9999999 0
vn 0 1 0
vn 0 1 0
vn 0 1 0
vn 0 1 0
vn 0 1 0
vn 0 1 0
vn 0 1 0
vn 0 1 0
vn 0 1 0
vn 0 1 0
vn 0 1 0
vn 0 1 0
vn 0 1 0
vn 0 0.9999999 0
vn 0 1 0
vn 0 0.9999999 0
vn 0 1 0
vn 0 1 0
vn 0 1 0
vn 0 1 0
vn 0 1 0
vn 0 1 0
vn 0 1 0
vn 0 1 0
vn 0 1 0
vn 0 1 0
vn 0 1 0
vn 0 1 0
vn 0 1 0
vn 0 1 0
vn 0 1 0
vn 0 1 0
vn 0 1 0
vn 0 1 0
vn 0 1 0
vn 0 1 0
vn 0 1 0
vn 0 1 0
vn 0 1 0
vn 0 1 0
vn 0 1 0
vn 0 1 0
vn 0 1 0
vn 0 1 0
vn 0 1 0
vn 0 1 0
vn 0 1 0
vn 0 1 0
vn 0 1 0
vn 0 1 0
vn 0 1 0
vn 0 1 0
vn 0 1 0
vn 0 1 0
vn 0 1 0
vn 0 1 0
vn 0 1 0
vn 0 1 0
vn 0 1 0
vn 0 1 0
vn 0 1 0
vn 0 1 0
vn 0 1 0
vn 0 1 0
vn 0 1 0
vn 0 1 0
vn 0 1 0
vn 0 1 0
vn 0 1 0
vn 0 1 0
vn 0 1 0
vn 0 1 0
vn 0 1 0
vn 0 1 0
vn 0 1 0
vn 0 1 0
vn 0 1 0
vn 0 1 0
vn 0 1 0
vn 0 1 0
vn 0 1 0
vn 0 1 0
vn 0 1 0
vn 0 1 0
vn 0 1 0
vn 0 1 0
vn 0 1 0
vn 0 1 0
vn 0 1 0
vn 0 1 0
vn 0 1 0
vn 0 1 0
vn 0 1 0
vn 0 1 0
vn 0 1 0
vn 0 1 0
vn 0 1 0
vn 0 1 0
vn 0 1 0
vn 0 0.9999999 0
vn 0 1 0
vn 0 1 0
vn 0 1 0
vn 0 1 0
vn 0 1 0
vn 0 1 0
vn 0 1 0
vn 0 1 0
vn 0 1 0
vn 0 1 0
vn 0 1 0
vn 0 1 0
vn 0 1 0
vn 0 1 0
vn 0 1 0
vn 0 1 0
vn 0 1 0
vn 0 1 0
vn -1 0 0
vn -1 0 0
vn -1 0 0
vn -1 0 0
vn 1 0 0
vn 1 0 0
vn 1 0 0
vn 1 0 0
vn 0 0 1
vn 0 0 1
vn 0 0 1
vn 0 0 1
vn 0 1 0
vn 0 1 0
vn 0 1 0
vn 0 1 0
vn 0 1 0
vn 0 1 0
vn 0 1 0
vn 0 1 0
vn 0 0 -1
vn 0 0 -1
vn 0 0 -1
vn 0 0 -1
vn 1 0 0
vn 1 0 0
vn 1 0 0
vn 1 0 0
vn -1 0 0
vn -1 0 0
vn -1 0 0
vn -1 0 0
vn 0 0 1
vn 0 0 1
vn 0 0 1
vn 0 0 1
vn 0 0 -1
vn 0 0 -1
vn 0 0 -1
vn 0 0 -1
vn 0 1 0
vn 0 1 0
vn 0 1 0
vn 0 1 0
vn 0 1 0
vn 0 1 0
vn 0 1 0
vn 0 1 0
vn 0 1 0
vn 0 1 0
vn 0 1 0
vn 0 1 0
vn 0 1 0
vn 0 1 0
vn 0 1 0
vn 0 1 0
vn 0 1 0
vn 0 1 0
vn 0 1 0
vn 0 1 0
vn 0 1 0
vn 0 1 0
vn 0 1 0
vn 0 1 0
vn 0 1 0
vn 0 1 0
vn 0 1 0
vn 0 1 0
vn 0 1 0
vn 0 1 0
vn 0 1 0
vn 0 1 0
vn 0 0.9999999 0
vn 0 0.9999999 0
vn 0 0.9999999 0
vn 0 0.9999999 0
vn 0 1 0
vn 0 1 0
vn 0 1 0
vn 0 1 0
vn 0 1 0
vn 0 1 0
vn 0 1 0
vn 0 1 0
vn 0 1 0
vn 0 1 0
vn 0 1 0
vn 0 1 0
vn 0 1 0
vn 0 1 0
vn 0 1 0
vn 0 1 0
vn 0 1 0
vn 0 1 0
vn 0 1 0
vn 0 1 0
vn 0 1 0
vn 0 1 0
vn 0 1 0
vn 0 1 0
vn 0 1 0
vn 0 1 0
vn 0 1 0
vn 0 1 0
vn 0 1 0
vn 0 1 0
vn 0 1 0
vn 0 1 0
vn 0 1 0
vn 0 1 0
vn 0 1 0
vn 0 0 1
vn 0 0 1
vn 0 0 1
vn 0 0 1
vn 1 0 0
vn 1 0 0
vn 1 0 0
vn 1 0 0
vn -1 0 0
vn -1 0 0
vn -1 0 0
vn -1 0 0
vn 0 1 0
vn 0 1 0
vn 0 1 0
vn 0 1 0
vn 1 0 0
vn 1 0 0
vn 1 0 0
vn 1 0 0
vn 1 0 0
vn 1 0 0
vn 1 0 0
vn 1 0 0
vn 0 0 -1
vn 0 0 -1
vn 0 0 -1
vn 0 0 -1
vn 0 0 -1
vn 0 0 -1
vn 0 0 -1
vn 0 0 -1
vn -1 0 0
vn -1 0 0
vn -1 0 0
vn -1 0 0
vn -1 0 0
vn -1 0 0
vn -1 0 0
vn -1 0 0
vn 1 0 0
vn 1 0 0
vn 1 0 0
vn 1 0 0
vn 0 0 -1
vn 0 0 -1
vn 0 0 -1
vn 0 0 -1
vn -1 0 0
vn -1 0 0
vn -1 0 0
vn -1 0 0
vn 1 0 0
vn 1 0 0
vn 1 0 0
vn 1 0 0
vn 1 0 0
vn 1 0 0
vn 1 0 0
vn 1 0 0
vn 0 0 1
vn 0 0 1
vn 0 0 1
vn 0 0 1
vn 0 0 1
vn 0 0 1
vn 0 0 1
vn 0 0 1
vn 1 0 0
vn 1 0 0
vn 1 0 0
vn 1 0 0
vn 0 0 1
vn 0 0 1
vn 0 0 1
vn 0 0 1
vn -1 0 0
vn -1 0 0
vn -1 0 0
vn -1 0 0
vn -1 0 0
vn -1 0 0
vn -1 0 0
vn -1 0 0
vn 0 0 -1
vn 0 0 -1
vn 0 0 -1
vn 0 0 -1
vn 0 0 1
vn 0 0 1
vn 0 0 1
vn 0 0 1
vn 0 0 -1
vn 0 0 -1
vn 0 0 -1
vn 0 0 -1
vn 0 0 1
vn 0 0 1
vn 0 0 1
vn 0 0 1
vn -1 0 0
vn -1 0 0
vn -1 0 0
vn -1 0 0
vn 0 0 -1
vn 0 0 -1
vn 0 0 -1
vn 0 0 -1
vn 1 0 0
vn 1 0 0
vn 1 0 0
vn 1 0 0
vn 0 0 1
vn 0 0 1
vn 0 0 1
vn 0 0 1
vn 1 0 0
vn 1 0 0
vn 1 0 0
vn 1 0 0
vn 0 0 1
vn 0 0 1
vn 0 0 1
vn 0 0 1
vn 1 0 0
vn 1 0 0
vn 1 0 0
vn 1 0 0
vn 0 0 -1
vn 0 0 -1
vn 0 0 -1
vn 0 0 -1
vn 0 1 0
vn 0 1 0
vn 0 1 0
vn 0 1 0
vn 0.9999999 0 -1.192093E-07
vn 0.9999999 0 -1.192093E-07
vn 0.9999999 0 -1.192093E-07
vn 0.9999999 0 -1.192093E-07
vn -1.192093E-07 0 0.9999999
vn -1.192093E-07 0 0.9999999
vn -1.192093E-07 0 0.9999999
vn -1.192093E-07 0 0.9999999
vn 0 1 0
vn 0 1 0
vn 0 1 0
vn 0 1 0
vn 0 0 1
vn 0 0 1
vn 0 0 1
vn 0 0 1
vn -1 0 0
vn -1 0 0
vn -1 0 0
vn -1 0 0
vn 1 0 0
vn 1 0 0
vn 1 0 0
vn 1 0 0
vn 0 1 0
vn 0 1 0
vn 0 1 0
vn 0 1 0
vn -0.9999999 0 -1.192093E-07
vn -0.9999999 0 -1.192093E-07
vn -0.9999999 0 -1.192093E-07
vn -0.9999999 0 -1.192093E-07
vn -1.192093E-07 0 0.9999999
vn -1.192093E-07 0 0.9999999
vn -1.192093E-07 0 0.9999999
vn -1.192093E-07 0 0.9999999
vn 0 1 0
vn 0 1 0
vn 0 1 0
vn 0 1 0
vn 0 0 1
vn 0 0 1
vn 0 0 1
vn 0 0 1
vn 0 0 -1
vn 0 0 -1
vn 0 0 -1
vn 0 0 -1
vn 1 0 0
vn 1 0 0
vn 1 0 0
vn 1 0 0
vn 0 1 0
vn 0 1 0
vn 0 1 0
vn 0 1 0
vn 0 0 1
vn 0 0 1
vn 0 0 1
vn 0 0 1
vn 0 0 -1
vn 0 0 -1
vn 0 0 -1
vn 0 0 -1
vn 1 0 0
vn 1 0 0
vn 1 0 0
vn 1 0 0
vn 0 1 0
vn 0 1 0
vn 0 1 0
vn 0 1 0

vt 1 0
vt 0 0
vt 1 2
vt 0 2
vt 0 1
vt 1 0
vt 0 0
vt 1 1
vt 1 1
vt 0 0
vt 0 1
vt 1 0
vt 1 1
vt 0 0
vt 0 1
vt 1 0
vt 1 0
vt 0 2
vt 1 2
vt 0 0
vt 1 0
vt 0 2
vt 1 2
vt 0 0
vt 0 1
vt 1 0
vt 0 0
vt 1 1
vt 1 1
vt 0 0
vt 0 1
vt 1 0
vt 1 1
vt 0 0
vt 0 1
vt 1 0
vt 1 1
vt 0 0
vt 0 1
vt 1 0
vt 0 0
vt 3 2
vt 3 0
vt 0 2
vt 0 0
vt 1 2
vt 1 0
vt 0 2
vt 0 0
vt 3 2
vt 3 0
vt 0 2
vt 0 1
vt 3 0
vt 0 0
vt 3 1
vt 1 1
vt 0 0
vt 0 1
vt 1 0
vt 0 0
vt 23 1
vt 23 0
vt 0 1
vt 0 0
vt 23 2
vt 23 0
vt 0 2
vt 0 0
vt 16 2
vt 16 0
vt 0 2
vt 0 0
vt 16 1
vt 16 0
vt 0 1
vt 0 0
vt 23 1
vt 23 0
vt 0 1
vt 0 0
vt 16 1
vt 16 0
vt 0 1
vt 1 0
vt 0 0
vt 1 2
vt 0 2
vt 0 1
vt 1 0
vt 0 0
vt 1 1
vt 1 1
vt 0 0
vt 0 1
vt 1 0
vt 1 1
vt 0 0
vt 0 1
vt 1 0
vt 1 0
vt 0 2
vt 1 2
vt 0 0
vt 1 0
vt 0 2
vt 1 2
vt 0 0
vt 0 1
vt 1 0
vt 0 0
vt 1 1
vt 1 1
vt 0 0
vt 0 1
vt 1 0
vt 1 1
vt 0 0
vt 0 1
vt 1 0
vt 1 1
vt 0 0
vt 0 1
vt 1 0
vt 0 0
vt 3 2
vt 3 0
vt 0 2
vt 0 0
vt 1 2
vt 1 0
vt 0 2
vt 0 0
vt 3 2
vt 3 0
vt 0 2
vt 0 1
vt 3 0
vt 0 0
vt 3 1
vt 1 1
vt 0 0
vt 0 1
vt 1 0
vt 0 2
vt 9 2
vt 0 0
vt 9 0
vt 0 1
vt 9 0
vt 0 0
vt 9 1
vt 1 2
vt 0 0
vt 0 2
vt 1 0
vt 2 2
vt 0 0
vt 0 2
vt 2 0
vt 4 2
vt 0 0
vt 0 2
vt 4 0
vt 3 2
vt 0 0
vt 0 2
vt 3 0
vt 1 2
vt 0 0
vt 0 2
vt 1 0
vt 11 2
vt 0 0
vt 0 2
vt 11 0
vt 1 2
vt 0 0
vt 0 2
vt 1 0
vt 3 2
vt 0 0
vt 0 2
vt 3 0
vt 4 2
vt 0 0
vt 0 2
vt 4 0
vt 2 2
vt 0 0
vt 0 2
vt 2 0
vt 1 2
vt 0 0
vt 0 2
vt 1 0
vt 1 1
vt 0 0
vt 0 1
vt 1 0
vt 2 1
vt 0 0
vt 0 1
vt 2 0
vt 4 1
vt 0 0
vt 0 1
vt 4 0
vt 3 1
vt 0 0
vt 0 1
vt 3 0
vt 1 1
vt 0 0
vt 0 1
vt 1 0
vt 11 1
vt 0 0
vt 0 1
vt 11 0
vt 1 1
vt 0 0
vt 0 1
vt 1 0
vt 3 1
vt 0 0
vt 0 1
vt 3 0
vt 4 1
vt 0 0
vt 0 1
vt 4 0
vt 2 1
vt -5.960464E-08 0
vt -5.960464E-08 1
vt 2 0
vt 1 1
vt 0 0
vt 0 1
vt 1 0
vt 0 1
vt 9 0
vt 0 0
vt 9 1
vt 0 0
vt 1 1
vt 0.9999993 0
vt 0 1
vt -5.960464E-08 0
vt 2 1
vt 2 0
vt -5.960464E-08 1
vt 0 0
vt 4 1
vt 4 0
vt 0 1
vt 0 0
vt 3 1
vt 3 0
vt 0 1
vt 0 0
vt 1 1
vt 1 0
vt 0 1
vt 0 0
vt 11 1
vt 11 0
vt 0 1
vt 0 0
vt 1 1
vt 1 0
vt 0 1
vt 0 0
vt 3 1
vt 3 0
vt 0 1
vt 0 0
vt 4 1
vt 4 0
vt 0 1
vt 0 0
vt 2 1
vt 2 0
vt 0 1
vt 0 0
vt 1 1
vt 1 0
vt 0 1
vt 3 0
vt 0 0
vt 3 2
vt 0 2
vt 1 2
vt 0 0
vt 0 2
vt 1 0
vt 0 1
vt 1 0
vt 0 0
vt 1 1
vt 0 0
vt 3 1
vt 3 0
vt 0 1
vt 0 0
vt 1 2
vt 1 0
vt 0 2
vt 0 0
vt 2 2
vt 2 0
vt 0 2
vt 0 0
vt 6 2
vt 6 0
vt 0 2
vt 0 0
vt 1 2
vt 1 0
vt 0 2
vt 0 0
vt 1 1
vt 1 0
vt 0 1
vt 0 0
vt 2 1
vt 2 0
vt 0 1
vt 0 0
vt 6 1
vt 6 0
vt 0 1
vt 0 0
vt 1 1
vt 1 0
vt 0 1
vt 0 0
vt 6 4
vt 6 0
vt 0 4
vt 0 0
vt 2 4
vt 2 0
vt 0 4
vt 0 0
vt 2 4
vt 2 0
vt 0 4
vt 2 4
vt 0 0
vt 0 4
vt 2 0
vt 0 1
vt 1 0
vt 0 0
vt 1 1
vt 0 1
vt 3 0
vt 0 0
vt 3 1
vt 0 1
vt 1 0
vt 0 0
vt 1 1
vt 0 1
vt 2 0
vt 0 0
vt 2 1
vt 0 1
vt 6 0
vt 0 0
vt 6 1
vt 0 1
vt 1 0
vt 0 0
vt 1 1
vt 0 2
vt 9 2
vt 0 0
vt 9 0
vt 0 1
vt 9 0
vt 0 0
vt 9 1
vt 1 2
vt 0 0
vt 0 2
vt 1 0
vt 2 2
vt 0 0
vt 0 2
vt 2 0
vt 4 2
vt 0 0
vt 0 2
vt 4 0
vt 3 2
vt 0 0
vt 0 2
vt 3 0
vt 1 2
vt 0 0
vt 0 2
vt 1 0
vt 11 2
vt 0 0
vt 0 2
vt 11 0
vt 1 2
vt 0 0
vt 0 2
vt 1 0
vt 3 2
vt 0 0
vt 0 2
vt 3 0
vt 4 2
vt 0 0
vt 0 2
vt 4 0
vt 2 2
vt 0 0
vt 0 2
vt 2 0
vt 1 2
vt 0 0
vt 0 2
vt 1 0
vt 1 1
vt 0 0
vt 0 1
vt 1 0
vt 2 1
vt 0 0
vt 0 1
vt 2 0
vt 4 1
vt 0 0
vt 0 1
vt 4 0
vt 3 1
vt 0 0
vt 0 1
vt 3 0
vt 1 1
vt 0 0
vt 0 1
vt 1 0
vt 11 1
vt 0 0
vt 0 1
vt 11 0
vt 1 1
vt 0 0
vt 0 1
vt 1 0
vt 3 1
vt 0 0
vt 0 1
vt 3 0
vt 4 1
vt 0 0
vt 0 1
vt 4 0
vt 2 1
vt -5.960464E-08 0
vt -5.960464E-08 1
vt 2 0
vt 1 1
vt 0 0
vt 0 1
vt 1 0
vt 0 1
vt 9 0
vt 0 0
vt 9 1
vt 0 0
vt 1 1
vt 0.9999993 0
vt 0 1
vt -5.960464E-08 0
vt 2 1
vt 2 0
vt -5.960464E-08 1
vt 0 0
vt 4 1
vt 4 0
vt 0 1
vt 0 0
vt 3 1
vt 3 0
vt 0 1
vt 0 0
vt 1 1
vt 1 0
vt 0 1
vt 0 0
vt 11 1
vt 11 0
vt 0 1
vt 0 0
vt 1 1
vt 1 0
vt 0 1
vt 0 0
vt 3 1
vt 3 0
vt 0 1
vt 0 0
vt 4 1
vt 4 0
vt 0 1
vt 0 0
vt 2 1
vt 2 0
vt 0 1
vt 0 0
vt 1 1
vt 1 0
vt 0 1
vt 0 0
vt 1 2
vt 1 0
vt 0 2
vt 0 0
vt 1 1
vt 1 0
vt 0 1
vt 0 0
vt 1 1
vt 1 0
vt 0 1
vt 0 0
vt 5 1
vt 5 0
vt 0 1
vt 0 0
vt 5 2
vt 5 0
vt 0 2
vt 0 0
vt 2 1
vt 2 0
vt 0 1
vt 0 0
vt 2 2
vt 2 0
vt 0 2
vt 0 0
vt 6 1
vt 6 0
vt 0 1
vt 0 0
vt 6 2
vt 6 0
vt 0 2
vt 0 0
vt 5 1
vt 5 0
vt 0 1
vt 0 0
vt 2 1
vt 2 0
vt 0 1
vt 0 0
vt 6 1
vt 6 0
vt 0 1
vt 3 0
vt 0 0
vt 3 2
vt 0 2
vt 3 0
vt 0 0
vt 3 1
vt 0 1
vt 3 0
vt 0 0
vt 3 1
vt 0 1
vt 3 0
vt 0 0
vt 3 4
vt 0 4
vt 0 0
vt 1 4
vt 1 0
vt 0 4
vt 1 4
vt 0 0
vt 0 4
vt 1 0
vt 3 0
vt 0 0
vt 3 2
vt 0 2
vt 1 2
vt 0 0
vt 0 2
vt 1 0
vt 0 1
vt 1 0
vt 0 0
vt 1 1
vt 0 0
vt 3 1
vt 3 0
vt 0 1
vt 0 0
vt 1 2
vt 1 0
vt 0 2
vt 0 0
vt 2 2
vt 2 0
vt 0 2
vt 0 0
vt 6 2
vt 6 0
vt 0 2
vt 0 0
vt 1 2
vt 1 0
vt 0 2
vt 0 0
vt 1 1
vt 1 0
vt 0 1
vt 0 0
vt 2 1
vt 2 0
vt 0 1
vt 0 0
vt 6 1
vt 6 0
vt 0 1
vt 0 0
vt 1 1
vt 1 0
vt 0 1
vt 2 4
vt 0 0
vt 0 4
vt 2 0
vt 0 0
vt 6 4
vt 6 0
vt 0 4
vt 0 0
vt 2 4
vt 2 0
vt 0 4
vt 0 0
vt 2 4
vt 2 0
vt 0 4
vt 0 1
vt 1 0
vt 0 0
vt 1 1
vt 0 1
vt 3 0
vt 0 0
vt 3 1
vt 0 1
vt 1 0
vt 0 0
vt 1 1
vt 0 1
vt 2 0
vt 0 0
vt 2 1
vt 0 1
vt 6 0
vt 0 0
vt 6 1
vt 0 1
vt 1 0
vt 0 0
vt 1 1
vt 0 2
vt 3 2
vt 3 0
vt 0 0
vt 1 0
vt 0 0
vt 0 2
vt 1 2
vt 0 0
vt 0 1
vt 1 1
vt 1 0
vt 0 1
vt 3 1
vt 3 0
vt 0 0
vt 0 2
vt 1 2
vt 1 0
vt 0 0
vt 0 2
vt 2 2
vt 2 0
vt 0 0
vt 0 2
vt 6 2
vt 6 0
vt 0 0
vt 0 2
vt 1 2
vt 1 0
vt 0 0
vt 2 0
vt 0 0
vt 0 4
vt 2 4
vt 0 1
vt 1 1
vt 1 0
vt 0 0
vt 0 1
vt 2 1
vt 2 0
vt 0 0
vt 0 1
vt 6 1
vt 6 0
vt 0 0
vt 0 1
vt 1 1
vt 1 0
vt 0 0
vt 0 4
vt 6 4
vt 6 0
vt 0 0
vt 0 4
vt 2 4
vt 2 0
vt 0 0
vt 0 4
vt 2 4
vt 2 0
vt 0 0
vt 0 0
vt 0 1
vt 1 1
vt 1 0
vt 0 0
vt 0 1
vt 3 1
vt 3 0
vt 0 0
vt 0 1
vt 1 1
vt 1 0
vt 0 0
vt 0 1
vt 2 1
vt 2 0
vt 0 0
vt 0 1
vt 6 1
vt 6 0
vt 0 0
vt 0 1
vt 1 1
vt 1 0
vt 4 0.2244802
vt 0 0.2244802
vt 4 0.3244802
vt 0 0.3244802
vt 0 1
vt 4 1
vt 0 0
vt 4 0
vt 4 0
vt 0 0
vt 4 1
vt 0 1
vt 9.536743E-06 0
vt 2 2.000009
vt 2.00001 9.059906E-06
vt 0 2
vt 3.999981 0
vt 0 4.000019
vt 4.000019 4.673004E-05
vt 3.999981 0
vt 4 4
vt 0 4.000019
vt 0 0
vt 10.00003 2
vt 10.00004 0
vt 4.000019 3.999972
vt 10.00002 4
vt 1.430511E-05 0
vt 1 3.000005
vt 1.000014 4.649162E-06
vt 0 3
vt 9.999982 7.000047
vt 9.99999 5.000047
vt 5.999981 7.000028
vt 10 2.000047
vt 6.000013 2.813339E-05
vt 10.00001 4.673004E-05
vt 1.525879E-05 2.384186E-07
vt 0 4.673004E-05
vt 4.000013 1.883507E-05
vt 4.999996 4.000023
vt 5.999996 4.000028
vt 6.000013 2.813339E-05
vt 0 18
vt 4.999945 14.99998
vt 4.000004 1.859665E-05
vt 3.814697E-06 0
vt 3.999998 1.000018
vt 0 0.9999998
vt 5.000013 2.999976
vt 0 0
vt 4.999945 3.000023
vt 5.000013 2.999976
vt 1.335144E-05 3
vt 0 0
vt 1.000013 4.768372E-06
vt 1 3.000005
vt 1.335144E-05 0
vt 1 3.000005
vt 1.000013 4.768372E-06
vt 0 3
vt 1.335144E-05 3.000001
vt 4.000017 2.000019
vt 4.000027 1.907349E-05
vt 2.670288E-05 9.536743E-07
vt 4.000004 5.000019
vt 0 6.000001
vt 3.999999 6.000019
vt 0 2
vt 4.00001 1.907349E-05
vt 1.144409E-05 9.536743E-07
vt 4.000001 2.000019
vt 0 2
vt 1.000079 2
vt 1.000079 0
vt 9.536743E-06 0
vt 0 0
vt 0 17
vt 1 17
vt 1 5
vt 7 0
vt 4 0
vt 0 1
vt 11 1
vt 0 2
vt 2 2
vt 2 0
vt 0 0
vt 0 4
vt 4 4
vt 4 0
vt 0 2
vt 0 4
vt 6 4
vt 10 0
vt 0 0
vt 5 3
vt 4 0
vt 4 1
vt 5 6
vt 5 0
vt 0 0
vt 0 3
vt 1 3
vt 1 0
vt 0 0
vt 29 4.673004E-05
vt 25 4.673004E-05
vt 25 2.000047
vt 25 5.000047
vt 29 7.000047
vt 25 7.000047
vt 29 4.000047
vt 31 4.673004E-05
vt 30 4.000047
vt 35 4.673004E-05
vt 30.99998 1.000046
vt 34.99998 1.000046
vt 34.99998 4.62532E-05
vt 30.99998 4.62532E-05
vt 0 4
vt 0 15
vt 5 18
vt 5 0
vt 0 0
vt 0 3
vt 5 3
vt 24.00007 2.288818E-05
vt 24.00007 3.000023
vt 25.00007 3.000023
vt 25.00007 2.288818E-05
vt 0 3
vt 1 3
vt 1 0
vt 0 0
vt 19.00007 6.000019
vt 23.00007 3.000019
vt 19.00007 5.000019
vt 23.00007 6.000019
vt 19.00007 2.000019
vt 19.00007 1.907349E-05
vt 23.00007 1.907349E-05
vt 0 0
vt 0 2
vt 4 2
vt 4 0
vt 1 0
vt 0 0
vt 0 2
vt 1 2
vt 0 2
vt 1 2
vt 0 0
vt 1 0
vt 2 4
vt 4 3
vt 0 0
vt 0 4
vt 4 0
vt 4 4
vt 3 0
vt 1 0
vt 1 1
vt 5 0
vt 0 3
vt 0 6
vt 0 0
vt 0 3
vt 4 2
vt 4 0
vt 0 0
vt 0 1
vt 4 2
vt 4 0
vt 0 2
vt 3 0
vt 0 0
vt 0 3
vt 3 3
vt 1 0
vt 0 0
vt 0 2
vt 1 2
vt 1 0
vt 0 5
vt 1 17
vt 0 17
vt 1 1
vt 1 0
vt 0 0
vt 0 1
vt 1 0
vt 0 1
vt 1 1
vt 0 0
vt 24 0
vt 0 0
vt 24 1
vt 0 1
vt 0 0
vt 0 1
vt 7 0
vt 7 1
vt 0 0
vt 11 1
vt 11 0
vt 0 1
vt 0 0
vt 24 1
vt 24 0
vt 0 1
vt 11 1
vt 11 0
vt 7 0
vt 7 1
vt 4 0.2244802
vt 0 0.2244802
vt 4 0.3244802
vt 0 0.3244802
vt 0 1
vt 4 1
vt 0 0
vt 4 0
vt 4 0
vt 0 0
vt 4 1
vt 0 1
vt 1 -5.960464E-08
vt 0 -5.960464E-08
vt 1 0.0999999
vt 0 0.0999999
vt 3 5.960464E-08
vt 0 0
vt 3 0.1
vt 0 0.1
vt 1 0
vt 0 0
vt 1 0.1
vt 0 0.1
vt 3 0
vt 0 5.960464E-08
vt 3 0.1
vt 0 0.1
vt 0 3
vt 1 3
vt 0 0
vt 1 0
vt 1 0
vt 0 0
vt 1 3
vt 0 3
vt 4 0.2244802
vt 0 0.2244802
vt 4 0.3244802
vt 0 0.3244802
vt 0 1
vt 4 1
vt 0 0
vt 4 0
vt 4 0
vt 0 0
vt 4 1
vt 0 1
vt 4 0.2244802
vt 0 0.2244802
vt 4 0.3244802
vt 0 0.3244802
vt 0 1
vt 4 1
vt 0 0
vt 4 0
vt 4 0
vt 0 0
vt 4 1
vt 0 1
vt 0.3999977 0
vt 0 0
vt 0.3999977 0.09999943
vt 0 0.09999943
vt 0.3999996 0
vt 0 0
vt 0.3999996 0.09999943
vt 0 0.09999943
vt 0.3999977 0
vt 0 0
vt 0.3999977 0.09999943
vt 0 0.09999943
vt 0.3999996 0
vt 0 0
vt 0.3999996 0.09999943
vt 0 0.09999943
vt 0 0.3999996
vt 0.3999977 0.3999996
vt 0 0
vt 0.3999977 0
vt 0.3999977 0
vt 0 0
vt 0.3999977 0.3999996
vt 0 0.3999996
vt 0.3999977 0
vt 0 0
vt 0.3999977 0.09999943
vt 0 0.09999943
vt 0.3999996 0
vt 0 0
vt 0.3999996 0.09999943
vt 0 0.09999943
vt 0.3999977 0
vt 0 0
vt 0.3999977 0.09999943
vt 0 0.09999943
vt 0.3999996 0
vt 0 0
vt 0.3999996 0.09999943
vt 0 0.09999943
vt 0 0.3999996
vt 0.3999977 0.3999996
vt 0 0
vt 0.3999977 0
vt 0.3999977 0
vt 0 0
vt 0.3999977 0.3999996
vt 0 0.3999996
vt 0.3999977 0
vt 0 0
vt 0.3999977 0.09999943
vt 0 0.09999943
vt 0.3999996 0
vt 0 0
vt 0.3999996 0.09999943
vt 0 0.09999943
vt 0.3999977 0
vt 0 0
vt 0.3999977 0.09999943
vt 0 0.09999943
vt 0.3999996 0
vt 0 0
vt 0.3999996 0.09999943
vt 0 0.09999943
vt 0 0.3999996
vt 0.3999977 0.3999996
vt 0 0
vt 0.3999977 0
vt 0.3999977 0
vt 0 0
vt 0.3999977 0.3999996
vt 0 0.3999996
vt 0.3999977 0
vt 0 0
vt 0.3999977 0.09999943
vt 0 0.09999943
vt 0.3999996 0
vt 0 0
vt 0.3999996 0.09999943
vt 0 0.09999943
vt 0.3999977 0
vt 0 0
vt 0.3999977 0.09999943
vt 0 0.09999943
vt 0.3999996 0
vt 0 0
vt 0.3999996 0.09999943
vt 0 0.09999943
vt 0 0.3999996
vt 0.3999977 0.3999996
vt 0 0
vt 0.3999977 0
vt 0.3999977 0
vt 0 0
vt 0.3999977 0.3999996
vt 0 0.3999996
vt 0.3999977 0
vt 0 0
vt 0.3999977 0.09999943
vt 0 0.09999943
vt 0.3999996 0
vt 0 0
vt 0.3999996 0.09999943
vt 0 0.09999943
vt 0.3999977 0
vt 0 0
vt 0.3999977 0.09999943
vt 0 0.09999943
vt 0.3999996 0
vt 0 0
vt 0.3999996 0.09999943
vt 0 0.09999943
vt 0 0.3999996
vt 0.3999977 0.3999996
vt 0 0
vt 0.3999977 0
vt 0.3999977 0
vt 0 0
vt 0.3999977 0.3999996
vt 0 0.3999996
vt 0.3999977 0
vt 0 0
vt 0.3999977 0.09999943
vt 0 0.09999943
vt 0.3999996 0
vt 0 0
vt 0.3999996 0.09999943
vt 0 0.09999943
vt 0.3999977 0
vt 0 0
vt 0.3999977 0.09999943
vt 0 0.09999943
vt 0.3999996 0
vt 0 0
vt 0.3999996 0.09999943
vt 0 0.09999943
vt 0 0.3999996
vt 0.3999977 0.3999996
vt 0 0
vt 0.3999977 0
vt 0.3999977 0
vt 0 0
vt 0.3999977 0.3999996
vt 0 0.3999996
vt 0.3999977 0
vt 0 0
vt 0.3999977 0.09999943
vt 0 0.09999943
vt 0.3999996 0
vt 0 0
vt 0.3999996 0.09999943
vt 0 0.09999943
vt 0.3999977 0
vt 0 0
vt 0.3999977 0.09999943
vt 0 0.09999943
vt 0.3999996 0
vt 0 0
vt 0.3999996 0.09999943
vt 0 0.09999943
vt 0 0.3999996
vt 0.3999977 0.3999996
vt 0 0
vt 0.3999977 0
vt 0.3999977 0
vt 0 0
vt 0.3999977 0.3999996
vt 0 0.3999996
vt 0.3999977 0
vt 0 0
vt 0.3999977 0.09999943
vt 0 0.09999943
vt 0.3999996 0
vt 0 0
vt 0.3999996 0.09999943
vt 0 0.09999943
vt 0.3999977 0
vt 0 0
vt 0.3999977 0.09999943
vt 0 0.09999943
vt 0.3999996 0
vt 0 0
vt 0.3999996 0.09999943
vt 0 0.09999943
vt 0 0.3999996
vt 0.3999977 0.3999996
vt 0 0
vt 0.3999977 0
vt 0.3999977 0
vt 0 0
vt 0.3999977 0.3999996
vt 0 0.3999996
vt 0.3999977 0
vt 0 0
vt 0.3999977 0.09999943
vt 0 0.09999943
vt 0.3999996 0
vt 0 0
vt 0.3999996 0.09999943
vt 0 0.09999943
vt 0.3999977 0
vt 0 0
vt 0.3999977 0.09999943
vt 0 0.09999943
vt 0.3999996 0
vt 0 0
vt 0.3999996 0.09999943
vt 0 0.09999943
vt 0 0.3999996
vt 0.3999977 0.3999996
vt 0 0
vt 0.3999977 0
vt 0.3999977 0
vt 0 0
vt 0.3999977 0.3999996
vt 0 0.3999996
vt 0.3999977 0
vt 0 0
vt 0.3999977 0.09999943
vt 0 0.09999943
vt 0.3999996 0
vt 0 0
vt 0.3999996 0.09999943
vt 0 0.09999943
vt 0.3999977 0
vt 0 0
vt 0.3999977 0.09999943
vt 0 0.09999943
vt 0.3999996 0
vt 0 0
vt 0.3999996 0.09999943
vt 0 0.09999943
vt 0 0.3999996
vt 0.3999977 0.3999996
vt 0 0
vt 0.3999977 0
vt 0.3999977 0
vt 0 0
vt 0.3999977 0.3999996
vt 0 0.3999996
vt 0.3999977 0
vt 0 0
vt 0.3999977 0.09999943
vt 0 0.09999943
vt 0.3999996 0
vt 0 0
vt 0.3999996 0.09999943
vt 0 0.09999943
vt 0.3999977 0
vt 0 0
vt 0.3999977 0.09999943
vt 0 0.09999943
vt 0.3999996 0
vt 0 0
vt 0.3999996 0.09999943
vt 0 0.09999943
vt 0 0.3999996
vt 0.3999977 0.3999996
vt 0 0
vt 0.3999977 0
vt 0.3999977 0
vt 0 0
vt 0.3999977 0.3999996
vt 0 0.3999996
vt 0.3999977 0
vt 0 0
vt 0.3999977 0.09999943
vt 0 0.09999943
vt 0.3999996 0
vt 0 0
vt 0.3999996 0.09999943
vt 0 0.09999943
vt 0.3999977 0
vt 0 0
vt 0.3999977 0.09999943
vt 0 0.09999943
vt 0.3999996 0
vt 0 0
vt 0.3999996 0.09999943
vt 0 0.09999943
vt 0 0.3999996
vt 0.3999977 0.3999996
vt 0 0
vt 0.3999977 0
vt 0.3999977 0
vt 0 0
vt 0.3999977 0.3999996
vt 0 0.3999996
vt 0.3999977 0
vt 0 0
vt 0.3999977 0.09999943
vt 0 0.09999943
vt 0.3999996 0
vt 0 0
vt 0.3999996 0.09999943
vt 0 0.09999943
vt 0.3999977 0
vt 0 0
vt 0.3999977 0.09999943
vt 0 0.09999943
vt 0.3999996 0
vt 0 0
vt 0.3999996 0.09999943
vt 0 0.09999943
vt 0 0.3999996
vt 0.3999977 0.3999996
vt 0 0
vt 0.3999977 0
vt 0.3999977 0
vt 0 0
vt 0.3999977 0.3999996
vt 0 0.3999996
vt 0.3999977 0
vt 0 0
vt 0.3999977 0.09999943
vt 0 0.09999943
vt 0.3999996 0
vt 0 0
vt 0.3999996 0.09999943
vt 0 0.09999943
vt 0.3999977 0
vt 0 0
vt 0.3999977 0.09999943
vt 0 0.09999943
vt 0.3999996 0
vt 0 0
vt 0.3999996 0.09999943
vt 0 0.09999943
vt 0 0.3999996
vt 0.3999977 0.3999996
vt 0 0
vt 0.3999977 0
vt 0.3999977 0
vt 0 0
vt 0.3999977 0.3999996
vt 0 0.3999996
vt 0.3999977 0
vt 0 0
vt 0.3999977 0.09999943
vt 0 0.09999943
vt 0.3999996 0
vt 0 0
vt 0.3999996 0.09999943
vt 0 0.09999943
vt 0.3999977 0
vt 0 0
vt 0.3999977 0.09999943
vt 0 0.09999943
vt 0.3999996 0
vt 0 0
vt 0.3999996 0.09999943
vt 0 0.09999943
vt 0 0.3999996
vt 0.3999977 0.3999996
vt 0 0
vt 0.3999977 0
vt 0.3999977 0
vt 0 0
vt 0.3999977 0.3999996
vt 0 0.3999996
vt 0.3999977 0
vt 0 0
vt 0.3999977 0.09999943
vt 0 0.09999943
vt 0.3999996 0
vt 0 0
vt 0.3999996 0.09999943
vt 0 0.09999943
vt 0.3999977 0
vt 0 0
vt 0.3999977 0.09999943
vt 0 0.09999943
vt 0.3999996 0
vt 0 0
vt 0.3999996 0.09999943
vt 0 0.09999943
vt 0 0.3999996
vt 0.3999977 0.3999996
vt 0 0
vt 0.3999977 0
vt 0.3999977 0
vt 0 0
vt 0.3999977 0.3999996
vt 0 0.3999996
vt 0 0
vt 6 2
vt 6 0
vt 0 2
vt 0 0
vt 6 1
vt 6 0
vt 0 1
vt 0 0
vt 2 2
vt 2 0
vt 0 2
vt 0 0
vt 2 1
vt 2 0
vt 0 1
vt 0 0
vt 5 2
vt 5 0
vt 0 2
vt 0 0
vt 5 1
vt 5 0
vt 0 1
vt 0 0
vt 6 1
vt 6 0
vt 0 1
vt 0 0
vt 2 1
vt 2 0
vt 0 1
vt 0 0
vt 5 1
vt 5 0
vt 0 1
vt 0 0
vt 1 1
vt 1 0
vt 0 1
vt 0 0
vt 1 2
vt 1 0
vt 0 2
vt 0 0
vt 1 1
vt 1 0
vt 0 1
vt 9.536743E-06 2.000009
vt 2.00001 2
vt 2 0
vt 0 9.059906E-06
vt 1.907349E-05 4.000019
vt 4.000019 4
vt 4 0
vt 0 1.907349E-05
vt 9.536743E-06 2.000028
vt 1.907349E-05 4.000028
vt 6.000018 4
vt 5.999999 0
vt 0 2.765656E-05
vt 1.430511E-05 3.000005
vt 1.000014 3
vt 1 0
vt 0 4.649162E-06
vt 28.99999 2.813339E-05
vt 24.99998 4.673004E-05
vt 25 2.000047
vt 25.00001 5.000047
vt 29.00002 7.000028
vt 25.00002 7.000047
vt 29 4.000028
vt 30.99999 1.883507E-05
vt 30 4.000023
vt 35 4
vt 34.99998 2.384186E-07
vt 30.99999 1.000018
vt 34.99998 0.9999998
vt 34.99998 0
vt 30.99998 1.859665E-05
vt 0 2.336502E-05
vt 5.149841E-05 11.00002
vt 5.000051 11
vt 5 4.768372E-07
vt 0 2.288818E-05
vt 1.335144E-05 3.000023
vt 5.000013 2.999999
vt 5 -9.536743E-07
vt 24.00006 4.768372E-06
vt 24.00007 3.000005
vt 25.00007 3
vt 25.00006 0
vt 1.335144E-05 3.000005
vt 1.000013 3
vt 1 0
vt 0 4.768372E-06
vt 19.00007 6.000019
vt 23.00006 3.000001
vt 19.00006 5.000019
vt 23.00007 6.000001
vt 19.00005 2.000019
vt 19.00004 1.907349E-05
vt 23.00004 9.536743E-07
vt 0 1.907349E-05
vt 9.536743E-06 2.000019
vt 4.00001 2
vt 3.999999 9.536743E-07
vt 0 0
vt 1.000079 2
vt 1.00007 0
vt 0 2
vt 4 0
vt 0 0
vt 0 3
vt 4 4
vt 2 4
vt 0 4
vt 1 2
vt 0 0
vt 0 2
vt 1 0
vt 0 3
vt 2 3
vt 0 1
vt 2 0
vt 0 0
vt 0 2
vt 0 11
vt 2 0
vt 2 10
vt 4 4
vt 0 0
vt 1 4
vt 4 1
vt 7 4
vt 3 0
vt 0 4
vt 6 0
vt 0 6
vt 2 4
vt 0 3
vt 1 0
vt 0 0
vt 5 0
vt 0 4
vt 3 4
vt 2 0
vt 0 1
vt 0 0
vt 0 2
vt 1 0
vt 1 2
vt 0 6
vt 2 6
vt 3 5.5
vt 0 5.5
vt 1 0
vt 0 0
vt 3 2.5
vt 0 2.5
vt 1 0
vt 0 0
vt 0 2
vt 1 5.5
vt 0 6
vt 1 6
vt 1 2.5
vt 2 5.5
vt 1 6
vt 3 6
vt 2 2.5
vt 3 0
vt 0 0
vt 0 0
vt 1 4
vt 7 0
vt 4 4
vt 8 4
vt 3 0
vt 0 1
vt 3 1
vt 0 0
vt 0 0
vt 1 4
vt 2 0
vt 4 0
vt 5 6
vt 5 3
vt 5 0
vt 6 0
vt 0 0
vt 6 2
vt 0 6
vt 6 6
vt 1 2
vt 0 0
vt 0 2
vt 1 0
vt 4 2
vt 0 10
vt 4 11
vt 0 0
vt 10 0
vt 0 2
vt 10 2
vt 0 0
vt 10 0
vt 0 2
vt 10 2
vt 0 0
vt 7 0
vt 0 2
vt 7 2
vt 0 0
vt 7 10
vt 0 0
vt 0 10
vt 7 0
vt 0 3
vt 3 3
vt 3 0
vt 0 0
vt 0 1
vt 3 1
vt 0 0
vt 3 0
vt 0 1
vt 3 1
vt 0 0
vt 3 0
vt 0 1
vt 3 1
vt 0 0
vt 3 0
vt 0 1
vt 3 1
vt 0 0
vt 3 0
vt 7 0
vt 0 0
vt 7 2
vt 0 2
vt 0 0
vt 2 2
vt 2 0
vt 0 2
vt 0 0
vt 4 4
vt 4 0
vt 0 4
vt 0 0
vt 6 2
vt 6 0
vt 0 4
vt 6 4
vt 0 0
vt 1 3
vt 1 0
vt 0 3
vt 10 7.000047
vt 10 5.000047
vt 6 7.000047
vt 10 2.000047
vt 6 4.673004E-05
vt 10 4.673004E-05
vt 4 4.673004E-05
vt 6 4.000047
vt 5 4.000047
vt 0 4.673004E-05
vt 0 4.000047
vt 4 4.62532E-05
vt 0 4.62532E-05
vt 4 1.000046
vt 0 1.000046
vt 0 11
vt 5 0
vt 0 0
vt 5 11
vt 0 3
vt 5 0
vt 0 0
vt 5 3
vt 0 2.288818E-05
vt 0 3.000023
vt 1 2.288818E-05
vt 1 3.000023
vt 0 0
vt 1 3
vt 1 0
vt 0 3
vt 0 3.000019
vt 4 2.000019
vt 4 1.907349E-05
vt 0 1.907349E-05
vt 4 5.000019
vt 0 6.000019
vt 4 6.000019
vt 0 2
vt 4 0
vt 0 0
vt 4 2
vt 1 2
vt 0 0
vt 0 2
vt 1 0
vt 4 0
vt 0 0
vt 4 3
vt 0 2
vt 0 2
vt 4 2
vt 4 1
vt 0 0
vt 1 0
vt 0 0
vt 1 2
vt 0 2
vt 1 2
vt 1 0
vt 0 2
vt 0 0
vt 0 0
vt 0 2
vt 1 0
vt 1 2
vt 1 0
vt 0 0
vt 1 1
vt 0 1
vt 0 0
vt 4 2
vt 4 0
vt 0 2
vt 0 0
vt 4 1
vt 4 0
vt 0 1
vt 0 0
vt 11 2
vt 11 0
vt 0 2
vt 0 0
vt 11 1
vt 11 0
vt 0 1
vt 0 0
vt 4 2
vt 4 0
vt 0 2
vt 0 0
vt 4 1
vt 4 0
vt 0 1
vt 0 0
vt 4 1
vt 4 0
vt 0 1
vt 0 0
vt 11 1
vt 11 0
vt 0 1
vt 0 0
vt 4 1
vt 4 0
vt 0 1
vt 23 0
vt 0 0
vt 23 2
vt 0 2
vt 0 4
vt 23 4
vt 0 3
vt 23 3
vt 0 0
vt 19 1
vt 19 0
vt 0 1
vt 0 0
vt 19 2
vt 19 0
vt 0 2
vt 23 2
vt 0 2
vt 0 3
vt 23 3
vt 0 0
vt 19 1
vt 19 0
vt 0 1
vt 0 2
vt 1 2
vt 1 0
vt 0 0
vt 0 0
vt 0 1
vt 1 1
vt 1 0
vt 1 0
vt 0 0
vt 0 1
vt 1 1
vt 1 0
vt 0 0
vt 0 1
vt 1 1
vt 1 2
vt 1 0
vt 0 0
vt 0 2
vt 1 2
vt 1 0
vt 0 0
vt 0 2
vt 0 0
vt 0 1
vt 1 1
vt 1 0
vt 1 0
vt 0 0
vt 0 1
vt 1 1
vt 1 0
vt 0 0
vt 0 1
vt 1 1
vt 1 0
vt 0 0
vt 0 1
vt 1 1
vt 1 0
vt 0 0
vt 0 1
vt 1 1
vt 0 2
vt 7 2
vt 7 0
vt 0 0
vt 0 2
vt 1 2
vt 1 0
vt 0 0
vt 0 2
vt 7 2
vt 7 0
vt 0 0
vt 0 0
vt 0 1
vt 7 1
vt 7 0
vt 0.9999999 0
vt 0 0
vt 0.9999999 2
vt 0 2
vt 5.000001 0
vt 0 0
vt 5.000001 2
vt 0 2
vt 0 5.000001
vt 1 5.000001
vt 0 0
vt 0.9999999 2.384186E-07
vt 1 0
vt 0 0
vt 1 2
vt 0 2
vt 4 0
vt 0 0
vt 4 2
vt 0 2
vt 4 0
vt 0 0
vt 4 2
vt 0 2
vt 0 4
vt 1 4
vt 0 0
vt 1 0
vt 1 0
vt 0 0
vt 1 2
vt 0 2
vt 5.000001 0
vt 0 0
vt 5.000001 2
vt 0 2
vt 0 5.000001
vt 1 5.000001
vt 0 0
vt 0.9999999 2.384186E-07
vt 1 0
vt 0 0
vt 1 2
vt 0 2
vt 1 0
vt 0 0
vt 1 2
vt 0 2
vt 7 0
vt 0 0
vt 7 2
vt 0 2
vt 0 7
vt 1 7
vt 0 0
vt 1 0
vt 1 0
vt 0 0
vt 1 2
vt 0 2
vt 1 0
vt 0 0
vt 1 2
vt 0 2
vt 6 0
vt 0 0
vt 6 2
vt 0 2
vt 0 6
vt 1 6
vt 0 0
vt 1 0

g Combined_Mesh_(root:_scene)
usemtl Combined_Mesh_(root:_scene)
usemap Combined_Mesh_(root:_scene)
f 1/1/1 3/3/3 2/2/2
f 2/2/2 3/3/3 4/4/4
f 5/5/5 7/7/7 6/6/6
f 5/5/5 6/6/6 8/8/8
f 9/9/9 11/11/11 10/10/10
f 9/9/9 10/10/10 12/12/12
f 13/13/13 15/15/15 14/14/14
f 13/13/13 14/14/14 16/16/16
f 17/17/17 19/19/19 18/18/18
f 17/17/17 18/18/18 20/20/20
f 21/21/21 23/23/23 22/22/22
f 21/21/21 22/22/22 24/24/24
g Combined_Mesh_(root:_scene)_1
usemtl Combined_Mesh_(root:_scene)_1
usemap Combined_Mesh_(root:_scene)_1
f 25/25/25 27/27/27 26/26/26
f 25/25/25 26/26/26 28/28/28
f 29/29/29 31/31/31 30/30/30
f 29/29/29 30/30/30 32/32/32
f 33/33/33 35/35/35 34/34/34
f 33/33/33 34/34/34 36/36/36
g Combined_Mesh_(root:_scene)_2
usemtl Combined_Mesh_(root:_scene)_2
usemap Combined_Mesh_(root:_scene)_2
f 37/37/37 39/39/39 38/38/38
f 37/37/37 38/38/38 40/40/40
f 41/41/41 43/43/43 42/42/42
f 41/41/41 42/42/42 44/44/44
f 45/45/45 47/47/47 46/46/46
f 45/45/45 46/46/46 48/48/48
f 49/49/49 51/51/51 50/50/50
f 49/49/49 50/50/50 52/52/52
f 53/53/53 55/55/55 54/54/54
f 53/53/53 54/54/54 56/56/56
g Combined_Mesh_(root:_scene)_3
usemtl Combined_Mesh_(root:_scene)_3
usemap Combined_Mesh_(root:_scene)_3
f 57/57/57 59/59/59 58/58/58
f 57/57/57 58/58/58 60/60/60
g Combined_Mesh_(root:_scene)_4
usemtl Combined_Mesh_(root:_scene)_4
usemap Combined_Mesh_(root:_scene)_4
f 61/61/61 63/63/63 62/62/62
f 61/61/61 62/62/62 64/64/64
f 65/65/65 67/67/67 66/66/66
f 65/65/65 66/66/66 68/68/68
f 69/69/69 71/71/71 70/70/70
f 69/69/69 70/70/70 72/72/72
f 73/73/73 75/75/75 74/74/74
f 73/73/73 74/74/74 76/76/76
g Combined_Mesh_(root:_scene)_5
usemtl Combined_Mesh_(root:_scene)_5
usemap Combined_Mesh_(root:_scene)_5
f 77/77/77 79/79/79 78/78/78
f 77/77/77 78/78/78 80/80/80
f 81/81/81 83/83/83 82/82/82
f 81/81/81 82/82/82 84/84/84
g Combined_Mesh_(root:_scene)_6
usemtl Combined_Mesh_(root:_scene)_6
usemap Combined_Mesh_(root:_scene)_6
f 85/85/85 87/87/87 86/86/86
f 86/86/86 87/87/87 88/88/88
f 89/89/89 91/91/91 90/90/90
f 89/89/89 90/90/90 92/92/92
f 93/93/93 95/95/95 94/94/94
f 93/93/93 94/94/94 96/96/96
f 97/97/97 99/99/99 98/98/98
f 97/97/97 98/98/98 100/100/100
f 101/101/101 103/103/103 102/102/102
f 101/101/101 102/102/102 104/104/104
f 105/105/105 107/107/107 106/106/106
f 105/105/105 106/106/106 108/108/108
g Combined_Mesh_(root:_scene)_7
usemtl Combined_Mesh_(root:_scene)_7
usemap Combined_Mesh_(root:_scene)_7
f 109/109/109 111/111/111 110/110/110
f 109/109/109 110/110/110 112/112/112
f 113/113/113 115/115/115 114/114/114
f 113/113/113 114/114/114 116/116/116
f 117/117/117 119/119/119 118/118/118
f 117/117/117 118/118/118 120/120/120
g Combined_Mesh_(root:_scene)_8
usemtl Combined_Mesh_(root:_scene)_8
usemap Combined_Mesh_(root:_scene)_8
f 121/121/121 123/123/123 122/122/122
f 121/121/121 122/122/122 124/124/124
f 125/125/125 127/127/127 126/126/126
f 125/125/125 126/126/126 128/128/128
f 129/129/129 131/131/131 130/130/130
f 129/129/129 130/130/130 132/132/132
f 133/133/133 135/135/135 134/134/134
f 133/133/133 134/134/134 136/136/136
f 137/137/137 139/139/139 138/138/138
f 137/137/137 138/138/138 140/140/140
g Combined_Mesh_(root:_scene)_9
usemtl Combined_Mesh_(root:_scene)_9
usemap Combined_Mesh_(root:_scene)_9
f 141/141/141 143/143/143 142/142/142
f 141/141/141 142/142/142 144/144/144
g Combined_Mesh_(root:_scene)_10
usemtl Combined_Mesh_(root:_scene)_10
usemap Combined_Mesh_(root:_scene)_10
f 145/145/145 147/147/147 146/146/146
f 146/146/146 147/147/147 148/148/148
f 149/149/149 151/151/151 150/150/150
f 149/149/149 150/150/150 152/152/152
g Combined_Mesh_(root:_scene)_11
usemtl Combined_Mesh_(root:_scene)_11
usemap Combined_Mesh_(root:_scene)_11
f 153/153/153 155/155/155 154/154/154
f 153/153/153 154/154/154 156/156/156
f 157/157/157 159/159/159 158/158/158
f 157/157/157 158/158/158 160/160/160
f 161/161/161 163/163/163 162/162/162
f 161/161/161 162/162/162 164/164/164
f 165/165/165 167/167/167 166/166/166
f 165/165/165 166/166/166 168/168/168
f 169/169/169 171/171/171 170/170/170
f 169/169/169 170/170/170 172/172/172
f 173/173/173 175/175/175 174/174/174
f 173/173/173 174/174/174 176/176/176
f 177/177/177 179/179/179 178/178/178
f 177/177/177 178/178/178 180/180/180
f 181/181/181 183/183/183 182/182/182
f 181/181/181 182/182/182 184/184/184
f 185/185/185 187/187/187 186/186/186
f 185/185/185 186/186/186 188/188/188
f 189/189/189 191/191/191 190/190/190
f 189/189/189 190/190/190 192/192/192
f 193/193/193 195/195/195 194/194/194
f 193/193/193 194/194/194 196/196/196
f 197/197/197 199/199/199 198/198/198
f 197/197/197 198/198/198 200/200/200
f 201/201/201 203/203/203 202/202/202
f 201/201/201 202/202/202 204/204/204
f 205/205/205 207/207/207 206/206/206
f 205/205/205 206/206/206 208/208/208
f 209/209/209 211/211/211 210/210/210
f 209/209/209 210/210/210 212/212/212
f 213/213/213 215/215/215 214/214/214
f 213/213/213 214/214/214 216/216/216
f 217/217/217 219/219/219 218/218/218
f 217/217/217 218/218/218 220/220/220
f 221/221/221 223/223/223 222/222/222
f 221/221/221 222/222/222 224/224/224
f 225/225/225 227/227/227 226/226/226
f 225/225/225 226/226/226 228/228/228
f 229/229/229 231/231/231 230/230/230
f 229/229/229 230/230/230 232/232/232
f 233/233/233 235/235/235 234/234/234
f 233/233/233 234/234/234 236/236/236
f 237/237/237 239/239/239 238/238/238
f 237/237/237 238/238/238 240/240/240
g Combined_Mesh_(root:_scene)_12
usemtl Combined_Mesh_(root:_scene)_12
usemap Combined_Mesh_(root:_scene)_12
f 241/241/241 243/243/243 242/242/242
f 241/241/241 242/242/242 244/244/244
g Combined_Mesh_(root:_scene)_13
usemtl Combined_Mesh_(root:_scene)_13
usemap Combined_Mesh_(root:_scene)_13
f 245/245/245 247/247/247 246/246/246
f 245/245/245 246/246/246 248/248/248
f 249/249/249 251/251/251 250/250/250
f 249/249/249 250/250/250 252/252/252
f 253/253/253 255/255/255 254/254/254
f 253/253/253 254/254/254 256/256/256
f 257/257/257 259/259/259 258/258/258
f 257/257/257 258/258/258 260/260/260
f 261/261/261 263/263/263 262/262/262
f 261/261/261 262/262/262 264/264/264
f 265/265/265 267/267/267 266/266/266
f 265/265/265 266/266/266 268/268/268
f 269/269/269 271/271/271 270/270/270
f 269/269/269 270/270/270 272/272/272
f 273/273/273 275/275/275 274/274/274
f 273/273/273 274/274/274 276/276/276
f 277/277/277 279/279/279 278/278/278
f 277/277/277 278/278/278 280/280/280
f 281/281/281 283/283/283 282/282/282
f 281/281/281 282/282/282 284/284/284
f 285/285/285 287/287/287 286/286/286
f 285/285/285 286/286/286 288/288/288
g Combined_Mesh_(root:_scene)_14
usemtl Combined_Mesh_(root:_scene)_14
usemap Combined_Mesh_(root:_scene)_14
f 289/289/289 291/291/291 290/290/290
f 290/290/290 291/291/291 292/292/292
f 293/293/293 295/295/295 294/294/294
f 293/293/293 294/294/294 296/296/296
f 297/297/297 299/299/299 298/298/298
f 297/297/297 298/298/298 300/300/300
f 301/301/301 303/303/303 302/302/302
f 301/301/301 302/302/302 304/304/304
g Combined_Mesh_(root:_scene)_15
usemtl Combined_Mesh_(root:_scene)_15
usemap Combined_Mesh_(root:_scene)_15
f 305/305/305 307/307/307 306/306/306
f 305/305/305 306/306/306 308/308/308
f 309/309/309 311/311/311 310/310/310
f 309/309/309 310/310/310 312/312/312
f 313/313/313 315/315/315 314/314/314
f 313/313/313 314/314/314 316/316/316
f 317/317/317 319/319/319 318/318/318
f 317/317/317 318/318/318 320/320/320
f 321/321/321 323/323/323 322/322/322
f 321/321/321 322/322/322 324/324/324
f 325/325/325 327/327/327 326/326/326
f 325/325/325 326/326/326 328/328/328
f 329/329/329 331/331/331 330/330/330
f 329/329/329 330/330/330 332/332/332
f 333/333/333 335/335/335 334/334/334
f 333/333/333 334/334/334 336/336/336
f 337/337/337 339/339/339 338/338/338
f 337/337/337 338/338/338 340/340/340
f 341/341/341 343/343/343 342/342/342
f 341/341/341 342/342/342 344/344/344
f 345/345/345 347/347/347 346/346/346
f 345/345/345 346/346/346 348/348/348
g Combined_Mesh_(root:_scene)_16
usemtl Combined_Mesh_(root:_scene)_16
usemap Combined_Mesh_(root:_scene)_16
f 349/349/349 351/351/351 350/350/350
f 349/349/349 350/350/350 352/352/352
g Combined_Mesh_(root:_scene)_17
usemtl Combined_Mesh_(root:_scene)_17
usemap Combined_Mesh_(root:_scene)_17
f 353/353/353 355/355/355 354/354/354
f 353/353/353 354/354/354 356/356/356
f 357/357/357 359/359/359 358/358/358
f 357/357/357 358/358/358 360/360/360
f 361/361/361 363/363/363 362/362/362
f 361/361/361 362/362/362 364/364/364
f 365/365/365 367/367/367 366/366/366
f 365/365/365 366/366/366 368/368/368
f 369/369/369 371/371/371 370/370/370
f 369/369/369 370/370/370 372/372/372
f 373/373/373 375/375/375 374/374/374
f 373/373/373 374/374/374 376/376/376
g Combined_Mesh_(root:_scene)_18
usemtl Combined_Mesh_(root:_scene)_18
usemap Combined_Mesh_(root:_scene)_18
f 377/377/377 379/379/379 378/378/378
f 378/378/378 379/379/379 380/380/380
f 381/381/381 383/383/383 382/382/382
f 381/381/381 382/382/382 384/384/384
g Combined_Mesh_(root:_scene)_19
usemtl Combined_Mesh_(root:_scene)_19
usemap Combined_Mesh_(root:_scene)_19
f 385/385/385 387/387/387 386/386/386
f 385/385/385 386/386/386 388/388/388
f 389/389/389 391/391/391 390/390/390
f 389/389/389 390/390/390 392/392/392
f 393/393/393 395/395/395 394/394/394
f 393/393/393 394/394/394 396/396/396
f 397/397/397 399/399/399 398/398/398
f 397/397/397 398/398/398 400/400/400
f 401/401/401 403/403/403 402/402/402
f 401/401/401 402/402/402 404/404/404
f 405/405/405 407/407/407 406/406/406
f 405/405/405 406/406/406 408/408/408
f 409/409/409 411/411/411 410/410/410
f 409/409/409 410/410/410 412/412/412
f 413/413/413 415/415/415 414/414/414
f 413/413/413 414/414/414 416/416/416
f 417/417/417 419/419/419 418/418/418
f 417/417/417 418/418/418 420/420/420
f 421/421/421 423/423/423 422/422/422
f 421/421/421 422/422/422 424/424/424
f 425/425/425 427/427/427 426/426/426
f 425/425/425 426/426/426 428/428/428
f 429/429/429 431/431/431 430/430/430
f 429/429/429 430/430/430 432/432/432
f 433/433/433 435/435/435 434/434/434
f 433/433/433 434/434/434 436/436/436
f 437/437/437 439/439/439 438/438/438
f 437/437/437 438/438/438 440/440/440
f 441/441/441 443/443/443 442/442/442
f 441/441/441 442/442/442 444/444/444
f 445/445/445 447/447/447 446/446/446
f 445/445/445 446/446/446 448/448/448
f 449/449/449 451/451/451 450/450/450
f 449/449/449 450/450/450 452/452/452
f 453/453/453 455/455/455 454/454/454
f 453/453/453 454/454/454 456/456/456
f 457/457/457 459/459/459 458/458/458
f 457/457/457 458/458/458 460/460/460
f 461/461/461 463/463/463 462/462/462
f 461/461/461 462/462/462 464/464/464
f 465/465/465 467/467/467 466/466/466
f 465/465/465 466/466/466 468/468/468
f 469/469/469 471/471/471 470/470/470
f 469/469/469 470/470/470 472/472/472
g Combined_Mesh_(root:_scene)_20
usemtl Combined_Mesh_(root:_scene)_20
usemap Combined_Mesh_(root:_scene)_20
f 473/473/473 475/475/475 474/474/474
f 473/473/473 474/474/474 476/476/476
f 477/477/477 479/479/479 478/478/478
f 477/477/477 478/478/478 480/480/480
f 481/481/481 483/483/483 482/482/482
f 481/481/481 482/482/482 484/484/484
f 485/485/485 487/487/487 486/486/486
f 485/485/485 486/486/486 488/488/488
f 489/489/489 491/491/491 490/490/490
f 489/489/489 490/490/490 492/492/492
f 493/493/493 495/495/495 494/494/494
f 493/493/493 494/494/494 496/496/496
f 497/497/497 499/499/499 498/498/498
f 497/497/497 498/498/498 500/500/500
f 501/501/501 503/503/503 502/502/502
f 501/501/501 502/502/502 504/504/504
f 505/505/505 507/507/507 506/506/506
f 505/505/505 506/506/506 508/508/508
f 509/509/509 511/511/511 510/510/510
f 509/509/509 510/510/510 512/512/512
f 513/513/513 515/515/515 514/514/514
f 513/513/513 514/514/514 516/516/516
f 517/517/517 519/519/519 518/518/518
f 517/517/517 518/518/518 520/520/520
g Combined_Mesh_(root:_scene)_21
usemtl Combined_Mesh_(root:_scene)_21
usemap Combined_Mesh_(root:_scene)_21
f 521/521/521 523/523/523 522/522/522
f 521/521/521 522/522/522 524/524/524
f 525/525/525 527/527/527 526/526/526
f 525/525/525 526/526/526 528/528/528
g Combined_Mesh_(root:_scene)_22
usemtl Combined_Mesh_(root:_scene)_22
usemap Combined_Mesh_(root:_scene)_22
f 529/529/529 531/531/531 530/530/530
f 529/529/529 530/530/530 532/532/532
g Combined_Mesh_(root:_scene)_23
usemtl Combined_Mesh_(root:_scene)_23
usemap Combined_Mesh_(root:_scene)_23
f 533/533/533 535/535/535 534/534/534
f 533/533/533 534/534/534 536/536/536
f 537/537/537 539/539/539 538/538/538
f 537/537/537 538/538/538 540/540/540
f 541/541/541 543/543/543 542/542/542
f 541/541/541 542/542/542 544/544/544
f 545/545/545 547/547/547 546/546/546
f 545/545/545 546/546/546 548/548/548
f 549/549/549 551/551/551 550/550/550
f 549/549/549 550/550/550 552/552/552
f 553/553/553 555/555/555 554/554/554
f 553/553/553 554/554/554 556/556/556
g Combined_Mesh_(root:_scene)_24
usemtl Combined_Mesh_(root:_scene)_24
usemap Combined_Mesh_(root:_scene)_24
f 557/557/557 559/559/559 558/558/558
f 557/557/557 558/558/558 560/560/560
f 561/561/561 563/563/563 562/562/562
f 561/561/561 562/562/562 564/564/564
f 565/565/565 567/567/567 566/566/566
f 565/565/565 566/566/566 568/568/568
g Combined_Mesh_(root:_scene)_25
usemtl Combined_Mesh_(root:_scene)_25
usemap Combined_Mesh_(root:_scene)_25
f 569/569/569 571/571/571 570/570/570
f 570/570/570 571/571/571 572/572/572
f 573/573/573 575/575/575 574/574/574
f 574/574/574 575/575/575 576/576/576
g Combined_Mesh_(root:_scene)_26
usemtl Combined_Mesh_(root:_scene)_26
usemap Combined_Mesh_(root:_scene)_26
f 577/577/577 579/579/579 578/578/578
f 578/578/578 579/579/579 580/580/580
g Combined_Mesh_(root:_scene)_27
usemtl Combined_Mesh_(root:_scene)_27
usemap Combined_Mesh_(root:_scene)_27
f 581/581/581 583/583/583 582/582/582
f 582/582/582 583/583/583 584/584/584
f 585/585/585 587/587/587 586/586/586
f 585/585/585 586/586/586 588/588/588
f 589/589/589 591/591/591 590/590/590
f 589/589/589 590/590/590 592/592/592
g Combined_Mesh_(root:_scene)_28
usemtl Combined_Mesh_(root:_scene)_28
usemap Combined_Mesh_(root:_scene)_28
f 593/593/593 595/595/595 594/594/594
f 594/594/594 595/595/595 596/596/596
f 597/597/597 599/599/599 598/598/598
f 597/597/597 598/598/598 600/600/600
f 601/601/601 603/603/603 602/602/602
f 601/601/601 602/602/602 604/604/604
f 605/605/605 607/607/607 606/606/606
f 605/605/605 606/606/606 608/608/608
g Combined_Mesh_(root:_scene)_29
usemtl Combined_Mesh_(root:_scene)_29
usemap Combined_Mesh_(root:_scene)_29
f 609/609/609 611/611/611 610/610/610
f 609/609/609 610/610/610 612/612/612
f 613/613/613 615/615/615 614/614/614
f 613/613/613 614/614/614 616/616/616
f 617/617/617 619/619/619 618/618/618
f 617/617/617 618/618/618 620/620/620
f 621/621/621 623/623/623 622/622/622
f 621/621/621 622/622/622 624/624/624
f 625/625/625 627/627/627 626/626/626
f 625/625/625 626/626/626 628/628/628
f 629/629/629 631/631/631 630/630/630
f 629/629/629 630/630/630 632/632/632
f 633/633/633 635/635/635 634/634/634
f 633/633/633 634/634/634 636/636/636
f 637/637/637 639/639/639 638/638/638
f 637/637/637 638/638/638 640/640/640
g Combined_Mesh_(root:_scene)_30
usemtl Combined_Mesh_(root:_scene)_30
usemap Combined_Mesh_(root:_scene)_30
f 641/641/641 643/643/643 642/642/642
f 641/641/641 642/642/642 644/644/644
f 645/645/645 647/647/647 646/646/646
f 645/645/645 646/646/646 648/648/648
f 649/649/649 651/651/651 650/650/650
f 649/649/649 650/650/650 652/652/652
f 653/653/653 655/655/655 654/654/654
f 653/653/653 654/654/654 656/656/656
g Combined_Mesh_(root:_scene)_31
usemtl Combined_Mesh_(root:_scene)_31
usemap Combined_Mesh_(root:_scene)_31
f 657/657/657 659/659/659 658/658/658
f 657/657/657 658/658/658 660/660/660
f 661/661/661 663/663/663 662/662/662
f 661/661/661 662/662/662 664/664/664
f 665/665/665 667/667/667 666/666/666
f 665/665/665 666/666/666 668/668/668
f 669/669/669 671/671/671 670/670/670
f 669/669/669 670/670/670 672/672/672
f 673/673/673 675/675/675 674/674/674
f 673/673/673 674/674/674 676/676/676
f 677/677/677 679/679/679 678/678/678
f 677/677/677 678/678/678 680/680/680
g Combined_Mesh_(root:_scene)_32
usemtl Combined_Mesh_(root:_scene)_32
usemap Combined_Mesh_(root:_scene)_32
f 681/681/681 683/683/683 682/682/682
f 681/681/681 684/684/684 683/683/683
f 685/685/685 687/687/687 686/686/686
f 688/688/688 687/687/687 685/685/685
f 689/689/689 691/691/691 690/690/690
f 692/692/692 691/691/691 689/689/689
f 693/693/693 695/695/695 694/694/694
f 696/696/696 695/695/695 693/693/693
g Combined_Mesh_(root:_scene)_33
usemtl Combined_Mesh_(root:_scene)_33
usemap Combined_Mesh_(root:_scene)_33
f 697/697/697 699/699/699 698/698/698
f 700/700/700 699/699/699 697/697/697
f 701/701/701 703/703/703 702/702/702
f 704/704/704 703/703/703 701/701/701
f 705/705/705 707/707/707 706/706/706
f 708/708/708 707/707/707 705/705/705
f 709/709/709 711/711/711 710/710/710
f 712/712/712 711/711/711 709/709/709
f 713/713/713 715/715/715 714/714/714
f 716/716/716 715/715/715 713/713/713
f 717/717/717 719/719/719 718/718/718
f 720/720/720 719/719/719 717/717/717
f 721/721/721 723/723/723 722/722/722
f 724/724/724 723/723/723 721/721/721
f 725/725/725 727/727/727 726/726/726
f 728/728/728 727/727/727 725/725/725
f 729/729/729 731/731/731 730/730/730
f 732/732/732 731/731/731 729/729/729
f 733/733/733 735/735/735 734/734/734
f 736/736/736 735/735/735 733/733/733
f 737/737/737 739/739/739 738/738/738
f 740/740/740 739/739/739 737/737/737
f 741/741/741 743/743/743 742/742/742
f 744/744/744 743/743/743 741/741/741
g Combined_Mesh_(root:_scene)_34
usemtl Combined_Mesh_(root:_scene)_34
usemap Combined_Mesh_(root:_scene)_34
f 745/745/745 747/747/747 746/746/746
f 748/748/748 747/747/747 745/745/745
f 749/749/749 751/751/751 750/750/750
f 752/752/752 751/751/751 749/749/749
g Combined_Mesh_(root:_scene)_35
usemtl Combined_Mesh_(root:_scene)_35
usemap Combined_Mesh_(root:_scene)_35
f 753/753/753 755/755/755 754/754/754
f 756/756/756 755/755/755 753/753/753
f 757/757/757 759/759/759 758/758/758
f 760/760/760 759/759/759 757/757/757
f 761/761/761 763/763/763 762/762/762
f 764/764/764 763/763/763 761/761/761
f 765/765/765 767/767/767 766/766/766
f 768/768/768 767/767/767 765/765/765
g Combined_Mesh_(root:_scene)_36
usemtl Combined_Mesh_(root:_scene)_36
usemap Combined_Mesh_(root:_scene)_36
f 769/769/769 771/771/771 770/770/770
f 770/770/770 771/771/771 772/772/772
f 773/773/773 775/775/775 774/774/774
f 774/774/774 775/775/775 776/776/776
f 777/777/777 779/779/779 778/778/778
f 778/778/778 779/779/779 780/780/780
g Combined_Mesh_(root:_scene)_37
usemtl Combined_Mesh_(root:_scene)_37
usemap Combined_Mesh_(root:_scene)_37
f 781/781/781 783/783/783 782/782/782
f 781/781/781 782/782/782 784/784/784
f 785/785/785 787/787/787 786/786/786
f 788/788/788 790/790/790 789/789/789
f 791/791/791 793/793/793 792/792/792
f 791/791/791 792/792/792 794/794/794
f 794/794/794 792/792/792 795/795/795
f 796/796/796 798/798/798 797/797/797
f 796/796/796 797/797/797 799/799/799
f 800/800/800 802/802/802 801/801/801
f 801/801/801 804/804/804 803/803/803
f 802/802/802 804/804/804 801/801/801
f 803/803/803 804/804/804 805/805/805
f 806/806/806 808/808/808 807/807/807
f 807/807/807 808/808/808 809/809/809
f 808/808/808 811/811/811 810/810/810
f 810/810/810 809/809/809 808/808/808
f 812/812/812 807/807/807 809/809/809
f 812/812/812 809/809/809 813/813/813
f 814/814/814 816/816/816 815/815/815
f 815/815/815 816/816/816 817/817/817
f 818/818/818 820/820/820 819/819/819
f 821/821/821 823/823/823 822/822/822
f 823/823/823 824/824/824 822/822/822
f 822/822/822 824/824/824 825/825/825
f 826/826/826 828/828/828 827/827/827
f 826/826/826 827/827/827 829/829/829
f 830/830/830 832/832/832 831/831/831
f 833/833/833 832/832/832 830/830/830
f 831/831/831 834/834/834 830/830/830
f 830/830/830 836/836/836 835/835/835
f 834/834/834 836/836/836 830/830/830
f 837/837/837 839/839/839 838/838/838
f 837/837/837 838/838/838 840/840/840
f 841/841/841 843/843/843 842/842/842
f 844/844/844 843/843/843 841/841/841
f 845/845/845 847/847/847 846/846/846
f 845/845/845 848/848/848 847/847/847
f 849/849/849 851/851/851 850/850/850
f 852/852/852 851/851/851 849/849/849
f 853/853/853 855/855/855 854/854/854
f 856/856/856 855/855/855 853/853/853
f 857/857/857 859/859/859 858/858/858
f 860/860/860 862/862/862 861/861/861
f 860/860/860 863/863/863 862/862/862
f 864/864/864 863/863/863 860/860/860
f 865/865/865 867/867/867 866/866/866
f 865/865/865 868/868/868 867/867/867
f 865/865/865 866/866/866 869/869/869
f 866/866/866 867/867/867 870/870/870
f 871/871/871 873/873/873 872/872/872
f 874/874/874 873/873/873 871/871/871
f 875/875/875 877/877/877 876/876/876
f 875/875/875 879/879/879 878/878/878
f 875/875/875 878/878/878 877/877/877
f 879/879/879 880/880/880 878/878/878
f 875/875/875 882/882/882 881/881/881
f 882/882/882 884/884/884 883/883/883
f 883/883/883 881/881/881 882/882/882
f 885/885/885 887/887/887 886/886/886
f 885/885/885 888/888/888 887/887/887
f 889/889/889 891/891/891 890/890/890
f 892/892/892 891/891/891 889/889/889
f 893/893/893 895/895/895 894/894/894
f 896/896/896 898/898/898 897/897/897
f 896/896/896 899/899/899 898/898/898
f 900/900/900 902/902/902 901/901/901
f 903/903/903 902/902/902 900/900/900
f 904/904/904 906/906/906 905/905/905
f 904/904/904 905/905/905 907/907/907
f 906/906/906 908/908/908 905/905/905
f 909/909/909 910/910/910 905/905/905
f 909/909/909 905/905/905 908/908/908
f 911/911/911 913/913/913 912/912/912
f 914/914/914 913/913/913 911/911/911
f 915/915/915 917/917/917 916/916/916
f 918/918/918 917/917/917 915/915/915
f 919/919/919 921/921/921 920/920/920
f 921/921/921 922/922/922 920/920/920
f 923/923/923 925/925/925 924/924/924
f 923/923/923 926/926/926 925/925/925
f 924/924/924 925/925/925 927/927/927
f 923/923/923 924/924/924 928/928/928
f 929/929/929 931/931/931 930/930/930
f 929/929/929 932/932/932 931/931/931
f 931/931/931 934/934/934 933/933/933
f 933/933/933 935/935/935 930/930/930
f 933/933/933 930/930/930 931/931/931
f 936/936/936 938/938/938 937/937/937
f 936/936/936 939/939/939 938/938/938
f 940/940/940 942/942/942 941/941/941
f 940/940/940 941/941/941 943/943/943
f 944/944/944 946/946/946 945/945/945
f 944/944/944 947/947/947 946/946/946
f 948/948/948 950/950/950 949/949/949
f 951/951/951 950/950/950 948/948/948
f 952/952/952 954/954/954 953/953/953
f 955/955/955 953/953/953 954/954/954
f 956/956/956 958/958/958 957/957/957
f 959/959/959 958/958/958 956/956/956
f 960/960/960 962/962/962 961/961/961
f 960/960/960 961/961/961 963/963/963
g Combined_Mesh_(root:_scene)_38
usemtl Combined_Mesh_(root:_scene)_38
usemap Combined_Mesh_(root:_scene)_38
f 964/964/964 966/966/966 965/965/965
f 965/965/965 966/966/966 967/967/967
f 968/968/968 970/970/970 969/969/969
f 969/969/969 970/970/970 971/971/971
g Combined_Mesh_(root:_scene)_39
usemtl Combined_Mesh_(root:_scene)_39
usemap Combined_Mesh_(root:_scene)_39
f 972/972/972 974/974/974 973/973/973
f 972/972/972 973/973/973 975/975/975
g Combined_Mesh_(root:_scene)_40
usemtl Combined_Mesh_(root:_scene)_40
usemap Combined_Mesh_(root:_scene)_40
f 976/976/976 978/978/978 977/977/977
f 976/976/976 977/977/977 979/979/979
f 980/980/980 982/982/982 981/981/981
f 983/983/983 982/982/982 980/980/980
g Combined_Mesh_(root:_scene)_41
usemtl Combined_Mesh_(root:_scene)_41
usemap Combined_Mesh_(root:_scene)_41
f 984/984/984 986/986/986 985/985/985
f 985/985/985 986/986/986 987/987/987
f 988/988/988 990/990/990 989/989/989
f 989/989/989 990/990/990 991/991/991
f 992/992/992 994/994/994 993/993/993
f 993/993/993 994/994/994 995/995/995
g Combined_Mesh_(root:_scene)_42
usemtl Combined_Mesh_(root:_scene)_42
usemap Combined_Mesh_(root:_scene)_42
f 996/996/996 998/998/998 997/997/997
f 997/997/997 998/998/998 999/999/999
f 1000/1000/1000 1002/1002/1002 1001/1001/1001
f 1001/1001/1001 1002/1002/1002 1003/1003/1003
f 1004/1004/1004 1006/1006/1006 1005/1005/1005
f 1005/1005/1005 1006/1006/1006 1007/1007/1007
f 1008/1008/1008 1010/1010/1010 1009/1009/1009
f 1009/1009/1009 1010/1010/1010 1011/1011/1011
f 1012/1012/1012 1014/1014/1014 1013/1013/1013
f 1013/1013/1013 1014/1014/1014 1015/1015/1015
f 1016/1016/1016 1018/1018/1018 1017/1017/1017
f 1017/1017/1017 1018/1018/1018 1019/1019/1019
g Combined_Mesh_(root:_scene)_43
usemtl Combined_Mesh_(root:_scene)_43
usemap Combined_Mesh_(root:_scene)_43
f 1020/1020/1020 1022/1022/1022 1021/1021/1021
f 1021/1021/1021 1022/1022/1022 1023/1023/1023
f 1024/1024/1024 1026/1026/1026 1025/1025/1025
f 1025/1025/1025 1026/1026/1026 1027/1027/1027
f 1028/1028/1028 1030/1030/1030 1029/1029/1029
f 1029/1029/1029 1030/1030/1030 1031/1031/1031
g Combined_Mesh_(root:_scene)_44
usemtl Combined_Mesh_(root:_scene)_44
usemap Combined_Mesh_(root:_scene)_44
f 1032/1032/1032 1034/1034/1034 1033/1033/1033
f 1033/1033/1033 1034/1034/1034 1035/1035/1035
f 1036/1036/1036 1038/1038/1038 1037/1037/1037
f 1037/1037/1037 1038/1038/1038 1039/1039/1039
f 1040/1040/1040 1042/1042/1042 1041/1041/1041
f 1041/1041/1041 1042/1042/1042 1043/1043/1043
g Combined_Mesh_(root:_scene)_45
usemtl Combined_Mesh_(root:_scene)_45
usemap Combined_Mesh_(root:_scene)_45
f 1044/1044/1044 1046/1046/1046 1045/1045/1045
f 1045/1045/1045 1046/1046/1046 1047/1047/1047
f 1048/1048/1048 1050/1050/1050 1049/1049/1049
f 1049/1049/1049 1050/1050/1050 1051/1051/1051
f 1052/1052/1052 1054/1054/1054 1053/1053/1053
f 1053/1053/1053 1054/1054/1054 1055/1055/1055
f 1056/1056/1056 1058/1058/1058 1057/1057/1057
f 1057/1057/1057 1058/1058/1058 1059/1059/1059
f 1060/1060/1060 1062/1062/1062 1061/1061/1061
f 1061/1061/1061 1062/1062/1062 1063/1063/1063
f 1064/1064/1064 1066/1066/1066 1065/1065/1065
f 1065/1065/1065 1066/1066/1066 1067/1067/1067
g Combined_Mesh_(root:_scene)_46
usemtl Combined_Mesh_(root:_scene)_46
usemap Combined_Mesh_(root:_scene)_46
f 1068/1068/1068 1070/1070/1070 1069/1069/1069
f 1069/1069/1069 1070/1070/1070 1071/1071/1071
f 1072/1072/1072 1074/1074/1074 1073/1073/1073
f 1073/1073/1073 1074/1074/1074 1075/1075/1075
f 1076/1076/1076 1078/1078/1078 1077/1077/1077
f 1077/1077/1077 1078/1078/1078 1079/1079/1079
f 1080/1080/1080 1082/1082/1082 1081/1081/1081
f 1081/1081/1081 1082/1082/1082 1083/1083/1083
f 1084/1084/1084 1086/1086/1086 1085/1085/1085
f 1085/1085/1085 1086/1086/1086 1087/1087/1087
f 1088/1088/1088 1090/1090/1090 1089/1089/1089
f 1089/1089/1089 1090/1090/1090 1091/1091/1091
g Combined_Mesh_(root:_scene)_47
usemtl Combined_Mesh_(root:_scene)_47
usemap Combined_Mesh_(root:_scene)_47
f 1092/1092/1092 1094/1094/1094 1093/1093/1093
f 1093/1093/1093 1094/1094/1094 1095/1095/1095
f 1096/1096/1096 1098/1098/1098 1097/1097/1097
f 1097/1097/1097 1098/1098/1098 1099/1099/1099
f 1100/1100/1100 1102/1102/1102 1101/1101/1101
f 1101/1101/1101 1102/1102/1102 1103/1103/1103
f 1104/1104/1104 1106/1106/1106 1105/1105/1105
f 1105/1105/1105 1106/1106/1106 1107/1107/1107
f 1108/1108/1108 1110/1110/1110 1109/1109/1109
f 1109/1109/1109 1110/1110/1110 1111/1111/1111
f 1112/1112/1112 1114/1114/1114 1113/1113/1113
f 1113/1113/1113 1114/1114/1114 1115/1115/1115
g Combined_Mesh_(root:_scene)_48
usemtl Combined_Mesh_(root:_scene)_48
usemap Combined_Mesh_(root:_scene)_48
f 1116/1116/1116 1118/1118/1118 1117/1117/1117
f 1117/1117/1117 1118/1118/1118 1119/1119/1119
f 1120/1120/1120 1122/1122/1122 1121/1121/1121
f 1121/1121/1121 1122/1122/1122 1123/1123/1123
f 1124/1124/1124 1126/1126/1126 1125/1125/1125
f 1125/1125/1125 1126/1126/1126 1127/1127/1127
f 1128/1128/1128 1130/1130/1130 1129/1129/1129
f 1129/1129/1129 1130/1130/1130 1131/1131/1131
f 1132/1132/1132 1134/1134/1134 1133/1133/1133
f 1133/1133/1133 1134/1134/1134 1135/1135/1135
f 1136/1136/1136 1138/1138/1138 1137/1137/1137
f 1137/1137/1137 1138/1138/1138 1139/1139/1139
g Combined_Mesh_(root:_scene)_49
usemtl Combined_Mesh_(root:_scene)_49
usemap Combined_Mesh_(root:_scene)_49
f 1140/1140/1140 1142/1142/1142 1141/1141/1141
f 1141/1141/1141 1142/1142/1142 1143/1143/1143
f 1144/1144/1144 1146/1146/1146 1145/1145/1145
f 1145/1145/1145 1146/1146/1146 1147/1147/1147
f 1148/1148/1148 1150/1150/1150 1149/1149/1149
f 1149/1149/1149 1150/1150/1150 1151/1151/1151
f 1152/1152/1152 1154/1154/1154 1153/1153/1153
f 1153/1153/1153 1154/1154/1154 1155/1155/1155
f 1156/1156/1156 1158/1158/1158 1157/1157/1157
f 1157/1157/1157 1158/1158/1158 1159/1159/1159
f 1160/1160/1160 1162/1162/1162 1161/1161/1161
f 1161/1161/1161 1162/1162/1162 1163/1163/1163
g Combined_Mesh_(root:_scene)_50
usemtl Combined_Mesh_(root:_scene)_50
usemap Combined_Mesh_(root:_scene)_50
f 1164/1164/1164 1166/1166/1166 1165/1165/1165
f 1165/1165/1165 1166/1166/1166 1167/1167/1167
f 1168/1168/1168 1170/1170/1170 1169/1169/1169
f 1169/1169/1169 1170/1170/1170 1171/1171/1171
f 1172/1172/1172 1174/1174/1174 1173/1173/1173
f 1173/1173/1173 1174/1174/1174 1175/1175/1175
f 1176/1176/1176 1178/1178/1178 1177/1177/1177
f 1177/1177/1177 1178/1178/1178 1179/1179/1179
f 1180/1180/1180 1182/1182/1182 1181/1181/1181
f 1181/1181/1181 1182/1182/1182 1183/1183/1183
f 1184/1184/1184 1186/1186/1186 1185/1185/1185
f 1185/1185/1185 1186/1186/1186 1187/1187/1187
g Combined_Mesh_(root:_scene)_51
usemtl Combined_Mesh_(root:_scene)_51
usemap Combined_Mesh_(root:_scene)_51
f 1188/1188/1188 1190/1190/1190 1189/1189/1189
f 1189/1189/1189 1190/1190/1190 1191/1191/1191
f 1192/1192/1192 1194/1194/1194 1193/1193/1193
f 1193/1193/1193 1194/1194/1194 1195/1195/1195
f 1196/1196/1196 1198/1198/1198 1197/1197/1197
f 1197/1197/1197 1198/1198/1198 1199/1199/1199
f 1200/1200/1200 1202/1202/1202 1201/1201/1201
f 1201/1201/1201 1202/1202/1202 1203/1203/1203
f 1204/1204/1204 1206/1206/1206 1205/1205/1205
f 1205/1205/1205 1206/1206/1206 1207/1207/1207
f 1208/1208/1208 1210/1210/1210 1209/1209/1209
f 1209/1209/1209 1210/1210/1210 1211/1211/1211
g Combined_Mesh_(root:_scene)_52
usemtl Combined_Mesh_(root:_scene)_52
usemap Combined_Mesh_(root:_scene)_52
f 1212/1212/1212 1214/1214/1214 1213/1213/1213
f 1213/1213/1213 1214/1214/1214 1215/1215/1215
f 1216/1216/1216 1218/1218/1218 1217/1217/1217
f 1217/1217/1217 1218/1218/1218 1219/1219/1219
f 1220/1220/1220 1222/1222/1222 1221/1221/1221
f 1221/1221/1221 1222/1222/1222 1223/1223/1223
f 1224/1224/1224 1226/1226/1226 1225/1225/1225
f 1225/1225/1225 1226/1226/1226 1227/1227/1227
f 1228/1228/1228 1230/1230/1230 1229/1229/1229
f 1229/1229/1229 1230/1230/1230 1231/1231/1231
f 1232/1232/1232 1234/1234/1234 1233/1233/1233
f 1233/1233/1233 1234/1234/1234 1235/1235/1235
g Combined_Mesh_(root:_scene)_53
usemtl Combined_Mesh_(root:_scene)_53
usemap Combined_Mesh_(root:_scene)_53
f 1236/1236/1236 1238/1238/1238 1237/1237/1237
f 1237/1237/1237 1238/1238/1238 1239/1239/1239
f 1240/1240/1240 1242/1242/1242 1241/1241/1241
f 1241/1241/1241 1242/1242/1242 1243/1243/1243
f 1244/1244/1244 1246/1246/1246 1245/1245/1245
f 1245/1245/1245 1246/1246/1246 1247/1247/1247
f 1248/1248/1248 1250/1250/1250 1249/1249/1249
f 1249/1249/1249 1250/1250/1250 1251/1251/1251
f 1252/1252/1252 1254/1254/1254 1253/1253/1253
f 1253/1253/1253 1254/1254/1254 1255/1255/1255
f 1256/1256/1256 1258/1258/1258 1257/1257/1257
f 1257/1257/1257 1258/1258/1258 1259/1259/1259
g Combined_Mesh_(root:_scene)_54
usemtl Combined_Mesh_(root:_scene)_54
usemap Combined_Mesh_(root:_scene)_54
f 1260/1260/1260 1262/1262/1262 1261/1261/1261
f 1261/1261/1261 1262/1262/1262 1263/1263/1263
f 1264/1264/1264 1266/1266/1266 1265/1265/1265
f 1265/1265/1265 1266/1266/1266 1267/1267/1267
f 1268/1268/1268 1270/1270/1270 1269/1269/1269
f 1269/1269/1269 1270/1270/1270 1271/1271/1271
f 1272/1272/1272 1274/1274/1274 1273/1273/1273
f 1273/1273/1273 1274/1274/1274 1275/1275/1275
f 1276/1276/1276 1278/1278/1278 1277/1277/1277
f 1277/1277/1277 1278/1278/1278 1279/1279/1279
f 1280/1280/1280 1282/1282/1282 1281/1281/1281
f 1281/1281/1281 1282/1282/1282 1283/1283/1283
g Combined_Mesh_(root:_scene)_55
usemtl Combined_Mesh_(root:_scene)_55
usemap Combined_Mesh_(root:_scene)_55
f 1284/1284/1284 1286/1286/1286 1285/1285/1285
f 1285/1285/1285 1286/1286/1286 1287/1287/1287
f 1288/1288/1288 1290/1290/1290 1289/1289/1289
f 1289/1289/1289 1290/1290/1290 1291/1291/1291
f 1292/1292/1292 1294/1294/1294 1293/1293/1293
f 1293/1293/1293 1294/1294/1294 1295/1295/1295
f 1296/1296/1296 1298/1298/1298 1297/1297/1297
f 1297/1297/1297 1298/1298/1298 1299/1299/1299
f 1300/1300/1300 1302/1302/1302 1301/1301/1301
f 1301/1301/1301 1302/1302/1302 1303/1303/1303
f 1304/1304/1304 1306/1306/1306 1305/1305/1305
f 1305/1305/1305 1306/1306/1306 1307/1307/1307
g Combined_Mesh_(root:_scene)_56
usemtl Combined_Mesh_(root:_scene)_56
usemap Combined_Mesh_(root:_scene)_56
f 1308/1308/1308 1310/1310/1310 1309/1309/1309
f 1309/1309/1309 1310/1310/1310 1311/1311/1311
f 1312/1312/1312 1314/1314/1314 1313/1313/1313
f 1313/1313/1313 1314/1314/1314 1315/1315/1315
f 1316/1316/1316 1318/1318/1318 1317/1317/1317
f 1317/1317/1317 1318/1318/1318 1319/1319/1319
f 1320/1320/1320 1322/1322/1322 1321/1321/1321
f 1321/1321/1321 1322/1322/1322 1323/1323/1323
f 1324/1324/1324 1326/1326/1326 1325/1325/1325
f 1325/1325/1325 1326/1326/1326 1327/1327/1327
f 1328/1328/1328 1330/1330/1330 1329/1329/1329
f 1329/1329/1329 1330/1330/1330 1331/1331/1331
g Combined_Mesh_(root:_scene)_57
usemtl Combined_Mesh_(root:_scene)_57
usemap Combined_Mesh_(root:_scene)_57
f 1332/1332/1332 1334/1334/1334 1333/1333/1333
f 1333/1333/1333 1334/1334/1334 1335/1335/1335
f 1336/1336/1336 1338/1338/1338 1337/1337/1337
f 1337/1337/1337 1338/1338/1338 1339/1339/1339
f 1340/1340/1340 1342/1342/1342 1341/1341/1341
f 1341/1341/1341 1342/1342/1342 1343/1343/1343
f 1344/1344/1344 1346/1346/1346 1345/1345/1345
f 1345/1345/1345 1346/1346/1346 1347/1347/1347
f 1348/1348/1348 1350/1350/1350 1349/1349/1349
f 1349/1349/1349 1350/1350/1350 1351/1351/1351
f 1352/1352/1352 1354/1354/1354 1353/1353/1353
f 1353/1353/1353 1354/1354/1354 1355/1355/1355
g Combined_Mesh_(root:_scene)_58
usemtl Combined_Mesh_(root:_scene)_58
usemap Combined_Mesh_(root:_scene)_58
f 1356/1356/1356 1358/1358/1358 1357/1357/1357
f 1357/1357/1357 1358/1358/1358 1359/1359/1359
f 1360/1360/1360 1362/1362/1362 1361/1361/1361
f 1361/1361/1361 1362/1362/1362 1363/1363/1363
f 1364/1364/1364 1366/1366/1366 1365/1365/1365
f 1365/1365/1365 1366/1366/1366 1367/1367/1367
f 1368/1368/1368 1370/1370/1370 1369/1369/1369
f 1369/1369/1369 1370/1370/1370 1371/1371/1371
f 1372/1372/1372 1374/1374/1374 1373/1373/1373
f 1373/1373/1373 1374/1374/1374 1375/1375/1375
f 1376/1376/1376 1378/1378/1378 1377/1377/1377
f 1377/1377/1377 1378/1378/1378 1379/1379/1379
g Combined_Mesh_(root:_scene)_59
usemtl Combined_Mesh_(root:_scene)_59
usemap Combined_Mesh_(root:_scene)_59
f 1380/1380/1380 1382/1382/1382 1381/1381/1381
f 1381/1381/1381 1382/1382/1382 1383/1383/1383
f 1384/1384/1384 1386/1386/1386 1385/1385/1385
f 1385/1385/1385 1386/1386/1386 1387/1387/1387
f 1388/1388/1388 1390/1390/1390 1389/1389/1389
f 1389/1389/1389 1390/1390/1390 1391/1391/1391
f 1392/1392/1392 1394/1394/1394 1393/1393/1393
f 1393/1393/1393 1394/1394/1394 1395/1395/1395
f 1396/1396/1396 1398/1398/1398 1397/1397/1397
f 1397/1397/1397 1398/1398/1398 1399/1399/1399
f 1400/1400/1400 1402/1402/1402 1401/1401/1401
f 1401/1401/1401 1402/1402/1402 1403/1403/1403
g Combined_Mesh_(root:_scene)_60
usemtl Combined_Mesh_(root:_scene)_60
usemap Combined_Mesh_(root:_scene)_60
f 1404/1404/1404 1406/1406/1406 1405/1405/1405
f 1405/1405/1405 1406/1406/1406 1407/1407/1407
f 1408/1408/1408 1410/1410/1410 1409/1409/1409
f 1409/1409/1409 1410/1410/1410 1411/1411/1411
f 1412/1412/1412 1414/1414/1414 1413/1413/1413
f 1413/1413/1413 1414/1414/1414 1415/1415/1415
f 1416/1416/1416 1418/1418/1418 1417/1417/1417
f 1417/1417/1417 1418/1418/1418 1419/1419/1419
f 1420/1420/1420 1422/1422/1422 1421/1421/1421
f 1421/1421/1421 1422/1422/1422 1423/1423/1423
f 1424/1424/1424 1426/1426/1426 1425/1425/1425
f 1425/1425/1425 1426/1426/1426 1427/1427/1427
g Combined_Mesh_(root:_scene)_61
usemtl Combined_Mesh_(root:_scene)_61
usemap Combined_Mesh_(root:_scene)_61
f 1428/1428/1428 1430/1430/1430 1429/1429/1429
f 1428/1428/1428 1429/1429/1429 1431/1431/1431
f 1432/1432/1432 1434/1434/1434 1433/1433/1433
f 1432/1432/1432 1433/1433/1433 1435/1435/1435
f 1436/1436/1436 1438/1438/1438 1437/1437/1437
f 1436/1436/1436 1437/1437/1437 1439/1439/1439
f 1440/1440/1440 1442/1442/1442 1441/1441/1441
f 1440/1440/1440 1441/1441/1441 1443/1443/1443
f 1444/1444/1444 1446/1446/1446 1445/1445/1445
f 1444/1444/1444 1445/1445/1445 1447/1447/1447
f 1448/1448/1448 1450/1450/1450 1449/1449/1449
f 1448/1448/1448 1449/1449/1449 1451/1451/1451
g Combined_Mesh_(root:_scene)_62
usemtl Combined_Mesh_(root:_scene)_62
usemap Combined_Mesh_(root:_scene)_62
f 1452/1452/1452 1454/1454/1454 1453/1453/1453
f 1452/1452/1452 1453/1453/1453 1455/1455/1455
f 1456/1456/1456 1458/1458/1458 1457/1457/1457
f 1456/1456/1456 1457/1457/1457 1459/1459/1459
f 1460/1460/1460 1462/1462/1462 1461/1461/1461
f 1460/1460/1460 1461/1461/1461 1463/1463/1463
f 1464/1464/1464 1466/1466/1466 1465/1465/1465
f 1464/1464/1464 1465/1465/1465 1467/1467/1467
g Combined_Mesh_(root:_scene)_63
usemtl Combined_Mesh_(root:_scene)_63
usemap Combined_Mesh_(root:_scene)_63
f 1468/1468/1468 1470/1470/1470 1469/1469/1469
f 1468/1468/1468 1469/1469/1469 1471/1471/1471
f 1472/1472/1472 1474/1474/1474 1473/1473/1473
f 1472/1472/1472 1473/1473/1473 1475/1475/1475
g Combined_Mesh_(root:_scene)_64
usemtl Combined_Mesh_(root:_scene)_64
usemap Combined_Mesh_(root:_scene)_64
f 1476/1476/1476 1478/1478/1478 1477/1477/1477
f 1479/1479/1479 1478/1478/1478 1476/1476/1476
f 1480/1480/1480 1482/1482/1482 1481/1481/1481
f 1483/1483/1483 1482/1482/1482 1480/1480/1480
f 1484/1484/1484 1486/1486/1486 1485/1485/1485
f 1484/1484/1484 1487/1487/1487 1486/1486/1486
f 1488/1488/1488 1487/1487/1487 1484/1484/1484
f 1489/1489/1489 1491/1491/1491 1490/1490/1490
f 1492/1492/1492 1491/1491/1491 1489/1489/1489
f 1493/1493/1493 1495/1495/1495 1494/1494/1494
f 1493/1493/1493 1497/1497/1497 1496/1496/1496
f 1493/1493/1493 1496/1496/1496 1495/1495/1495
f 1497/1497/1497 1498/1498/1498 1496/1496/1496
f 1493/1493/1493 1500/1500/1500 1499/1499/1499
f 1500/1500/1500 1502/1502/1502 1501/1501/1501
f 1500/1500/1500 1503/1503/1503 1502/1502/1502
f 1501/1501/1501 1499/1499/1499 1500/1500/1500
f 1504/1504/1504 1506/1506/1506 1505/1505/1505
f 1504/1504/1504 1507/1507/1507 1506/1506/1506
f 1508/1508/1508 1510/1510/1510 1509/1509/1509
f 1511/1511/1511 1510/1510/1510 1508/1508/1508
f 1512/1512/1512 1514/1514/1514 1513/1513/1513
f 1515/1515/1515 1514/1514/1514 1512/1512/1512
f 1516/1516/1516 1518/1518/1518 1517/1517/1517
f 1516/1516/1516 1519/1519/1519 1518/1518/1518
f 1520/1520/1520 1522/1522/1522 1521/1521/1521
f 1523/1523/1523 1522/1522/1522 1520/1520/1520
f 1524/1524/1524 1526/1526/1526 1525/1525/1525
f 1524/1524/1524 1525/1525/1525 1527/1527/1527
f 1526/1526/1526 1528/1528/1528 1525/1525/1525
f 1529/1529/1529 1530/1530/1530 1525/1525/1525
f 1529/1529/1529 1525/1525/1525 1528/1528/1528
f 1531/1531/1531 1533/1533/1533 1532/1532/1532
f 1534/1534/1534 1533/1533/1533 1531/1531/1531
f 1535/1535/1535 1537/1537/1537 1536/1536/1536
f 1535/1535/1535 1536/1536/1536 1538/1538/1538
f 1539/1539/1539 1541/1541/1541 1540/1540/1540
f 1542/1542/1542 1543/1543/1543 1539/1539/1539
f 1539/1539/1539 1543/1543/1543 1541/1541/1541
f 1541/1541/1541 1543/1543/1543 1544/1544/1544
f 1545/1545/1545 1547/1547/1547 1546/1546/1546
f 1545/1545/1545 1546/1546/1546 1548/1548/1548
f 1549/1549/1549 1551/1551/1551 1550/1550/1550
f 1550/1550/1550 1553/1553/1553 1552/1552/1552
f 1551/1551/1551 1553/1553/1553 1550/1550/1550
g Combined_Mesh_(root:_scene)_65
usemtl Combined_Mesh_(root:_scene)_65
usemap Combined_Mesh_(root:_scene)_65
f 1554/1554/1554 1556/1556/1556 1555/1555/1555
f 1555/1555/1555 1556/1556/1556 1557/1557/1557
f 1558/1558/1558 1560/1560/1560 1559/1559/1559
f 1558/1558/1558 1559/1559/1559 1561/1561/1561
f 1562/1562/1562 1564/1564/1564 1563/1563/1563
f 1562/1562/1562 1563/1563/1563 1565/1565/1565
f 1566/1566/1566 1568/1568/1568 1567/1567/1567
f 1567/1567/1567 1568/1568/1568 1569/1569/1569
f 1569/1569/1569 1568/1568/1568 1570/1570/1570
f 1567/1567/1567 1569/1569/1569 1571/1571/1571
f 1572/1572/1572 1574/1574/1574 1573/1573/1573
f 1574/1574/1574 1572/1572/1572 1575/1575/1575
f 1576/1576/1576 1578/1578/1578 1577/1577/1577
f 1578/1578/1578 1579/1579/1579 1577/1577/1577
f 1580/1580/1580 1582/1582/1582 1581/1581/1581
f 1583/1583/1583 1582/1582/1582 1580/1580/1580
f 1584/1584/1584 1586/1586/1586 1585/1585/1585
f 1585/1585/1585 1586/1586/1586 1587/1587/1587
f 1588/1588/1588 1590/1590/1590 1589/1589/1589
f 1591/1591/1591 1592/1592/1592 1590/1590/1590
f 1591/1591/1591 1593/1593/1593 1592/1592/1592
f 1588/1588/1588 1594/1594/1594 1590/1590/1590
f 1590/1590/1590 1594/1594/1594 1591/1591/1591
f 1595/1595/1595 1597/1597/1597 1596/1596/1596
f 1595/1595/1595 1598/1598/1598 1597/1597/1597
f 1597/1597/1597 1598/1598/1598 1599/1599/1599
f 1599/1599/1599 1598/1598/1598 1600/1600/1600
f 1601/1601/1601 1603/1603/1603 1602/1602/1602
f 1602/1602/1602 1603/1603/1603 1604/1604/1604
f 1605/1605/1605 1604/1604/1604 1603/1603/1603
f 1606/1606/1606 1608/1608/1608 1607/1607/1607
f 1606/1606/1606 1607/1607/1607 1609/1609/1609
f 1610/1610/1610 1612/1612/1612 1611/1611/1611
f 1611/1611/1611 1612/1612/1612 1613/1613/1613
f 1614/1614/1614 1611/1611/1611 1615/1615/1615
f 1613/1613/1613 1615/1615/1615 1611/1611/1611
f 1616/1616/1616 1615/1615/1615 1613/1613/1613
f 1617/1617/1617 1619/1619/1619 1618/1618/1618
f 1618/1618/1618 1621/1621/1621 1620/1620/1620
f 1619/1619/1619 1621/1621/1621 1618/1618/1618
f 1622/1622/1622 1624/1624/1624 1623/1623/1623
f 1622/1622/1622 1623/1623/1623 1625/1625/1625
f 1626/1626/1626 1628/1628/1628 1627/1627/1627
f 1627/1627/1627 1629/1629/1629 1626/1626/1626
g Combined_Mesh_(root:_scene)_66
usemtl Combined_Mesh_(root:_scene)_66
usemap Combined_Mesh_(root:_scene)_66
f 1630/1630/1630 1632/1632/1632 1631/1631/1631
f 1630/1630/1630 1631/1631/1631 1633/1633/1633
f 1634/1634/1634 1636/1636/1636 1635/1635/1635
f 1634/1634/1634 1635/1635/1635 1637/1637/1637
f 1638/1638/1638 1640/1640/1640 1639/1639/1639
f 1638/1638/1638 1639/1639/1639 1641/1641/1641
f 1642/1642/1642 1644/1644/1644 1643/1643/1643
f 1642/1642/1642 1643/1643/1643 1645/1645/1645
f 1646/1646/1646 1648/1648/1648 1647/1647/1647
f 1649/1649/1649 1648/1648/1648 1646/1646/1646
f 1650/1650/1650 1652/1652/1652 1651/1651/1651
f 1651/1651/1651 1652/1652/1652 1653/1653/1653
f 1654/1654/1654 1656/1656/1656 1655/1655/1655
f 1655/1655/1655 1656/1656/1656 1657/1657/1657
f 1658/1658/1658 1660/1660/1660 1659/1659/1659
f 1659/1659/1659 1660/1660/1660 1661/1661/1661
f 1662/1662/1662 1664/1664/1664 1663/1663/1663
f 1663/1663/1663 1664/1664/1664 1665/1665/1665
f 1666/1666/1666 1668/1668/1668 1667/1667/1667
f 1667/1667/1667 1668/1668/1668 1669/1669/1669
g Combined_Mesh_(root:_scene)_67
usemtl Combined_Mesh_(root:_scene)_67
usemap Combined_Mesh_(root:_scene)_67
f 1670/1670/1670 1672/1672/1672 1671/1671/1671
f 1670/1670/1670 1671/1671/1671 1673/1673/1673
f 1674/1674/1674 1676/1676/1676 1675/1675/1675
f 1674/1674/1674 1675/1675/1675 1677/1677/1677
f 1678/1678/1678 1680/1680/1680 1679/1679/1679
f 1678/1678/1678 1679/1679/1679 1681/1681/1681
f 1681/1681/1681 1679/1679/1679 1682/1682/1682
f 1683/1683/1683 1685/1685/1685 1684/1684/1684
f 1683/1683/1683 1684/1684/1684 1686/1686/1686
f 1687/1687/1687 1689/1689/1689 1688/1688/1688
f 1688/1688/1688 1691/1691/1691 1690/1690/1690
f 1689/1689/1689 1691/1691/1691 1688/1688/1688
f 1690/1690/1690 1691/1691/1691 1692/1692/1692
f 1693/1693/1693 1691/1691/1691 1694/1694/1694
f 1694/1694/1694 1695/1695/1695 1693/1693/1693
f 1696/1696/1696 1693/1693/1693 1697/1697/1697
f 1697/1697/1697 1693/1693/1693 1695/1695/1695
f 1698/1698/1698 1700/1700/1700 1699/1699/1699
f 1699/1699/1699 1700/1700/1700 1701/1701/1701
f 1702/1702/1702 1704/1704/1704 1703/1703/1703
f 1702/1702/1702 1703/1703/1703 1705/1705/1705
f 1706/1706/1706 1708/1708/1708 1707/1707/1707
f 1706/1706/1706 1707/1707/1707 1709/1709/1709
f 1710/1710/1710 1712/1712/1712 1711/1711/1711
f 1711/1711/1711 1712/1712/1712 1713/1713/1713
f 1714/1714/1714 1716/1716/1716 1715/1715/1715
f 1714/1714/1714 1715/1715/1715 1717/1717/1717
f 1718/1718/1718 1720/1720/1720 1719/1719/1719
f 1721/1721/1721 1720/1720/1720 1718/1718/1718
f 1719/1719/1719 1722/1722/1722 1718/1718/1718
f 1718/1718/1718 1724/1724/1724 1723/1723/1723
f 1722/1722/1722 1724/1724/1724 1718/1718/1718
f 1725/1725/1725 1727/1727/1727 1726/1726/1726
f 1725/1725/1725 1726/1726/1726 1728/1728/1728
f 1729/1729/1729 1731/1731/1731 1730/1730/1730
f 1729/1729/1729 1730/1730/1730 1732/1732/1732
f 1733/1733/1733 1735/1735/1735 1734/1734/1734
f 1734/1734/1734 1735/1735/1735 1736/1736/1736
f 1737/1737/1737 1739/1739/1739 1738/1738/1738
f 1740/1740/1740 1739/1739/1739 1737/1737/1737
g Combined_Mesh_(root:_scene)_68
usemtl Combined_Mesh_(root:_scene)_68
usemap Combined_Mesh_(root:_scene)_68
f 1741/1741/1741 1743/1743/1743 1742/1742/1742
f 1742/1742/1742 1743/1743/1743 1744/1744/1744
f 1745/1745/1745 1747/1747/1747 1746/1746/1746
f 1746/1746/1746 1747/1747/1747 1748/1748/1748
f 1749/1749/1749 1751/1751/1751 1750/1750/1750
f 1750/1750/1750 1751/1751/1751 1752/1752/1752
f 1753/1753/1753 1755/1755/1755 1754/1754/1754
f 1754/1754/1754 1755/1755/1755 1756/1756/1756
g Combined_Mesh_(root:_scene)_69
usemtl Combined_Mesh_(root:_scene)_69
usemap Combined_Mesh_(root:_scene)_69
f 1757/1757/1757 1759/1759/1759 1758/1758/1758
f 1757/1757/1757 1758/1758/1758 1760/1760/1760
f 1761/1761/1761 1763/1763/1763 1762/1762/1762
f 1761/1761/1761 1762/1762/1762 1764/1764/1764
f 1765/1765/1765 1767/1767/1767 1766/1766/1766
f 1765/1765/1765 1766/1766/1766 1768/1768/1768
f 1769/1769/1769 1771/1771/1771 1770/1770/1770
f 1769/1769/1769 1770/1770/1770 1772/1772/1772
f 1773/1773/1773 1775/1775/1775 1774/1774/1774
f 1773/1773/1773 1774/1774/1774 1776/1776/1776
f 1777/1777/1777 1779/1779/1779 1778/1778/1778
f 1777/1777/1777 1778/1778/1778 1780/1780/1780
g Combined_Mesh_(root:_scene)_70
usemtl Combined_Mesh_(root:_scene)_70
usemap Combined_Mesh_(root:_scene)_70
f 1781/1781/1781 1783/1783/1783 1782/1782/1782
f 1781/1781/1781 1782/1782/1782 1784/1784/1784
f 1785/1785/1785 1787/1787/1787 1786/1786/1786
f 1785/1785/1785 1786/1786/1786 1788/1788/1788
f 1789/1789/1789 1791/1791/1791 1790/1790/1790
f 1789/1789/1789 1790/1790/1790 1792/1792/1792
g Combined_Mesh_(root:_scene)_71
usemtl Combined_Mesh_(root:_scene)_71
usemap Combined_Mesh_(root:_scene)_71
f 1793/1793/1793 1795/1795/1795 1794/1794/1794
f 1794/1794/1794 1795/1795/1795 1796/1796/1796
f 1797/1797/1797 1799/1799/1799 1798/1798/1798
f 1798/1798/1798 1799/1799/1799 1800/1800/1800
f 1801/1801/1801 1803/1803/1803 1802/1802/1802
f 1801/1801/1801 1802/1802/1802 1804/1804/1804
f 1805/1805/1805 1807/1807/1807 1806/1806/1806
f 1805/1805/1805 1806/1806/1806 1808/1808/1808
g Combined_Mesh_(root:_scene)_72
usemtl Combined_Mesh_(root:_scene)_72
usemap Combined_Mesh_(root:_scene)_72
f 1809/1809/1809 1811/1811/1811 1810/1810/1810
f 1812/1812/1812 1811/1811/1811 1809/1809/1809
f 1813/1813/1813 1815/1815/1815 1814/1814/1814
f 1813/1813/1813 1814/1814/1814 1816/1816/1816
g Combined_Mesh_(root:_scene)_73
usemtl Combined_Mesh_(root:_scene)_73
usemap Combined_Mesh_(root:_scene)_73
f 1817/1817/1817 1819/1819/1819 1818/1818/1818
f 1817/1817/1817 1820/1820/1820 1819/1819/1819
f 1821/1821/1821 1823/1823/1823 1822/1822/1822
f 1824/1824/1824 1823/1823/1823 1821/1821/1821
f 1825/1825/1825 1827/1827/1827 1826/1826/1826
f 1828/1828/1828 1827/1827/1827 1825/1825/1825
f 1829/1829/1829 1831/1831/1831 1830/1830/1830
f 1832/1832/1832 1831/1831/1831 1829/1829/1829
f 1833/1833/1833 1835/1835/1835 1834/1834/1834
f 1836/1836/1836 1835/1835/1835 1833/1833/1833
f 1837/1837/1837 1839/1839/1839 1838/1838/1838
f 1840/1840/1840 1839/1839/1839 1837/1837/1837
g Combined_Mesh_(root:_scene)_74
usemtl Combined_Mesh_(root:_scene)_74
usemap Combined_Mesh_(root:_scene)_74
f 1841/1841/1841 1843/1843/1843 1842/1842/1842
f 1844/1844/1844 1843/1843/1843 1841/1841/1841
f 1845/1845/1845 1847/1847/1847 1846/1846/1846
f 1848/1848/1848 1847/1847/1847 1845/1845/1845
f 1849/1849/1849 1851/1851/1851 1850/1850/1850
f 1852/1852/1852 1851/1851/1851 1849/1849/1849
f 1853/1853/1853 1855/1855/1855 1854/1854/1854
f 1856/1856/1856 1855/1855/1855 1853/1853/1853
g Combined_Mesh_(root:_scene)_75
usemtl Combined_Mesh_(root:_scene)_75
usemap Combined_Mesh_(root:_scene)_75
f 1857/1857/1857 1859/1859/1859 1858/1858/1858
f 1860/1860/1860 1859/1859/1859 1857/1857/1857
f 1861/1861/1861 1863/1863/1863 1862/1862/1862
f 1864/1864/1864 1863/1863/1863 1861/1861/1861
f 1865/1865/1865 1867/1867/1867 1866/1866/1866
f 1868/1868/1868 1867/1867/1867 1865/1865/1865
f 1869/1869/1869 1871/1871/1871 1870/1870/1870
f 1872/1872/1872 1871/1871/1871 1869/1869/1869
f 1873/1873/1873 1875/1875/1875 1874/1874/1874
f 1876/1876/1876 1875/1875/1875 1873/1873/1873
g Combined_Mesh_(root:_scene)_76
usemtl Combined_Mesh_(root:_scene)_76
usemap Combined_Mesh_(root:_scene)_76
f 1877/1877/1877 1879/1879/1879 1878/1878/1878
f 1878/1878/1878 1879/1879/1879 1880/1880/1880
f 1881/1881/1881 1883/1883/1883 1882/1882/1882
f 1882/1882/1882 1883/1883/1883 1884/1884/1884
f 1885/1885/1885 1887/1887/1887 1886/1886/1886
f 1886/1886/1886 1887/1887/1887 1888/1888/1888
g Combined_Mesh_(root:_scene)_77
usemtl Combined_Mesh_(root:_scene)_77
usemap Combined_Mesh_(root:_scene)_77
f 1889/1889/1889 1891/1891/1891 1890/1890/1890
f 1890/1890/1890 1891/1891/1891 1892/1892/1892
f 1893/1893/1893 1895/1895/1895 1894/1894/1894
f 1894/1894/1894 1895/1895/1895 1896/1896/1896
f 1897/1897/1897 1899/1899/1899 1898/1898/1898
f 1898/1898/1898 1899/1899/1899 1900/1900/1900
f 1901/1901/1901 1903/1903/1903 1902/1902/1902
f 1902/1902/1902 1903/1903/1903 1904/1904/1904
g Combined_Mesh_(root:_scene)_78
usemtl Combined_Mesh_(root:_scene)_78
usemap Combined_Mesh_(root:_scene)_78
f 1905/1905/1905 1907/1907/1907 1906/1906/1906
f 1906/1906/1906 1907/1907/1907 1908/1908/1908
f 1909/1909/1909 1911/1911/1911 1910/1910/1910
f 1910/1910/1910 1911/1911/1911 1912/1912/1912
f 1913/1913/1913 1915/1915/1915 1914/1914/1914
f 1914/1914/1914 1915/1915/1915 1916/1916/1916
g Combined_Mesh_(root:_scene)_79
usemtl Combined_Mesh_(root:_scene)_79
usemap Combined_Mesh_(root:_scene)_79
f 1917/1917/1917 1919/1919/1919 1918/1918/1918
f 1918/1918/1918 1919/1919/1919 1920/1920/1920
f 1921/1921/1921 1923/1923/1923 1922/1922/1922
f 1922/1922/1922 1923/1923/1923 1924/1924/1924
f 1925/1925/1925 1927/1927/1927 1926/1926/1926
f 1926/1926/1926 1927/1927/1927 1928/1928/1928
f 1929/1929/1929 1931/1931/1931 1930/1930/1930
f 1930/1930/1930 1931/1931/1931 1932/1932/1932
g Combined_Mesh_(root:_scene)_80
usemtl Combined_Mesh_(root:_scene)_80
usemap Combined_Mesh_(root:_scene)_80
f 1933/1933/1933 1935/1935/1935 1934/1934/1934
f 1934/1934/1934 1935/1935/1935 1936/1936/1936
f 1937/1937/1937 1939/1939/1939 1938/1938/1938
f 1938/1938/1938 1939/1939/1939 1940/1940/1940
f 1941/1941/1941 1943/1943/1943 1942/1942/1942
f 1942/1942/1942 1943/1943/1943 1944/1944/1944
f 1945/1945/1945 1947/1947/1947 1946/1946/1946
f 1946/1946/1946 1947/1947/1947 1948/1948/1948
