#Combined_Mesh_(root:_scene).obj

v -37 1 57
v -38 1 57
v -37 2 57
v -38 2 57
v -38 1 57
v -38 1 56
v -38 2 57
v -38 2 56
v -38 1 56
v -37 1 56
v -38 2 56
v -37 2 56
v -37 1 56
v -37 1 57
v -37 2 56
v -37 2 57
v -37 2 57
v -38 2 57
v -37 2 56
v -38 2 56
v -37 1 56
v -38 1 56
v -37 1 57
v -38 1 57
v -17 1 63
v -17 1 62
v -17 3 63
v -17 3 62
v -17 1 62
v -15 1 62
v -17 3 62
v -15 3 62
v -15 3 64
v -15 1 64
v -16 1 64
v -16 3 64
v -16 1 63
v -16 3 64
v -16 1 64
v -16 3 63
v -17 1 63
v -16 3 63
v -16 1 63
v -17 3 63
v -16 3 63
v -17 3 62
v -15 3 62
v -17 3 63
v -15 3 64
v -16 3 64
v -6 1 46
v -7 1 46
v -6 3 46
v -7 3 46
v -7 1 46
v -7 1 45
v -7 3 46
v -7 3 45
v -7 1 45
v -6 1 45
v -7 3 45
v -6 3 45
v -6 1 45
v -6 1 46
v -6 3 45
v -6 3 46
v -6 3 46
v -7 3 46
v -6 3 45
v -7 3 45
v -6 1 45
v -7 1 45
v -6 1 46
v -7 1 46
v 8 1 87
v 6 1 87
v 8 3 87
v 6 3 87
v 6 1 87
v 6 1 85
v 6 3 87
v 6 3 85
v 6 1 85
v 8 1 85
v 6 3 85
v 8 3 85
v 8 1 85
v 8 1 87
v 8 3 85
v 8 3 87
v 8 3 87
v 6 3 87
v 8 3 85
v 6 3 85
v 8 1 85
v 6 1 85
v 8 1 87
v 6 1 87
v -12 1 55
v -13 1 55
v -12 3 55
v -13 3 55
v -13 1 55
v -13 1 54
v -13 3 55
v -13 3 54
v -13 1 54
v -12 1 54
v -13 3 54
v -12 3 54
v -12 1 54
v -12 1 55
v -12 3 54
v -12 3 55
v -12 3 55
v -13 3 55
v -12 3 54
v -13 3 54
v -12 1 54
v -13 1 54
v -12 1 55
v -13 1 55
v 24 1 61
v 22 1 61
v 24 3 61
v 22 3 61
v 22 1 61
v 22 1 59
v 22 3 61
v 22 3 59
v 22 1 59
v 24 1 59
v 22 3 59
v 24 3 59
v 24 1 59
v 24 1 61
v 24 3 59
v 24 3 61
v 24 3 61
v 22 3 61
v 24 3 59
v 22 3 59
v 24 1 59
v 22 1 59
v 24 1 61
v 22 1 61
v 9 1 65
v 7 1 65
v 9 3 65
v 7 3 65
v 7 1 65
v 7 1 63
v 7 3 65
v 7 3 63
v 7 1 63
v 9 1 63
v 7 3 63
v 9 3 63
v 9 1 63
v 9 1 65
v 9 3 63
v 9 3 65
v 9 3 65
v 7 3 65
v 9 3 63
v 7 3 63
v 9 1 63
v 7 1 63
v 9 1 65
v 7 1 65
v -14 1 51
v -15 1 51
v -14 3 51
v -15 3 51
v -15 1 51
v -15 1 50
v -15 3 51
v -15 3 50
v -15 1 50
v -14 1 50
v -15 3 50
v -14 3 50
v -14 1 50
v -14 1 51
v -14 3 50
v -14 3 51
v -14 3 51
v -15 3 51
v -14 3 50
v -15 3 50
v -14 1 50
v -15 1 50
v -14 1 51
v -15 1 51
v 12 1 -2
v 11 1 -2
v 12 3 -2
v 11 3 -2
v 11 1 -2
v 11 1 -4
v 11 3 -2
v 11 3 -4
v 12 3 -2
v 11 3 -2
v 12 3 -4
v 11 3 -4
v 0 1 64
v -2 1 64
v 0 3 64
v -2 3 64
v 0 3 64
v -2 3 64
v 0 3 63
v -2 3 63
v -2 2 64
v -3 2 63
v -2 2 63
v -3 2 64
v -2 1 64
v -3 2 64
v -2 2 64
v -3 1 64
v -3 2 64
v -3 1 63
v -3 2 63
v -3 1 64
v -2 3 63
v -2 2 64
v -2 2 63
v -2 3 64
v 0 1 63
v 0 3 64
v 0 3 63
v 0 1 64
v 26 -1 35
v 23 -1 35
v 26 0 35
v 23 0 35
v 23 -1 35
v 23 -1 34
v 23 0 35
v 23 0 34
v 23 -1 34
v 26 -1 34
v 23 0 34
v 26 0 34
v 26 -1 34
v 26 -1 35
v 26 0 34
v 26 0 35
v 25 0 35
v 26 0 34
v 26 0 35
v 25 0 34
v 25 1 35
v 25 0 34
v 25 0 35
v 25 1 34
v 24 1 35
v 25 1 34
v 25 1 35
v 24 1 34
v 24 0 35
v 24 1 34
v 24 1 35
v 24 0 34
v 23 0 35
v 24 0 34
v 24 0 35
v 23 0 34
v 25 0 35
v 24 1 35
v 25 1 35
v 24 0 35
v 24 0 34
v 25 1 34
v 24 1 34
v 25 0 34
v -26 3 73
v -27 3 73
v -26 3 71
v -27 3 71
v -27 1 73
v -27 3 73
v -26 1 73
v -26 3 73
v -25 2 71
v -25 1 71
v -25 1 72
v -25 2 72
v -26 2 71
v -26 1 71
v -25 2 71
v -25 1 71
v -26 2 72
v -26 2 71
v -25 2 72
v -25 2 71
v -26 1 72
v -26 2 72
v -25 1 72
v -25 2 72
v -26 2 72
v -26 1 73
v -26 3 73
v -26 1 72
v -26 3 71
v -27 3 71
v -26 2 71
v -27 2 71
v -27 1 70
v -26 1 70
v -27 2 70
v -26 2 70
v -26 3 73
v -26 3 71
v -26 2 72
v -26 2 71
v -26 1 71
v -26 2 71
v -26 1 70
v -26 2 70
v -26 2 71
v -27 2 71
v -26 2 70
v -27 2 70
v -2 1 86
v -2 1 88
v -2 3 86
v -2 3 88
v -4 1 89
v -4 3 89
v -3 1 89
v -3 3 89
v -4 3 88
v -4 3 86
v -3 3 88
v -2 3 86
v -2 3 88
v -4 3 88
v -3 3 88
v -4 3 89
v -3 3 89
v -3 3 88
v -3 1 89
v -3 3 89
v -3 1 88
v -2 3 88
v -3 1 88
v -3 3 88
v -2 1 88
v -29 1 59
v -31 1 59
v -29 3 59
v -31 3 59
v -31 1 59
v -31 1 57
v -31 3 59
v -31 3 57
v -31 1 57
v -29 1 57
v -31 3 57
v -29 3 57
v -29 1 57
v -29 1 59
v -29 3 57
v -29 3 59
v -29 3 59
v -31 3 59
v -29 3 57
v -31 3 57
v -29 1 57
v -31 1 57
v -29 1 59
v -31 1 59
v 5 1 70
v 4 1 70
v 5 3 70
v 4 3 70
v 4 1 70
v 4 1 69
v 4 3 70
v 4 3 69
v 4 1 69
v 5 1 69
v 4 3 69
v 5 3 69
v 5 1 69
v 5 1 70
v 5 3 69
v 5 3 70
v 5 3 70
v 4 3 70
v 5 3 69
v 4 3 69
v 5 1 69
v 4 1 69
v 5 1 70
v 4 1 70
v -9 -1 33
v -10 -1 33
v -9 0 33
v -10 0 33
v -10 -1 33
v -10 -1 32
v -10 0 33
v -10 0 32
v -10 -1 32
v -9 -1 32
v -10 0 32
v -9 0 32
v -9 -1 32
v -9 -1 33
v -9 0 32
v -9 0 33
v -9 0 33
v -10 0 33
v -9 0 32
v -10 0 32
v -9 -1 32
v -10 -1 32
v -9 -1 33
v -10 -1 33
v -12 -1 28
v -13 -1 28
v -12 0 28
v -13 0 28
v -13 -1 28
v -13 -1 26
v -13 0 28
v -13 0 26
v -13 -1 26
v -12 -1 26
v -13 0 26
v -12 0 26
v -12 -1 26
v -12 -1 28
v -12 0 26
v -12 0 28
v -12 0 28
v -13 0 28
v -12 0 26
v -13 0 26
v -12 -1 26
v -13 -1 26
v -12 -1 28
v -13 -1 28
v 18 -1 37
v 17 -1 37
v 18 1 37
v 17 1 37
v 17 -1 37
v 17 -1 36
v 17 1 37
v 17 1 36
v 17 -1 36
v 18 -1 36
v 17 1 36
v 18 1 36
v 18 -1 36
v 18 -1 37
v 18 1 36
v 18 1 37
v 18 1 37
v 17 1 37
v 18 1 36
v 17 1 36
v 18 -1 36
v 17 -1 36
v 18 -1 37
v 17 -1 37
v -4 -1 27
v -5 -1 27
v -4 0 27
v -5 0 27
v -5 -1 27
v -5 -1 26
v -5 0 27
v -5 0 26
v -5 -1 26
v -4 -1 26
v -5 0 26
v -4 0 26
v -4 -1 26
v -4 -1 27
v -4 0 26
v -4 0 27
v -4 0 27
v -5 0 27
v -4 0 26
v -5 0 26
v -4 -1 26
v -5 -1 26
v -4 -1 27
v -5 -1 27
v 11 1 70
v 9 1 70
v 11 3 70
v 9 3 70
v 9 1 70
v 9 1 68
v 9 3 70
v 9 3 68
v 9 1 68
v 11 1 68
v 9 3 68
v 11 3 68
v 11 1 68
v 11 1 70
v 11 3 68
v 11 3 70
v 11 3 70
v 9 3 70
v 11 3 68
v 9 3 68
v 11 1 68
v 9 1 68
v 11 1 70
v 9 1 70
v -17 -1 21
v -18 -1 21
v -17 1 21
v -18 1 21
v -18 -1 21
v -18 -1 19
v -18 1 21
v -18 1 19
v -18 -1 19
v -17 -1 19
v -18 1 19
v -17 1 19
v -17 -1 19
v -17 -1 21
v -17 1 19
v -17 1 21
v -17 1 21
v -18 1 21
v -17 1 19
v -18 1 19
v -17 -1 19
v -18 -1 19
v -17 -1 21
v -18 -1 21
v 27 -1 29
v 25 -1 29
v 27 1 29
v 25 1 29
v 25 -1 29
v 25 -1 27
v 25 1 29
v 25 1 27
v 25 -1 27
v 27 -1 27
v 25 1 27
v 27 1 27
v 27 -1 27
v 27 -1 29
v 27 1 27
v 27 1 29
v 27 1 29
v 25 1 29
v 27 1 27
v 25 1 27
v 27 -1 27
v 25 -1 27
v 27 -1 29
v 25 -1 29
v 20 1 65
v 18 1 65
v 20 3 65
v 18 3 65
v 18 1 65
v 18 1 63
v 18 3 65
v 18 3 63
v 18 1 63
v 20 1 63
v 18 3 63
v 20 3 63
v 20 1 63
v 20 1 65
v 20 3 63
v 20 3 65
v 20 3 65
v 18 3 65
v 20 3 63
v 18 3 63
v 20 1 63
v 18 1 63
v 20 1 65
v 18 1 65
v 25 1 69
v 23 1 69
v 25 3 69
v 23 3 69
v 23 1 67
v 25 1 67
v 23 3 67
v 25 3 67
v 25 3 69
v 23 3 69
v 25 3 67
v 23 3 67
v 22 2 67
v 23 1 67
v 23 2 67
v 22 1 67
v 23 2 68
v 22 2 67
v 23 2 67
v 22 2 68
v 23 1 68
v 22 2 68
v 23 2 68
v 22 1 68
v 22 2 68
v 22 1 67
v 22 2 67
v 22 1 68
v 23 3 69
v 23 1 68
v 23 2 68
v 23 1 69
v 23 3 67
v 23 2 68
v 23 2 67
v 23 3 69
v -5 -1 26
v -6 -1 26
v -5 0 26
v -6 0 26
v -6 -1 26
v -6 -1 25
v -6 0 26
v -6 0 25
v -6 -1 25
v -5 -1 25
v -6 0 25
v -5 0 25
v -5 -1 25
v -5 -1 26
v -5 0 25
v -5 0 26
v -5 0 26
v -6 0 26
v -5 0 25
v -6 0 25
v -5 -1 25
v -6 -1 25
v -5 -1 26
v -6 -1 26
v -32 1 66
v -33 1 66
v -32 3 66
v -33 3 66
v -33 1 66
v -33 1 65
v -33 3 66
v -33 3 65
v -33 1 65
v -32 1 65
v -33 3 65
v -32 3 65
v -32 1 65
v -32 1 66
v -32 3 65
v -32 3 66
v -32 3 66
v -33 3 66
v -32 3 65
v -33 3 65
v -32 1 65
v -33 1 65
v -32 1 66
v -33 1 66
v 34 -7 -5
v 34 -7 97
v -39 -7 -5
v -39 -7 97
v 34 6 -5
v 34 -7 97
v 34 -7 -5
v 34 6 97
v -39 -7 -5
v 34 6 -5
v 34 -7 -5
v -39 6 -5
v -39 -7 97
v -39 6 -5
v -39 -7 -5
v -39 6 97
v 34 -7 97
v -39 6 97
v -39 -7 97
v 34 6 97
v -5 1 70
v -4 1 70
v -5 1 71
v -4 1 71
v -7 0 74
v -5 1 71
v -5 1 74
v -7 0 71
v -10 0 74
v -7 0 71
v -7 0 74
v -10 0 71
v -10 -3 65
v -7 0 71
v -10 0 71
v -7 -3 65
v -5 -3 61
v -5 -3 64
v -7 -3 64
v -10 -3 64
v -14 -3 61
v -11 -3 64
v -11 -3 74
v -14 -3 61
v -11 -3 64
v -14 -3 71
v -5 1 74
v -5 1 71
v -3 1 74
v -3 1 71
v -14 -3 71
v -11 -3 74
v -27 -3 74
v -27 -3 71
v -38 1 68
v -35 1 68
v -35 1 71
v -35 1 74
v -38 1 74
v -35 1 74
v -35 1 71
v -27 -3 71
v -27 -3 74
v -7 -3 65
v -10 -3 64
v -7 -3 64
v -10 -3 65
v -27 1 79
v -15 1 76
v 0 1 76
v -1 1 79
v -15 1 54
v -15 1 60
v -27 1 60
v -27 1 54
v -27 1 66
v -15 1 76
v -27 1 79
v 0 1 70
v -4 1 70
v -3 1 67
v 0 1 63
v -3 1 63
v 6 1 63
v 0 1 52
v 6 1 52
v 0 1 63
v -3 1 67
v -4 1 70
v -6 1 67
v -6 1 70
v 10 1 61
v 18 1 63
v 10 1 63
v 18 1 61
v 25 1 64
v 25 1 72
v 15 1 72
v 20 1 63
v 15 1 70
v 18 1 63
v 10 1 63
v 18 1 63
v 15 1 70
v 7 1 70
v 6 1 63
v 10 1 63
v 7 1 70
v 3 1 70
v 3 1 70
v 0 1 70
v 0 1 63
v 6 1 63
v 8 1 96
v 1 1 95
v 8 1 95
v 1 1 96
v 1 1 95
v -4 1 95
v -1 1 85
v -4 1 85
v 8 1 95
v 5 1 85
v 8 1 85
v -1 1 85
v -1 1 79
v 5 1 79
v 5 1 85
v 5 1 79
v -1 1 79
v 0 1 76
v 5 1 76
v 0 1 70
v 3 1 70
v 0 1 76
v 3 1 76
v -12 -1 17
v -18 1 12
v -12 1 12
v -18 -1 17
v -5 -1 18
v -11 -1 24
v -11 -1 18
v -5 -1 24
v 3 -1 18
v -5 -1 24
v -5 -1 18
v 3 -1 24
v -18 -1 24
v -18 -1 17
v -12 -1 18
v -12 -1 17
v -11 -1 18
v -11 -1 24
v -12 -1 18
v -18 -1 24
v -27 1 60
v -28 1 66
v -28 1 60
v -27 1 66
v -28 1 60
v -28 1 68
v -32 1 57
v -35 1 68
v -28 1 57
v -32 1 57
v -38 1 45
v -32 1 51
v -38 1 68
v -35 1 68
v -21 1 45
v -32 1 51
v -38 1 45
v -21 1 51
v 25 -1 20
v 25 -1 24
v 19 -1 24
v 19 -1 20
v 28 -1 44
v 14 -1 44
v 14 -1 41
v 17 -1 38
v 14 -1 38
v 28 -1 44
v 17 -1 38
v 28 -1 38
v 17 -1 32
v 17 -1 32
v 25 -1 24
v 28 -1 38
v 28 -1 24
v 16 -1 24
v 16 -1 32
v 29 -1 38
v 28 -1 44
v 28 -1 38
v 29 -1 44
v -12 1 8
v -8 1 2
v -8 1 8
v -18 1 2
v -12 1 12
v -18 1 2
v -12 1 8
v -18 1 12
v 12 1 -4
v 12 1 8
v 6 1 8
v 4 1 8
v 4 1 -4
v -8 1 8
v -8 1 2
v -7 1 -4
v -7 1 8
v -8 1 -4
v 3 0 8
v 3 0 -4
v 3 1 -4
v 3 1 8
v 3 0 -4
v 3 0 8
v -7 0 -4
v -7 0 8
v -7 0 8
v -7 1 8
v -7 0 -4
v -7 1 -4
v 3 1 8
v 3 1 -4
v 4 1 8
v 4 1 -4
v -4 1 45
v -15 1 51
v -15 1 45
v -10 1 51
v -4 1 60
v -10 1 54
v -10 1 54
v -4 1 60
v -15 1 54
v -15 1 60
v 33 -1 49
v 29 -1 38
v 33 -1 38
v 29 -1 49
v 33 1 54
v 29 -1 49
v 33 -1 49
v 29 1 54
v 33 1 59
v 29 1 54
v 33 1 54
v 29 1 59
v 33 1 64
v 29 1 59
v 33 1 59
v 29 1 64
v 25 1 64
v 29 1 59
v 29 1 64
v 25 1 59
v 25 1 59
v 25 1 64
v 20 1 63
v 20 1 59
v 12 1 20
v 6 1 14
v 12 1 14
v 6 1 20
v 12 1 24
v 6 1 20
v 12 1 20
v 6 1 24
v 17 -1 14
v 12 1 20
v 12 1 14
v 17 -1 20
v 21 -1 14
v 25 -1 20
v 19 -1 20
v 27 -1 14
v 27 -1 20
v 17 -1 20
v 21 -1 14
v 19 -1 20
v 17 -1 14
v 21 -1 13
v 27 -1 14
v 21 -1 14
v 27 -1 13
v 6 1 8
v 12 1 14
v 6 1 14
v 12 1 8
v -21 -1 37
v -15 -1 32
v -15 -1 37
v -21 -1 32
v -15 -1 38
v -21 -1 37
v -15 -1 37
v -21 -1 38
v -15 1 43
v -21 -1 38
v -15 -1 38
v -21 1 43
v -15 1 45
v -21 1 43
v -15 1 43
v -21 1 45
v -15 1 51
v -21 1 45
v -15 1 45
v -21 1 51
v 0 -1 31
v 0 -1 34
v -3 -1 31
v -3 -1 34
v -13 -1 37
v -15 -1 37
v -13 -1 32
v -15 -1 32
v -3 -1 34
v -3 -1 37
v -13 -1 37
v -13 -1 32
v -3 -1 31
v -3 -1 26
v -5 -1 26
v -13 -1 26
v -11 -1 26
v -11 -1 24
v -5 -1 24
v -11 -1 26
v -5 -1 26
v 2 7 6
v 4 7 -4
v 2 7 -2
v 4 7 8
v -6 7 6
v 4 7 8
v 2 7 6
v -8 7 8
v -6 7 -2
v -8 7 8
v -6 7 6
v -8 7 -4
v 2 7 -2
v 4 7 -4
v 2 8 -2
v 2 7 6
v 2 7 -2
v 2 8 6
v 2 8 6
v -6 7 6
v 2 7 6
v -6 8 6
v -6 8 6
v -6 7 -2
v -6 7 6
v -6 8 -2
v -6 8 -2
v 2 7 -2
v -6 7 -2
v 2 8 -2
v -7.799999 1.949998 28.2
v -8.199997 1.949998 28.2
v -7.799999 2.049997 28.2
v -8.199997 2.049997 28.2
v -8.199997 1.949998 28.2
v -8.199997 1.949998 27.8
v -8.199997 2.049997 28.2
v -8.199997 2.049997 27.8
v -8.199997 1.949998 27.8
v -7.799999 1.949998 27.8
v -8.199997 2.049997 27.8
v -7.799999 2.049997 27.8
v -7.799999 1.949998 27.8
v -7.799999 1.949998 28.2
v -7.799999 2.049997 27.8
v -7.799999 2.049997 28.2
v -7.799999 2.049997 28.2
v -8.199997 2.049997 28.2
v -7.799999 2.049997 27.8
v -8.199997 2.049997 27.8
v -7.799999 1.949998 27.8
v -8.199997 1.949998 27.8
v -7.799999 1.949998 28.2
v -8.199997 1.949998 28.2
v 3.200001 1.949998 39.7
v 2.800003 1.949998 39.7
v 3.200001 2.049997 39.7
v 2.800003 2.049997 39.7
v 2.800003 1.949998 39.7
v 2.800003 1.949998 39.3
v 2.800003 2.049997 39.7
v 2.800003 2.049997 39.3
v 2.800003 1.949998 39.3
v 3.200001 1.949998 39.3
v 2.800003 2.049997 39.3
v 3.200001 2.049997 39.3
v 3.200001 1.949998 39.3
v 3.200001 1.949998 39.7
v 3.200001 2.049997 39.3
v 3.200001 2.049997 39.7
v 3.200001 2.049997 39.7
v 2.800003 2.049997 39.7
v 3.200001 2.049997 39.3
v 2.800003 2.049997 39.3
v 3.200001 1.949998 39.3
v 2.800003 1.949998 39.3
v 3.200001 1.949998 39.7
v 2.800003 1.949998 39.7
v -7.799999 1.949998 34.7
v -8.199997 1.949998 34.7
v -7.799999 2.049997 34.7
v -8.199997 2.049997 34.7
v -8.199997 1.949998 34.7
v -8.199997 1.949998 34.3
v -8.199997 2.049997 34.7
v -8.199997 2.049997 34.3
v -8.199997 1.949998 34.3
v -7.799999 1.949998 34.3
v -8.199997 2.049997 34.3
v -7.799999 2.049997 34.3
v -7.799999 1.949998 34.3
v -7.799999 1.949998 34.7
v -7.799999 2.049997 34.3
v -7.799999 2.049997 34.7
v -7.799999 2.049997 34.7
v -8.199997 2.049997 34.7
v -7.799999 2.049997 34.3
v -8.199997 2.049997 34.3
v -7.799999 1.949998 34.3
v -8.199997 1.949998 34.3
v -7.799999 1.949998 34.7
v -8.199997 1.949998 34.7
v 3.200001 1.949998 32.7
v 2.800003 1.949998 32.7
v 3.200001 2.049997 32.7
v 2.800003 2.049997 32.7
v 2.800003 1.949998 32.7
v 2.800003 1.949998 32.3
v 2.800003 2.049997 32.7
v 2.800003 2.049997 32.3
v 2.800003 1.949998 32.3
v 3.200001 1.949998 32.3
v 2.800003 2.049997 32.3
v 3.200001 2.049997 32.3
v 3.200001 1.949998 32.3
v 3.200001 1.949998 32.7
v 3.200001 2.049997 32.3
v 3.200001 2.049997 32.7
v 3.200001 2.049997 32.7
v 2.800003 2.049997 32.7
v 3.200001 2.049997 32.3
v 2.800003 2.049997 32.3
v 3.200001 1.949998 32.3
v 2.800003 1.949998 32.3
v 3.200001 1.949998 32.7
v 2.800003 1.949998 32.7
v 10.2 1.949998 42.7
v 9.800003 1.949998 42.7
v 10.2 2.049997 42.7
v 9.800003 2.049997 42.7
v 9.800003 1.949998 42.7
v 9.800003 1.949998 42.3
v 9.800003 2.049997 42.7
v 9.800003 2.049997 42.3
v 9.800003 1.949998 42.3
v 10.2 1.949998 42.3
v 9.800003 2.049997 42.3
v 10.2 2.049997 42.3
v 10.2 1.949998 42.3
v 10.2 1.949998 42.7
v 10.2 2.049997 42.3
v 10.2 2.049997 42.7
v 10.2 2.049997 42.7
v 9.800003 2.049997 42.7
v 10.2 2.049997 42.3
v 9.800003 2.049997 42.3
v 10.2 1.949998 42.3
v 9.800003 1.949998 42.3
v 10.2 1.949998 42.7
v 9.800003 1.949998 42.7
v -32 6 51
v -10 -6 51
v -10 6 51
v -32 -6 51
v -32 6 57
v -32 -6 51
v -32 6 51
v -32 -6 57
v -28 6 57
v -28 6 60
v -28 3 60
v -28 -6 57
v -28 -6 60
v -32 -6 57
v -32 6 57
v -28 -6 57
v -28 6 57
v -28 3 60
v -28 6 60
v -28 3 66
v -28 6 66
v -28 1 68
v -28 1 66
v -28 3 66
v -28 6 66
v -28 6 68
v -35 6 68
v -28 1 68
v -28 6 68
v -35 1 68
v -35 3 68
v -38 6 68
v -38 3 68
v -35 6 68
v -38 6 68
v -38 6 45
v -38 1 68
v -38 1 45
v -38 6 45
v -21 6 45
v -38 1 45
v -21 1 45
v -38 3 69
v -35 3 68
v -38 3 68
v -35 3 69
v -35 1 69
v -35 3 68
v -35 3 69
v -35 1 68
v -27 3 66
v -28 3 60
v -28 3 66
v -27 3 60
v -28 1 66
v -27 3 66
v -28 3 66
v -27 1 66
v -27 -6 60
v -28 3 60
v -27 3 60
v -28 -6 60
v -14 0 61
v -14 -3 71
v -14 0 71
v -14 -3 61
v -5 0 61
v -14 -3 61
v -14 0 61
v -5 -3 61
v -5 0 64
v -5 -3 61
v -5 0 61
v -5 -3 64
v -7 0 64
v -5 -3 64
v -5 0 64
v -7 -5 64
v -11 -3 74
v -11 -3 64
v -11 0 74
v -11 0 64
v -10 -3 64
v -10 0 64
v -11 0 64
v -11 -3 64
v -3 4 71
v -3 4 74
v -3 -2 71
v -3 -2 74
v -7 3 71
v -5 3 71
v -7 -5 71
v -5 -6 71
v -7 -6 71
v -3 -2 74
v -3 4 74
v -5 4 74
v -10 -3 74
v -10 3 74
v -7 3 74
v -4 3 71
v -3 4 71
v -3 -2 71
v -4 -6 71
v -3 -6 71
v -4 4 71
v -5 4 71
v -4 3 71
v -5 3 71
v -4 4 71
v -7 0 65
v -7 3 71
v -7 0 71
v -7 -5 64
v -7 0 65
v -7 -5 71
v -7 0 64
v -7 0 71
v -10 3 74
v -10 3 71
v -10 -3 74
v -10 -3 64
v -10 0 65
v -10 0 64
v -7 3 71
v -5 4 71
v -5 3 71
v -5 4 71
v -7 3 71
v -7 3 74
v -5 4 74
v -7 3 71
v -10 3 71
v -10 3 74
v -7 3 74
v -7 3 71
v -7 0 65
v -10 0 65
v -10 3 71
v -10 0 64
v -14 0 61
v -11 0 64
v -5 0 61
v -7 0 64
v -5 0 64
v -14 0 71
v -11 0 74
v -3 4 74
v -3 4 71
v -5 4 71
v -5 4 74
v -10 0 64
v -10 0 65
v -7 0 65
v -7 0 64
v -4 6 45
v -15 -6 45
v -15 6 45
v -4 -6 45
v -4 6 60
v -15 6 60
v -15 -6 60
v -4 -6 60
v -4 -6 45
v -4 6 45
v -4 -6 60
v -4 6 60
v -10 6 51
v -10 -6 54
v -10 6 54
v -10 -6 51
v -15 1 60
v -15 6 60
v -15 1 76
v -15 6 76
v -15 6 76
v 0 6 76
v -15 1 76
v 0 -6 76
v -15 -6 76
v -1 6 79
v -27 6 79
v -27 -6 79
v -1 -6 79
v -27 6 79
v -27 6 66
v -27 1 66
v -27 1 79
v -27 6 60
v -27 3 66
v -27 6 66
v -27 3 60
v -27 6 60
v -27 6 54
v -27 3 60
v -27 -6 54
v -27 -6 60
v -10 6 54
v -27 -6 54
v -27 6 54
v -10 -6 54
v -38 4 69
v -35 3 69
v -38 3 69
v -35 4 69
v -38 4 74
v -38 4 68
v -38 1 74
v -38 1 68
v -35 4 71
v -35 1 69
v -35 4 69
v -35 1 71
v -27 0 71
v -14 0 71
v -14 -3 71
v -27 -3 71
v -27 -3 71
v -35 1 71
v -27 0 71
v -35 4 71
v -38 4 74
v -35 1 74
v -35 4 74
v -38 1 74
v -35 1 74
v -27 -3 74
v -27 0 74
v -11 -3 74
v -11 0 74
v -35 4 74
v -35 1 74
v -27 0 74
v -27 0 74
v -14 0 71
v -27 0 71
v -11 0 74
v -35 4 71
v -38 4 68
v -38 4 74
v -35 4 74
v -35 4 68
v -35 4 74
v -27 0 74
v -27 0 71
v -35 4 71
v 5 8 18
v -12 -6 18
v -12 8 18
v 5 -6 18
v 3 6 24
v -5 6 24
v -5 1 24
v 3 -6 24
v -5 -6 24
v 3 -6 18
v 3 6 18
v 3 -6 24
v 3 6 24
v -11 6 24
v -5 1 24
v -5 6 24
v -11 1 24
v -18 -6 24
v -11 -6 24
v -11 1 24
v -11 6 24
v -18 6 24
v 20 6 59
v 20 -6 63
v 20 6 63
v 20 -6 59
v 29 6 38
v 29 1 44
v 29 6 44
v 29 1 38
v 29 6 38
v 33 6 38
v 29 1 38
v 33 -6 38
v 29 -6 38
v 33 6 64
v 33 -6 38
v 33 6 38
v 33 -6 64
v 25 6 64
v 33 -6 64
v 33 6 64
v 25 -6 64
v 25 6 72
v 25 -6 64
v 25 6 64
v 25 -6 72
v 20 -6 59
v 20 6 59
v 29 6 59
v 29 -6 59
v 29 6 44
v 29 1 44
v 29 6 59
v 29 -6 44
v 29 -6 59
v -14 -6 32
v -13 1 32
v -13 -6 32
v -14 1 32
v -14 1 37
v -13 1 32
v -14 1 32
v -13 1 37
v -14 -6 37
v -13 1 37
v -14 1 37
v -13 -6 37
v -14 1 32
v -14 -6 32
v -21 6 32
v -21 -6 32
v -14 6 32
v -14 6 32
v -14 1 37
v -14 1 32
v -14 6 37
v -15 6 37
v -14 1 37
v -14 6 37
v -15 -6 37
v -14 -6 37
v -15 6 45
v -15 -6 37
v -15 6 37
v -15 -6 45
v -21 6 32
v -21 -6 32
v -21 1 45
v -21 -6 45
v -21 6 45
v 0 -6 76
v 0 6 76
v 0 -6 70
v 0 6 70
v 3 6 76
v 3 -6 70
v 3 6 70
v 3 -6 76
v 5 6 76
v 3 -6 76
v 3 6 76
v 5 -6 76
v 5 6 85
v 5 -6 76
v 5 6 76
v 5 -6 85
v 8 6 85
v 5 -6 85
v 5 6 85
v 8 -6 85
v 8 6 96
v 8 -6 85
v 8 6 85
v 8 -6 96
v 1 6 96
v 8 -6 96
v 8 6 96
v 1 -6 96
v 1 6 95
v 1 -6 96
v 1 6 96
v 1 -6 95
v -4 6 95
v 1 -6 95
v 1 6 95
v -4 -6 95
v -4 6 86
v -4 -6 95
v -4 6 95
v -4 -6 86
v -1 6 86
v -4 -6 86
v -4 6 86
v -1 -6 86
v -1 -6 86
v -1 6 86
v -1 -6 79
v -1 6 79
v 6 6 45
v 0 1 45
v 0 6 45
v 6 1 45
v 6 -6 63
v 6 -6 45
v 6 1 45
v 6 6 45
v 6 6 63
v 0 -6 45
v 0 -6 63
v 0 6 45
v 0 6 63
v 25 6 20
v 19 1 20
v 25 1 20
v 19 6 20
v 12 6 20
v 19 -6 20
v 19 6 20
v 12 -6 20
v 21 -6 13
v 27 6 13
v 27 -6 13
v 21 6 13
v 21 -6 14
v 21 6 13
v 21 -6 13
v 21 6 14
v 12 -6 14
v 21 6 14
v 21 -6 14
v 12 6 14
v 27 -6 20
v 27 -6 13
v 27 6 20
v 27 6 13
v 25 -6 20
v 27 -6 20
v 27 6 20
v 25 1 20
v 25 6 20
v 0 6 70
v -4 6 70
v -4 3 70
v 0 -6 70
v -4 -6 70
v -5 6 70
v -4 3 70
v -4 6 70
v -5 3 70
v -6 -6 70
v -5 -6 70
v -5 3 70
v -5 6 70
v -6 6 70
v -6 6 67
v -6 -6 70
v -6 6 70
v -6 -6 67
v -3 6 67
v -6 -6 67
v -6 6 67
v -3 -6 67
v -3 6 63
v -3 -6 67
v -3 6 67
v -3 -6 63
v -3 -6 63
v -3 6 63
v 0 6 63
v 0 -6 63
v -4 -6 70
v -4 3 71
v -4 -6 71
v -4 3 70
v -4 3 70
v -5 3 71
v -4 3 71
v -5 3 70
v -5 -6 70
v -5 3 71
v -5 3 70
v -5 -6 71
v 14 6 44
v 14 2 41
v 14 2 44
v 14 6 41
v 29 1 38
v 28 1 44
v 29 1 44
v 28 1 38
v 29 -6 38
v 28 1 38
v 29 1 38
v 28 -6 38
v 29 -6 44
v 28 1 44
v 28 -6 44
v 29 1 44
v 28 6 38
v 28 1 44
v 28 1 38
v 28 6 44
v 19 1 24
v 25 6 24
v 25 1 24
v 19 6 24
v 17 -6 32
v 16 6 32
v 16 -6 32
v 17 6 32
v 17 -6 38
v 17 6 32
v 17 -6 32
v 17 6 38
v 19 6 24
v 19 1 24
v 16 6 24
v 16 -6 24
v 19 -6 24
v 16 6 32
v 16 6 24
v 16 -6 24
v 16 -6 32
v 25 -6 20
v 25 1 24
v 25 -6 24
v 25 1 20
v 19 1 20
v 19 -6 24
v 19 1 24
v 19 -6 20
v 25 1 24
v 19 1 20
v 19 1 24
v 25 1 20
v 28 6 24
v 25 1 24
v 25 6 24
v 28 -6 24
v 25 -6 24
v 17 6 38
v 17 -6 38
v 14 6 38
v 14 -6 38
v 28 6 38
v 28 1 38
v 28 6 24
v 28 -6 38
v 28 -6 24
v 14 2 41
v 14 6 41
v 14 6 38
v 14 -6 38
v 14 -6 41
v 28 6 44
v 14 6 44
v 14 2 44
v 28 1 44
v 14 -6 44
v 28 -6 44
v 12 -6 -4
v 12 6 14
v 12 -6 14
v 12 6 -4
v 6 -6 -4
v 12 6 -4
v 12 -6 -4
v 6 6 -4
v -9 -6 8
v -9 8 9
v -9 -6 9
v -9 8 8
v 12 6 24
v 12 -6 20
v 12 6 20
v 12 -6 24
v 6 6 24
v 12 -6 24
v 12 6 24
v 6 -6 24
v 5 8 8
v 5 -6 18
v 5 8 18
v 5 -6 8
v 5 8 2
v 5 3 8
v 5 8 8
v 5 3 2
v 5 8 -5
v 5 -6 2
v 5 8 2
v 5 -6 -5
v -9 8 2
v -9 -6 -5
v -9 8 -5
v -9 -6 2
v -9 8 8
v -9 3 2
v -9 8 2
v -9 3 8
v -8 3 8
v -9 3 2
v -9 3 8
v -8 3 2
v -8 7 8
v -8 3 2
v -8 3 8
v -8 7 2
v 4 3 2
v 5 3 8
v 5 3 2
v 4 3 8
v 5 -6 2
v 4 3 2
v 5 3 2
v 4 -6 2
v 4 7 2
v 4 3 8
v 4 3 2
v 4 7 8
v -8 -6 2
v -9 3 2
v -8 3 2
v -9 -6 2
v 5 6 -4
v 6 6 2
v 5 6 2
v 6 6 -4
v 6 6 24
v 5 6 8
v 6 6 8
v 5 6 24
v 6 6 -4
v 6 -6 -4
v 6 6 2
v 6 -6 2
v 4 7 8
v -8 7 8
v 4 3 8
v -8 3 8
v 4 -6 -4
v -8 -6 -4
v 4 7 -4
v -8 7 -4
v -12 -6 18
v -12 -6 8
v -12 8 8
v -12 8 18
v -18 -6 24
v -18 6 24
v -18 6 2
v -18 -6 2
v 6 -6 24
v 6 6 24
v 6 6 8
v 6 -6 8
v -7 0 8
v 3 0 8
v -7 1 8
v 3 1 8
v 4 3 8
v 3 1 8
v 4 1 8
v -8 3 8
v -7 1 8
v -8 1 8
v 4 -6 8
v 5 3 8
v 4 3 8
v 5 -6 8
v -9 -6 8
v -8 3 8
v -9 3 8
v -8 -6 8
v -9 6 2
v -9 3 2
v -18 6 2
v -9 -6 2
v -18 -6 2
v -9 3 8
v -9 8 8
v -12 8 8
v -12 -6 8
v -9 -6 8
v 5 6 2
v 6 6 2
v 5 3 2
v 6 -6 2
v 5 -6 2
v 5 6 8
v 5 3 8
v 6 6 8
v 5 -6 8
v 6 -6 8
v -8 3 2
v -8 7 2
v -8 7 -4
v -8 -6 -4
v -8 -6 2
v 4 7 2
v 4 3 2
v 4 7 -4
v 4 -6 2
v 4 -6 -4
v -11 1 26
v -5 1 24
v -11 1 24
v -5 1 26
v -5 1 26
v -5 -6 24
v -5 1 24
v -5 -6 26
v -11 -6 26
v -11 1 24
v -11 -6 24
v -11 1 26
v -13 2 37
v -13 1 32
v -13 1 37
v -13 2 32
v -5 -6 26
v -5 1 26
v -3 2 26
v -3 -6 26
v -5 2 26
v -11 1 26
v -5 2 26
v -5 1 26
v -11 2 26
v -13 -6 26
v -13 -6 32
v -13 2 26
v -13 1 32
v -13 2 32
v -11 1 26
v -13 2 26
v -11 2 26
v -11 -6 26
v -13 -6 26
v -3 2 34
v -3 2 37
v -3 -6 37
v -3 -6 34
v -13 1 37
v -3 2 37
v -13 2 37
v -13 -6 37
v -3 -6 37
v -3 -6 31
v -3 -6 26
v -3 2 31
v -3 2 26
v 0 2 34
v -3 2 31
v -3 2 34
v 0 2 31
v 0 -1 31
v -3 2 31
v 0 2 31
v -3 -1 31
v -13 2 31
v -13 2 32
v -11 2 32
v -11 2 31
v -10 2 31
v -10 2 32
v -6 2 32
v -6 2 31
v -3 2 32
v -3 2 31
v -5 2 32
v -5 2 31
v -11 2 31
v -13 2 26
v -13 2 31
v -10 2 31
v -3 2 26
v -6 2 31
v -5 2 31
v -3 2 31
v -13 2 37
v -11 2 32
v -13 2 32
v -10 2 32
v -3 2 37
v -6 2 32
v -5 2 32
v -3 2 32
v -11 2 31
v -11 2 32
v -11 -6 31
v -11 -6 32
v -11 2 32
v -10 2 32
v -11 -6 32
v -10 -6 32
v -10 2 31
v -11 2 31
v -10 -6 31
v -11 -6 31
v -10 2 32
v -10 2 31
v -10 -6 32
v -10 -6 31
v -6 2 31
v -6 2 32
v -6 -6 31
v -6 -6 32
v -6 2 32
v -5 2 32
v -6 -6 32
v -5 -6 32
v -5 2 31
v -6 2 31
v -5 -6 31
v -6 -6 31
v -5 2 32
v -5 2 31
v -5 -6 32
v -5 -6 31
v 0 2 34
v -3 2 34
v 0 -1 34
v -3 -1 34
v 10 6 63
v 6 -6 63
v 6 6 63
v 10 -6 63
v 10 6 61
v 10 -6 63
v 10 6 63
v 10 -6 61
v 18 6 61
v 10 -6 61
v 10 6 61
v 18 -6 61
v 18 6 63
v 18 -6 61
v 18 6 61
v 18 -6 63
v 20 6 63
v 18 -6 63
v 18 6 63
v 20 -6 63
v 15 6 72
v 25 -6 72
v 25 6 72
v 15 -6 72
v 15 6 70
v 15 -6 72
v 15 6 72
v 15 -6 70
v 3 6 70
v 15 -6 70
v 15 6 70
v 3 -6 70
v 6 1 44
v 0 1 45
v 6 1 45
v 0 1 44
v 6 -6 45
v 6 1 44
v 6 1 45
v 6 -6 44
v 0 1 44
v 0 -6 45
v 0 1 45
v 0 -6 44
v 6 2 44
v 0 1 44
v 6 1 44
v 0 2 44
v 6 -1 41
v 6 2 29
v 6 2 41
v 6 -1 29
v 14 -6 44
v 6 2 44
v 6 -6 44
v 14 2 44
v 14 -1 41
v 6 2 41
v 14 2 41
v 6 -1 41
v 0 -1 31
v 0 2 29
v 0 -1 29
v 0 2 31
v 0 2 44
v 0 2 34
v 0 -1 34
v 0 1 44
v 0 -1 44
v 6 2 29
v 6 -1 29
v 0 2 29
v 0 -1 29
v 14 2 44
v 6 2 41
v 6 2 44
v 14 2 41
v 6 2 41
v 0 2 44
v 6 2 44
v 0 2 31
v 6 2 29
v 0 2 29
v 6 -1 44
v 14 -1 41
v 14 -1 44
v 6 -1 41
v 0 -1 44
v 6 -1 41
v 6 -1 44
v 0 -1 41
v 6 -1 41
v 0 -1 41
v 0 -1 34
v 6 -1 29
v 0 -1 31
v 0 -1 29
v 6 -1 47
v 0 -1 44
v 6 -1 44
v 0 -1 47
v 6 1 52
v 0 -1 47
v 6 -1 47
v 0 1 52

vn 0 0 1
vn 0 0 1
vn 0 0 1
vn 0 0 1
vn -1 0 0
vn -1 0 0
vn -1 0 0
vn -1 0 0
vn 0 0 -1
vn 0 0 -1
vn 0 0 -1
vn 0 0 -1
vn 1 0 0
vn 1 0 0
vn 1 0 0
vn 1 0 0
vn 0 1 0
vn 0 1 0
vn 0 1 0
vn 0 1 0
vn 0 -1 0
vn 0 -1 0
vn 0 -1 0
vn 0 -1 0
vn -1 0 0
vn -1 0 0
vn -1 0 0
vn -1 0 0
vn 0 0 -1
vn 0 0 -1
vn 0 0 -1
vn 0 0 -1
vn 0 0 1
vn 0 0 1
vn 0 0 1
vn 0 0 1
vn -1 0 0
vn -1 0 0
vn -1 0 0
vn -1 0 0
vn 0 0 1
vn 0 0 1
vn 0 0 1
vn 0 0 1
vn 0 1 0
vn 0 1 0
vn 0 1 0
vn 0 1 0
vn 0 1 0
vn 0 1 0
vn 0 0 1
vn 0 0 1
vn 0 0 1
vn 0 0 1
vn -1 0 0
vn -1 0 0
vn -1 0 0
vn -1 0 0
vn 0 0 -1
vn 0 0 -1
vn 0 0 -1
vn 0 0 -1
vn 1 0 0
vn 1 0 0
vn 1 0 0
vn 1 0 0
vn 0 1 0
vn 0 1 0
vn 0 1 0
vn 0 1 0
vn 0 -1 0
vn 0 -1 0
vn 0 -1 0
vn 0 -1 0
vn 0 0 1
vn 0 0 1
vn 0 0 1
vn 0 0 1
vn -1 0 0
vn -1 0 0
vn -1 0 0
vn -1 0 0
vn 0 0 -1
vn 0 0 -1
vn 0 0 -1
vn 0 0 -1
vn 1 0 0
vn 1 0 0
vn 1 0 0
vn 1 0 0
vn 0 1 0
vn 0 1 0
vn 0 1 0
vn 0 1 0
vn 0 -1 0
vn 0 -1 0
vn 0 -1 0
vn 0 -1 0
vn 0 0 1
vn 0 0 1
vn 0 0 1
vn 0 0 1
vn -1 0 0
vn -1 0 0
vn -1 0 0
vn -1 0 0
vn 0 0 -1
vn 0 0 -1
vn 0 0 -1
vn 0 0 -1
vn 1 0 0
vn 1 0 0
vn 1 0 0
vn 1 0 0
vn 0 1 0
vn 0 1 0
vn 0 1 0
vn 0 1 0
vn 0 -1 0
vn 0 -1 0
vn 0 -1 0
vn 0 -1 0
vn 0 0 1
vn 0 0 1
vn 0 0 1
vn 0 0 1
vn -1 0 0
vn -1 0 0
vn -1 0 0
vn -1 0 0
vn 0 0 -1
vn 0 0 -1
vn 0 0 -1
vn 0 0 -1
vn 1 0 0
vn 1 0 0
vn 1 0 0
vn 1 0 0
vn 0 1 0
vn 0 1 0
vn 0 1 0
vn 0 1 0
vn 0 -1 0
vn 0 -1 0
vn 0 -1 0
vn 0 -1 0
vn 0 0 1
vn 0 0 1
vn 0 0 1
vn 0 0 1
vn -1 0 0
vn -1 0 0
vn -1 0 0
vn -1 0 0
vn 0 0 -1
vn 0 0 -1
vn 0 0 -1
vn 0 0 -1
vn 1 0 0
vn 1 0 0
vn 1 0 0
vn 1 0 0
vn 0 1 0
vn 0 1 0
vn 0 1 0
vn 0 1 0
vn 0 -1 0
vn 0 -1 0
vn 0 -1 0
vn 0 -1 0
vn 0 0 1
vn 0 0 1
vn 0 0 1
vn 0 0 1
vn -1 0 0
vn -1 0 0
vn -1 0 0
vn -1 0 0
vn 0 0 -1
vn 0 0 -1
vn 0 0 -1
vn 0 0 -1
vn 1 0 0
vn 1 0 0
vn 1 0 0
vn 1 0 0
vn 0 1 0
vn 0 1 0
vn 0 1 0
vn 0 1 0
vn 0 -1 0
vn 0 -1 0
vn 0 -1 0
vn 0 -1 0
vn 0 0 1
vn 0 0 1
vn 0 0 1
vn 0 0 1
vn -1 0 0
vn -1 0 0
vn -1 0 0
vn -1 0 0
vn 0 1 0
vn 0 1 0
vn 0 1 0
vn 0 1 0
vn 0 0 1
vn 0 0 1
vn 0 0 1
vn 0 0 1
vn 0 1 0
vn 0 1 0
vn 0 1 0
vn 0 1 0
vn 0 1 0
vn 0 1 0
vn 0 1 0
vn 0 1 0
vn 0 0 1
vn 0 0 1
vn 0 0 1
vn 0 0 1
vn -1 0 0
vn -1 0 0
vn -1 0 0
vn -1 0 0
vn -1 0 0
vn -1 0 0
vn -1 0 0
vn -1 0 0
vn 1 0 0
vn 1 0 0
vn 1 0 0
vn 1 0 0
vn 0 0 1
vn 0 0 1
vn 0 0 1
vn 0 0 1
vn -1 0 0
vn -1 0 0
vn -1 0 0
vn -1 0 0
vn 0 0 -1
vn 0 0 -1
vn 0 0 -1
vn 0 0 -1
vn 1 0 0
vn 1 0 0
vn 1 0 0
vn 1 0 0
vn 0 1 0
vn 0 1 0
vn 0 1 0
vn 0 1 0
vn 1 0 0
vn 1 0 0
vn 1 0 0
vn 1 0 0
vn 0 1 0
vn 0 1 0
vn 0 1 0
vn 0 1 0
vn -1 0 0
vn -1 0 0
vn -1 0 0
vn -1 0 0
vn 0 1 0
vn 0 1 0
vn 0 1 0
vn 0 1 0
vn 0 0 1
vn 0 0 1
vn 0 0 1
vn 0 0 1
vn 0 0 -1
vn 0 0 -1
vn 0 0 -1
vn 0 0 -1
vn 0 1 0
vn 0 1 0
vn 0 1 0
vn 0 1 0
vn 0 0 1
vn 0 0 1
vn 0 0 1
vn 0 0 1
vn 1 0 0
vn 1 0 0
vn 1 0 0
vn 1 0 0
vn 0 0 -1
vn 0 0 -1
vn 0 0 -1
vn 0 0 -1
vn 0 1 0
vn 0 1 0
vn 0 1 0
vn 0 1 0
vn 0 0 1
vn 0 0 1
vn 0 0 1
vn 0 0 1
vn 1 0 0
vn 1 0 0
vn 1 0 0
vn 1 0 0
vn 0 0 -1
vn 0 0 -1
vn 0 0 -1
vn 0 0 -1
vn 0 0 -1
vn 0 0 -1
vn 0 0 -1
vn 0 0 -1
vn 1 0 0
vn 1 0 0
vn 1 0 0
vn 1 0 0
vn 1 0 0
vn 1 0 0
vn 1 0 0
vn 1 0 0
vn 0 1 0
vn 0 1 0
vn 0 1 0
vn 0 1 0
vn 1 0 0
vn 1 0 0
vn 1 0 0
vn 1 0 0
vn 0 0 1
vn 0 0 1
vn 0 0 1
vn 0 0 1
vn 0 1 0
vn 0 1 0
vn 0 1 0
vn 0 1 0
vn 0 1 0
vn 0 1 0
vn 0 1 0
vn 0 1 0
vn 0 1 0
vn 1 0 0
vn 1 0 0
vn 1 0 0
vn 1 0 0
vn 0 0 1
vn 0 0 1
vn 0 0 1
vn 0 0 1
vn 0 0 1
vn 0 0 1
vn 0 0 1
vn 0 0 1
vn -1 0 0
vn -1 0 0
vn -1 0 0
vn -1 0 0
vn 0 0 -1
vn 0 0 -1
vn 0 0 -1
vn 0 0 -1
vn 1 0 0
vn 1 0 0
vn 1 0 0
vn 1 0 0
vn 0 1 0
vn 0 1 0
vn 0 1 0
vn 0 1 0
vn 0 -1 0
vn 0 -1 0
vn 0 -1 0
vn 0 -1 0
vn 0 0 1
vn 0 0 1
vn 0 0 1
vn 0 0 1
vn -1 0 0
vn -1 0 0
vn -1 0 0
vn -1 0 0
vn 0 0 -1
vn 0 0 -1
vn 0 0 -1
vn 0 0 -1
vn 1 0 0
vn 1 0 0
vn 1 0 0
vn 1 0 0
vn 0 1 0
vn 0 1 0
vn 0 1 0
vn 0 1 0
vn 0 -1 0
vn 0 -1 0
vn 0 -1 0
vn 0 -1 0
vn 0 0 1
vn 0 0 1
vn 0 0 1
vn 0 0 1
vn -1 0 0
vn -1 0 0
vn -1 0 0
vn -1 0 0
vn 0 0 -1
vn 0 0 -1
vn 0 0 -1
vn 0 0 -1
vn 1 0 0
vn 1 0 0
vn 1 0 0
vn 1 0 0
vn 0 1 0
vn 0 1 0
vn 0 1 0
vn 0 1 0
vn 0 -1 0
vn 0 -1 0
vn 0 -1 0
vn 0 -1 0
vn 0 0 1
vn 0 0 1
vn 0 0 1
vn 0 0 1
vn -1 0 0
vn -1 0 0
vn -1 0 0
vn -1 0 0
vn 0 0 -1
vn 0 0 -1
vn 0 0 -1
vn 0 0 -1
vn 1 0 0
vn 1 0 0
vn 1 0 0
vn 1 0 0
vn 0 1 0
vn 0 1 0
vn 0 1 0
vn 0 1 0
vn 0 -1 0
vn 0 -1 0
vn 0 -1 0
vn 0 -1 0
vn 0 0 1
vn 0 0 1
vn 0 0 1
vn 0 0 1
vn -1 0 0
vn -1 0 0
vn -1 0 0
vn -1 0 0
vn 0 0 -1
vn 0 0 -1
vn 0 0 -1
vn 0 0 -1
vn 1 0 0
vn 1 0 0
vn 1 0 0
vn 1 0 0
vn 0 1 0
vn 0 1 0
vn 0 1 0
vn 0 1 0
vn 0 -1 0
vn 0 -1 0
vn 0 -1 0
vn 0 -1 0
vn 0 0 1
vn 0 0 1
vn 0 0 1
vn 0 0 1
vn -1 0 0
vn -1 0 0
vn -1 0 0
vn -1 0 0
vn 0 0 -1
vn 0 0 -1
vn 0 0 -1
vn 0 0 -1
vn 1 0 0
vn 1 0 0
vn 1 0 0
vn 1 0 0
vn 0 1 0
vn 0 1 0
vn 0 1 0
vn 0 1 0
vn 0 -1 0
vn 0 -1 0
vn 0 -1 0
vn 0 -1 0
vn 0 0 1
vn 0 0 1
vn 0 0 1
vn 0 0 1
vn -1 0 0
vn -1 0 0
vn -1 0 0
vn -1 0 0
vn 0 0 -1
vn 0 0 -1
vn 0 0 -1
vn 0 0 -1
vn 1 0 0
vn 1 0 0
vn 1 0 0
vn 1 0 0
vn 0 1 0
vn 0 1 0
vn 0 1 0
vn 0 1 0
vn 0 -1 0
vn 0 -1 0
vn 0 -1 0
vn 0 -1 0
vn 0 0 1
vn 0 0 1
vn 0 0 1
vn 0 0 1
vn -1 0 0
vn -1 0 0
vn -1 0 0
vn -1 0 0
vn 0 0 -1
vn 0 0 -1
vn 0 0 -1
vn 0 0 -1
vn 1 0 0
vn 1 0 0
vn 1 0 0
vn 1 0 0
vn 0 1 0
vn 0 1 0
vn 0 1 0
vn 0 1 0
vn 0 -1 0
vn 0 -1 0
vn 0 -1 0
vn 0 -1 0
vn 0 0 1
vn 0 0 1
vn 0 0 1
vn 0 0 1
vn -1 0 0
vn -1 0 0
vn -1 0 0
vn -1 0 0
vn 0 0 -1
vn 0 0 -1
vn 0 0 -1
vn 0 0 -1
vn 1 0 0
vn 1 0 0
vn 1 0 0
vn 1 0 0
vn 0 1 0
vn 0 1 0
vn 0 1 0
vn 0 1 0
vn 0 -1 0
vn 0 -1 0
vn 0 -1 0
vn 0 -1 0
vn 0 0 1
vn 0 0 1
vn 0 0 1
vn 0 0 1
vn -1 0 0
vn -1 0 0
vn -1 0 0
vn -1 0 0
vn 0 0 -1
vn 0 0 -1
vn 0 0 -1
vn 0 0 -1
vn 1 0 0
vn 1 0 0
vn 1 0 0
vn 1 0 0
vn 0 1 0
vn 0 1 0
vn 0 1 0
vn 0 1 0
vn 0 -1 0
vn 0 -1 0
vn 0 -1 0
vn 0 -1 0
vn 0 0 1
vn 0 0 1
vn 0 0 1
vn 0 0 1
vn 0 0 -1
vn 0 0 -1
vn 0 0 -1
vn 0 0 -1
vn 0 1 0
vn 0 1 0
vn 0 1 0
vn 0 1 0
vn 0 0 -1
vn 0 0 -1
vn 0 0 -1
vn 0 0 -1
vn 0 1 0
vn 0 1 0
vn 0 1 0
vn 0 1 0
vn 0 0 1
vn 0 0 1
vn 0 0 1
vn 0 0 1
vn -1 0 0
vn -1 0 0
vn -1 0 0
vn -1 0 0
vn -1 0 0
vn -1 0 0
vn -1 0 0
vn -1 0 0
vn -1 0 0
vn -1 0 0
vn -1 0 0
vn -1 0 0
vn 0 0 1
vn 0 0 1
vn 0 0 1
vn 0 0 1
vn -1 0 0
vn -1 0 0
vn -1 0 0
vn -1 0 0
vn 0 0 -1
vn 0 0 -1
vn 0 0 -1
vn 0 0 -1
vn 1 0 0
vn 1 0 0
vn 1 0 0
vn 1 0 0
vn 0 1 0
vn 0 1 0
vn 0 1 0
vn 0 1 0
vn 0 -1 0
vn 0 -1 0
vn 0 -1 0
vn 0 -1 0
vn 0 0 1
vn 0 0 1
vn 0 0 1
vn 0 0 1
vn -1 0 0
vn -1 0 0
vn -1 0 0
vn -1 0 0
vn 0 0 -1
vn 0 0 -1
vn 0 0 -1
vn 0 0 -1
vn 1 0 0
vn 1 0 0
vn 1 0 0
vn 1 0 0
vn 0 1 0
vn 0 1 0
vn 0 1 0
vn 0 1 0
vn 0 -1 0
vn 0 -1 0
vn 0 -1 0
vn 0 -1 0
vn 0 1 0
vn 0 1 0
vn 0 1 0
vn 0 1 0
vn -1 0 0
vn -1 0 0
vn -1 0 0
vn -1 0 0
vn 0 0 0.9999999
vn 0 0 0.9999999
vn 0 0 0.9999999
vn 0 0 0.9999999
vn 1 0 0
vn 1 0 0
vn 1 0 0
vn 1 0 0
vn 0 0 -0.9999999
vn 0 0 -0.9999999
vn 0 0 -0.9999999
vn 0 0 -0.9999999
vn 0 1 0
vn 0 1 0
vn 0 1 0
vn 0 1 0
vn -0.4472136 0.8944272 0
vn -0.4472136 0.8944272 0
vn -0.4472136 0.8944272 0
vn -0.4472136 0.8944272 0
vn 0 1 0
vn 0 1 0
vn 0 1 0
vn 0 1 0
vn 0 0.8944272 -0.4472136
vn 0 0.8944272 -0.4472136
vn 0 0.8944272 -0.4472136
vn 0 0.8944272 -0.4472136
vn 0 1 0
vn 0 1 0
vn 0 1 0
vn 0 1 0
vn 0 1 0
vn 0 1 0
vn 0 1 0
vn 0 1 0
vn 0 1 0
vn 0 1 0
vn 0 1 0
vn 0 1 0
vn 0 1 0
vn 0 1 0
vn 0 1 0
vn 0 1 0
vn 0 1 0
vn 0 1 0
vn 0 1 0
vn 0 1 0
vn 0 1 0
vn 0 1 0
vn 0 1 0
vn 0.4472136 0.8944272 0
vn 0.4472136 0.8944272 0
vn 0.4472136 0.8944272 0
vn 0.4472136 0.8944272 0
vn 0 1 0
vn 0 1 0
vn 0 1 0
vn 0 1 0
vn 0 0.9999999 0
vn 0 1 0
vn 0 0.9999999 0
vn 0 1 0
vn 0 1 0
vn 0 1 0
vn 0 1 0
vn 0 1 0
vn 0 1 0
vn 0 1 0
vn 0 1 0
vn 0 1 0
vn 0 1 0
vn 0 1 0
vn 0 1 0
vn 0 1 0
vn 0 1 0
vn 0 1 0
vn 0 1 0
vn 0 1 0
vn 0 1 0
vn 0 1 0
vn 0 1 0
vn 0 1 0
vn 0 1 0
vn 0 1 0
vn 0 1 0
vn 0 1 0
vn 0 1 0
vn 0 1 0
vn 0 1 0
vn 0 1 0
vn 0 1 0
vn 0 1 0
vn 0 1 0
vn 0 1 0
vn 0 1 0
vn 0 1 0
vn 0 1 0
vn 0 1 0
vn 0 1 0
vn 0 1 0
vn 0 1 0
vn 0 1 0
vn 0 1 0
vn 0 1 0
vn 0 1 0
vn 0 1 0
vn 0 1 0
vn 0 1 0
vn 0 1 0
vn 0 1 0
vn 0 1 0
vn 0 1 0
vn 0 1 0
vn 0 1 0
vn 0 1 0
vn 0 1 0
vn 0 1 0
vn 0 1 0
vn 0 1 0
vn 0 1 0
vn 0 1 0
vn 0 1 0
vn 0 1 0
vn 0 1 0
vn 0 1 0
vn 0 1 0
vn 0 1 0
vn 0 0.9284766 0.3713907
vn 0 0.9284766 0.3713907
vn 0 0.9284766 0.3713907
vn 0 0.9284766 0.3713907
vn 0 1 0
vn 0 1 0
vn 0 1 0
vn 0 1 0
vn 0 1 0
vn 0 1 0
vn 0 1 0
vn 0 1 0
vn 0 1 0
vn 0 1 0
vn 0 1 0
vn 0 1 0
vn 0 1 0
vn 0 1 0
vn 0 1 0
vn 0 1 0
vn 0 1 0
vn 0 1 0
vn 0 1 0
vn 0 1 0
vn 0 1 0
vn 0 0.9999999 0
vn 0 0.9999999 0
vn 0 1 0
vn 0 1 0
vn 0 1 0
vn 0 1 0
vn 0 1 0
vn 0 1 0
vn 0 1 0
vn 0 1 0
vn 0 1 0
vn 0 1 0
vn 0 1 0
vn 0 1 0
vn 0 1 0
vn 0 1 0
vn 0 1 0
vn 0 1 0
vn 0 1 0
vn 0 1 0
vn 0 1 0
vn 0 1 0
vn 0 1 0
vn 0 1 0
vn 0 1 0
vn 0 1 0
vn 0 1 0
vn 0 1 0
vn 0 1 0
vn 0 1 0
vn 0 1 0
vn 0 1 0
vn 0 1 0
vn 0 1 0
vn 0 1 0
vn 0 1 0
vn 0 1 0
vn 0 1 0
vn 0 1 0
vn 0 1 0
vn 0 1 0
vn 0 1 0
vn 0 1 0
vn 0 1 0
vn 0 1 0
vn 0 1 0
vn 0 1 0
vn 0 1 0
vn 0 1 0
vn 0 1 0
vn 0 1 0
vn 0 1 0
vn 0 1 0
vn 0 1 0
vn -1 0 0
vn -1 0 0
vn -1 0 0
vn -1 0 0
vn 0 1 0
vn 0 1 0
vn 0 1 0
vn 0 1 0
vn 1 0 0
vn 1 0 0
vn 1 0 0
vn 1 0 0
vn 0 1 0
vn 0 1 0
vn 0 1 0
vn 0 1 0
vn 0 1 0
vn 0 1 0
vn 0 1 0
vn 0 1 0
vn 0 1 0
vn 0 1 0
vn 0 1 0
vn 0 1 0
vn 0 1 0
vn 0 1 0
vn 0 1 0
vn 0 1 0
vn 0 1 0
vn 0 1 0
vn 0 0.9284767 -0.3713907
vn 0 0.9284767 -0.3713907
vn 0 0.9284767 -0.3713907
vn 0 0.9284767 -0.3713907
vn 0 1 0
vn 0 1 0
vn 0 1 0
vn 0 1 0
vn 0 1 0
vn 0 1 0
vn 0 1 0
vn 0 1 0
vn 0 1 0
vn 0 1 0
vn 0 1 0
vn 0 1 0
vn 0 1 0
vn 0 1 0
vn 0 1 0
vn 0 1 0
vn 0 1 0
vn 0 1 0
vn 0 1 0
vn 0 1 0
vn 0 1 0
vn 0 1 0
vn 0 1 0
vn 0 1 0
vn 0.3713907 0.9284766 0
vn 0.3713907 0.9284766 0
vn 0.3713907 0.9284766 0
vn 0.3713907 0.9284766 0
vn 0 1 0
vn 0 1 0
vn 0 1 0
vn 0 1 0
vn 0 1 0
vn 0 1 0
vn 0 1 0
vn 0 1 0
vn 0 1 0
vn 0 1 0
vn 0 1 0
vn 0 1 0
vn 0 1 0
vn 0 1 0
vn 0 1 0
vn 0 1 0
vn 0 1 0
vn 0 1 0
vn 0 1 0
vn 0 1 0
vn 0 1 0
vn 0 1 0
vn 0 1 0
vn 0 1 0
vn 0 1 0
vn 0 0.9284766 -0.3713907
vn 0 0.9284766 -0.3713907
vn 0 0.9284766 -0.3713907
vn 0 0.9284766 -0.3713907
vn 0 1 0
vn 0 1 0
vn 0 1 0
vn 0 1 0
vn 0 1 0
vn 0 1 0
vn 0 1 0
vn 0 1 0
vn 0 1 0
vn 0 1 0
vn 0 1 0
vn 0 1 0
vn 0 1 0
vn 0 1 0
vn 0 1 0
vn 0 1 0
vn 0 0.9999999 0
vn 0 1 0
vn 0 1 0
vn 0 1 0
vn 0 1 0
vn 0 1 0
vn 0 1 0
vn 0 1 0
vn 0 1 0
vn 0 1 0
vn 0 1 0
vn 0 1 0
vn 0 1 0
vn 0 -1 0
vn 0 -1 0
vn 0 -1 0
vn 0 -1 0
vn 0 -1 0
vn 0 -1 0
vn 0 -1 0
vn 0 -1 0
vn 0 -1 0
vn 0 -1 0
vn 0 -1 0
vn 0 -1 0
vn 0 -1 0
vn 0 -1 0
vn -1 0 0
vn -1 0 0
vn -1 0 0
vn -1 0 0
vn 0 0 -1
vn 0 0 -1
vn 0 0 -1
vn 0 0 -1
vn 1 0 0
vn 1 0 0
vn 1 0 0
vn 1 0 0
vn 0 0 1
vn 0 0 1
vn 0 0 1
vn 0 0 1
vn 0 0 0.9999999
vn 0 0 0.9999999
vn 0 0 0.9999999
vn 0 0 0.9999999
vn -1 0 0
vn -1 0 0
vn -1 0 0
vn -1 0 0
vn 0 0 -0.9999999
vn 0 0 -0.9999999
vn 0 0 -0.9999999
vn 0 0 -0.9999999
vn 1 0 0
vn 1 0 0
vn 1 0 0
vn 1 0 0
vn 0 1 0
vn 0 1 0
vn 0 1 0
vn 0 1 0
vn 0 -1 0
vn 0 -1 0
vn 0 -1 0
vn 0 -1 0
vn 0 0 0.9999999
vn 0 0 0.9999999
vn 0 0 0.9999999
vn 0 0 0.9999999
vn -1 0 0
vn -1 0 0
vn -1 0 0
vn -1 0 0
vn 0 0 -0.9999999
vn 0 0 -0.9999999
vn 0 0 -0.9999999
vn 0 0 -0.9999999
vn 1 0 0
vn 1 0 0
vn 1 0 0
vn 1 0 0
vn 0 1 0
vn 0 1 0
vn 0 1 0
vn 0 1 0
vn 0 -1 0
vn 0 -1 0
vn 0 -1 0
vn 0 -1 0
vn 0 0 0.9999999
vn 0 0 0.9999999
vn 0 0 0.9999999
vn 0 0 0.9999999
vn -1 0 0
vn -1 0 0
vn -1 0 0
vn -1 0 0
vn 0 0 -0.9999999
vn 0 0 -0.9999999
vn 0 0 -0.9999999
vn 0 0 -0.9999999
vn 1 0 0
vn 1 0 0
vn 1 0 0
vn 1 0 0
vn 0 1 0
vn 0 1 0
vn 0 1 0
vn 0 1 0
vn 0 -1 0
vn 0 -1 0
vn 0 -1 0
vn 0 -1 0
vn 0 0 0.9999999
vn 0 0 0.9999999
vn 0 0 0.9999999
vn 0 0 0.9999999
vn -1 0 0
vn -1 0 0
vn -1 0 0
vn -1 0 0
vn 0 0 -0.9999999
vn 0 0 -0.9999999
vn 0 0 -0.9999999
vn 0 0 -0.9999999
vn 1 0 0
vn 1 0 0
vn 1 0 0
vn 1 0 0
vn 0 1 0
vn 0 1 0
vn 0 1 0
vn 0 1 0
vn 0 -1 0
vn 0 -1 0
vn 0 -1 0
vn 0 -1 0
vn 0 0 0.9999999
vn 0 0 0.9999999
vn 0 0 0.9999999
vn 0 0 0.9999999
vn -1 0 0
vn -1 0 0
vn -1 0 0
vn -1 0 0
vn 0 0 -0.9999999
vn 0 0 -0.9999999
vn 0 0 -0.9999999
vn 0 0 -0.9999999
vn 1 0 0
vn 1 0 0
vn 1 0 0
vn 1 0 0
vn 0 1 0
vn 0 1 0
vn 0 1 0
vn 0 1 0
vn 0 -1 0
vn 0 -1 0
vn 0 -1 0
vn 0 -1 0
vn 0 0 -1
vn 0 0 -1
vn 0 0 -1
vn 0 0 -1
vn -1 0 0
vn -1 0 0
vn -1 0 0
vn -1 0 0
vn -1 0 0
vn -1 0 0
vn -1 0 0
vn -1 0 0
vn -1 0 0
vn 0 0 1
vn 0 0 1
vn 0 0 1
vn 0 0 1
vn -1 0 0
vn -1 0 0
vn -1 0 0
vn -1 0 0
vn -1 0 0
vn -1 0 0
vn -1 0 0
vn -1 0 0
vn -1 0 0
vn 0 0 -1
vn 0 0 -1
vn 0 0 -1
vn 0 0 -1
vn 0 0 -1
vn 0 0 -1
vn 0 0 -1
vn 0 0 -1
vn 0.9999999 0 0
vn 0.9999999 0 0
vn 0.9999999 0 0
vn 0.9999999 0 0
vn 0 0 1
vn 0 0 1
vn 0 0 1
vn 0 0 1
vn 0 -1 0
vn 0 -1 0
vn 0 -1 0
vn 0 -1 0
vn -1 0 0
vn -1 0 0
vn -1 0 0
vn -1 0 0
vn 0 -1 0
vn 0 -1 0
vn 0 -1 0
vn 0 -1 0
vn 0 0 -1
vn 0 0 -1
vn 0 0 -1
vn 0 0 -1
vn 0 0 1
vn 0 0 1
vn 0 0 1
vn 0 0 1
vn 1 0 0
vn 1 0 0
vn 1 0 0
vn 1 0 0
vn 0 0 1
vn 0 0 1
vn 0 0 1
vn 0 0 1
vn -1 0 0
vn -1 0 0
vn -1 0 0
vn -1 0 0
vn 0 0 -1
vn 0 0 -1
vn 0 0 -1
vn 0 0 -1
vn -1 0 0
vn -1 0 0
vn -1 0 0
vn -1 0 0
vn 0 0 -1
vn 0 0 -1
vn 0 0 -1
vn 0 0 -1
vn -1 0 0
vn -1 0 0
vn -1 0 0
vn -1 0 0
vn 0 0 1
vn 0 0 1
vn 0 0 1
vn 0 0 1
vn 0 0 1
vn 0 0 -0.9999999
vn 0 0 -1
vn 0 0 -1
vn 0 0 -1
vn 0 0 -1
vn 0 0 -1
vn 0 0 1
vn 0 0 1
vn 0 0 1
vn 0 0 1
vn 0 0 1
vn 0 0 1
vn 0 0 1
vn 0 0 1
vn 0 0 1
vn 0 0 1
vn -1 0 0
vn -1 0 0
vn -1 0 0
vn -1 0 0
vn -1 0 0
vn -1 0 0
vn -1 0 0
vn -1 0 0
vn 1 0 0
vn 1 0 0
vn 1 0 0
vn 1 0 0
vn 1 0 0
vn 1 0 0
vn 0 0 1
vn 0 0 1
vn 0 0 1
vn 0.4472136 -0.8944272 0
vn 0.4472136 -0.8944272 0
vn 0.4472136 -0.8944272 0
vn 0.4472136 -0.8944272 0
vn 0 -1 0
vn 0 -1 0
vn 0 -1 0
vn 0 -1 0
vn 0 -0.8944272 0.4472136
vn 0 -0.8944272 0.4472136
vn 0 -0.8944272 0.4472136
vn 0 -0.8944272 0.4472136
vn 0 -1 0
vn 0 -1 0
vn 0 -1 0
vn 0 -1 0
vn 0 -1 0
vn 0 -1 0
vn 0 -1 0
vn 0 -1 0
vn 0 -1 0
vn 0 -1 0
vn 0 -1 0
vn 0 -1 0
vn 0 -1 0
vn 0 -1 0
vn 0 -1 0
vn 0 -1 0
vn 0 0 1
vn 0 0 1
vn 0 0 1
vn 0 0 1
vn 0 0 -1
vn 0 0 -1
vn 0 0 -1
vn 0 0 -1
vn -1 0 0
vn -1 0 0
vn -1 0 0
vn -1 0 0
vn 1 0 0
vn 1 0 0
vn 1 0 0
vn 1 0 0
vn -1 0 0
vn -1 0 0
vn -1 0 0
vn -1 0 0
vn 0 0 1
vn 0 0 1
vn 0 0 1
vn 0 0 1
vn 0 0 1
vn 0 0 -1
vn 0 0 -1
vn 0 0 -1
vn 0 0 -1
vn 1 0 0
vn 1 0 0
vn 1 0 0
vn 1 0 0
vn 1 0 0
vn 1 0 0
vn 1 0 0
vn 1 0 0
vn 1 0 0
vn 1 0 0
vn 1 0 0
vn 1 0 0
vn 1 0 0
vn 0 0 1
vn 0 0 1
vn 0 0 1
vn 0 0 1
vn 0 0 1
vn 0 0 1
vn 0 0 1
vn 0 0 1
vn 1 0 0
vn 1 0 0
vn 1 0 0
vn 1 0 0
vn -1 0 0
vn -1 0 0
vn -1 0 0
vn -1 0 0
vn 0 0 1
vn 0 0 1
vn 0 0 1
vn 0 0 1
vn 0 0 1
vn 0 0 1
vn 0 0 1
vn 0 0 1
vn 0 0 -1
vn 0 0 -1
vn 0 0 -1
vn 0 0 -1
vn 0 0 -1
vn 0 0 -1
vn 0 0 -1
vn 0 0 -1
vn 0 0 -1
vn 0 0 -1
vn 0 0 -1
vn 0 0 -1
vn 0 -1 0
vn 0 -1 0
vn 0 -1 0
vn 0 -1 0
vn 0 -1 0
vn 0 -1 0
vn 0 -1 0
vn 0 -1 0
vn 0 -1 0
vn -0.4472136 -0.8944272 0
vn -0.4472136 -0.8944272 0
vn -0.4472136 -0.8944272 0
vn -0.4472136 -0.8944272 0
vn 0 0 1
vn 0 0 1
vn 0 0 1
vn 0 0 1
vn 0 0 -1
vn 0 0 -1
vn 0 0 -1
vn 0 0 -1
vn 0 0 -1
vn -1 0 0
vn -1 0 0
vn -1 0 0
vn -1 0 0
vn 0 0 -1
vn 0 0 -1
vn 0 0 -1
vn 0 0 -1
vn 0 0 -1
vn 0 0 -1
vn 0 0 -1
vn 0 0 -1
vn 0 0 -1
vn 1 0 0
vn 1 0 0
vn 1 0 0
vn 1 0 0
vn 1 0 0
vn 1 0 0
vn 1 0 0
vn 1 0 0
vn 0 0 1
vn 0 0 1
vn 0 0 1
vn 0 0 1
vn 0 0 1
vn -1 0 0
vn -1 0 0
vn -1 0 0
vn -1 0 0
vn 0 0 -1
vn 0 0 -1
vn 0 0 -1
vn 0 0 -1
vn -1 0 0
vn -1 0 0
vn -1 0 0
vn -1 0 0
vn 0 0 1
vn 0 0 1
vn 0 0 1
vn 0 0 1
vn 1 0 0
vn 1 0 0
vn 1 0 0
vn 1 0 0
vn 1 0 0
vn 0 0 1
vn 0 0 1
vn 0 0 1
vn 0 0 1
vn 0 -1 0
vn 0 -1 0
vn 0 -1 0
vn 0 -1 0
vn 0 0 -1
vn 0 0 -1
vn 0 0 -1
vn 0 0 -1
vn 0 0 1
vn 0 0 1
vn 0 0 1
vn 0 0 1
vn 0 0 1
vn -1 0 0
vn -1 0 0
vn -1 0 0
vn -1 0 0
vn 0 0 -1
vn 0 0 -1
vn 0 0 -1
vn 0 0 -1
vn 0 0 -1
vn -1 0 0
vn -1 0 0
vn -1 0 0
vn -1 0 0
vn 1 0 0
vn 1 0 0
vn 1 0 0
vn 1 0 0
vn 1 0 0
vn 1 0 0
vn 1 0 0
vn 1 0 0
vn 1 0 0
vn -1 0 0
vn -1 0 0
vn -1 0 0
vn -1 0 0
vn 0 0 1
vn 0 0 1
vn 0 0 1
vn 0 0 1
vn -1 0 0
vn -1 0 0
vn -1 0 0
vn -1 0 0
vn 0 0 1
vn 0 0 1
vn 0 0 1
vn 0 0 1
vn -1 0 0
vn -1 0 0
vn -1 0 0
vn -1 0 0
vn 0 0 -1
vn 0 0 -1
vn 0 0 -1
vn 0 0 -1
vn 1 0 0
vn 1 0 0
vn 1 0 0
vn 1 0 0
vn 0 0 -1
vn 0 0 -1
vn 0 0 -1
vn 0 0 -1
vn 1 0 0
vn 1 0 0
vn 1 0 0
vn 1 0 0
vn 0 0 1
vn 0 0 1
vn 0 0 1
vn 0 0 1
vn 1 0 0
vn 1 0 0
vn 1 0 0
vn 1 0 0
vn 0 0 1
vn 0 0 1
vn 0 0 1
vn 0 0 1
vn -1 0 0
vn -1 0 0
vn -1 0 0
vn -1 0 0
vn -1 0 0
vn 1 0 0
vn 1 0 0
vn 1 0 0
vn 1 0 0
vn 0 0 -1
vn 0 0 -1
vn 0 0 -1
vn 0 0 -1
vn 0 0 -1
vn 0 0 -1
vn 0 0 -1
vn 0 0 -1
vn 0 0 1
vn 0 0 1
vn 0 0 1
vn 0 0 1
vn 1 0 0
vn 1 0 0
vn 1 0 0
vn 1 0 0
vn 0 0 1
vn 0 0 1
vn 0 0 1
vn 0 0 1
vn -1 0 0
vn -1 0 0
vn -1 0 0
vn -1 0 0
vn 0 0 -1
vn 0 0 -1
vn 0 0 -1
vn 0 0 -1
vn 0 0 -1
vn 0 0 -1
vn 0 0 -1
vn 0 0 -1
vn 0 0 -1
vn 0 0 -1
vn 0 0 -1
vn 0 0 -1
vn 0 0 -1
vn 0 0 -1
vn 0 0 -1
vn 0 0 -1
vn 0 0 -1
vn 0 0 -1
vn 0 0 -1
vn 1 0 0
vn 1 0 0
vn 1 0 0
vn 1 0 0
vn 0 0 1
vn 0 0 1
vn 0 0 1
vn 0 0 1
vn 1 0 0
vn 1 0 0
vn 1 0 0
vn 1 0 0
vn 0 0 1
vn 0 0 1
vn 0 0 1
vn 0 0 1
vn -1 0 0
vn -1 0 0
vn -1 0 0
vn -1 0 0
vn 0 -1 0
vn 0 -1 0
vn 0 -1 0
vn 0 -1 0
vn 1 0 0
vn 1 0 0
vn 1 0 0
vn 1 0 0
vn 1 0 0
vn 1 0 0
vn 1 0 0
vn 1 0 0
vn 0 -1 0
vn 0 -1 0
vn 0 -1 0
vn 0 -1 0
vn 0 0 1
vn 0 0 1
vn 0 0 1
vn 0 0 1
vn 0 0 -1
vn 0 0 -1
vn 0 0 -1
vn 0 0 -1
vn -1 0 0
vn -1 0 0
vn -1 0 0
vn -1 0 0
vn 0 0 1
vn 0 0 1
vn 0 0 1
vn 0 0 1
vn 0 0 -1
vn 0 0 -1
vn 0 0 -1
vn 0 0 -1
vn 1 0 0
vn 1 0 0
vn 1 0 0
vn 1 0 0
vn 0 0 1
vn 0 0 1
vn 0 0 1
vn 0 0 1
vn 0 0 1
vn 1 0 0
vn 1 0 0
vn 1 0 0
vn 1 0 0
vn -1 0 0
vn -1 0 0
vn -1 0 0
vn -1 0 0
vn 1 0 0
vn 1 0 0
vn 1 0 0
vn 1 0 0
vn 0 -1 0
vn 0 -1 0
vn 0 -1 0
vn 0 -1 0
vn 0 0 1
vn 0 0 1
vn 0 0 1
vn 0 0 1
vn 0 0 1
vn 0 0 1
vn 0 0 1
vn 0 0 1
vn 0 0 1
vn -1 0 0
vn -1 0 0
vn -1 0 0
vn -1 0 0
vn -1 0 0
vn 1 0 0
vn 1 0 0
vn 1 0 0
vn 1 0 0
vn 1 0 0
vn 0 0 -1
vn 0 0 -1
vn 0 0 -1
vn 0 0 -1
vn 0 0 -1
vn 0 0 -1
vn -1 0 0
vn -1 0 0
vn -1 0 0
vn -1 0 0
vn 0 0 1
vn 0 0 1
vn 0 0 1
vn 0 0 1
vn -1 0 0
vn -1 0 0
vn -1 0 0
vn -1 0 0
vn -1 0 0
vn -1 0 0
vn -1 0 0
vn -1 0 0
vn 0 0 -1
vn 0 0 -1
vn 0 0 -1
vn 0 0 -1
vn 1 0 0
vn 1 0 0
vn 1 0 0
vn 1 0 0
vn 1 0 0
vn 1 0 0
vn 1 0 0
vn 1 0 0
vn 1 0 0
vn 1 0 0
vn 1 0 0
vn 1 0 0
vn -1 0 0
vn -1 0 0
vn -1 0 0
vn -1 0 0
vn -1 0 0
vn -1 0 0
vn -1 0 0
vn -1 0 0
vn 0 -1 0
vn 0 -1 0
vn 0 -1 0
vn 0 -1 0
vn 1 0 0
vn 1 0 0
vn 1 0 0
vn 1 0 0
vn 0 -1 0
vn 0 -1 0
vn 0 -1 0
vn 0 -1 0
vn 0 0 1
vn 0 0 1
vn 0 0 1
vn 0 0 1
vn -1 0 0
vn -1 0 0
vn -1 0 0
vn -1 0 0
vn 0 0 1
vn 0 0 1
vn 0 0 1
vn 0 0 1
vn 0 1 0
vn 0 1 0
vn 0 1 0
vn 0 1 0
vn 0 1 0
vn 0 1 0
vn 0 1 0
vn 0 1 0
vn 1 0 0
vn 1 0 0
vn 1 0 0
vn 1 0 0
vn 0 0 -1
vn 0 0 -1
vn 0 0 -1
vn 0 0 -1
vn 0 0 1
vn 0 0 1
vn 0 0 1
vn 0 0 1
vn -1 0 0
vn -1 0 0
vn -1 0 0
vn -1 0 0
vn 1 0 0
vn 1 0 0
vn 1 0 0
vn 1 0 0
vn 1 0 0
vn 1 0 0
vn 1 0 0
vn 1 0 0
vn 0 0 -1
vn 0 0 -1
vn 0 0 -1
vn 0 0 -1
vn 0 0 -1
vn 0 0 -1
vn 0 0 -1
vn 0 0 -1
vn 0 0 -1
vn 0 0 -1
vn 0 0 -1
vn 0 0 -1
vn 0 0 -1
vn 0 0 -1
vn 0 0 -1
vn 0 0 -1
vn 0 0 -1
vn 0 0 -1
vn 0 0 1
vn 0 0 1
vn 0 0 1
vn 0 0 0.9999999
vn 0 0 1
vn 0 0 -1
vn 0 0 -1
vn 0 0 -1
vn 0 0 -1
vn 0 0 -1
vn 0 0 1
vn 0 0 1
vn 0 0 1
vn 0 0 1
vn 0 0 1
vn 0 0 -1
vn 0 0 -1
vn 0 0 -1
vn 0 0 -1
vn 0 0 -1
vn 1 0 0
vn 1 0 0
vn 1 0 0
vn 1 0 0
vn 1 0 0
vn -1 0 0
vn -1 0 0
vn -1 0 0
vn -1 0 0
vn -1 0 0
vn 0 -1 0
vn 0 -1 0
vn 0 -1 0
vn 0 -1 0
vn -1 0 0
vn -1 0 0
vn -1 0 0
vn -1 0 0
vn 1 0 0
vn 1 0 0
vn 1 0 0
vn 1 0 0
vn 1 0 0
vn 1 0 0
vn 1 0 0
vn 1 0 0
vn 0 0 1
vn 0 0 1
vn 0 0 1
vn 0 0 1
vn 0 0 1
vn 0 0 1
vn 0 0 1
vn 0 0 1
vn 0 0 1
vn 1 0 0
vn 1 0 0
vn 1 0 0
vn 1 0 0
vn 1 0 0
vn 0 0 1
vn 0 0 1
vn 0 0 1
vn 0 0 1
vn 0 0 1
vn -1 0 0
vn -1 0 0
vn -1 0 0
vn -1 0 0
vn 0 0 -1
vn 0 0 -1
vn 0 0 -1
vn 0 0 -1
vn 0 0 -1
vn -1 0 0
vn -1 0 0
vn -1 0 0
vn -1 0 0
vn 0 -1 0
vn 0 -1 0
vn 0 -1 0
vn 0 -1 0
vn 0 0 1
vn 0 0 1
vn 0 0 1
vn 0 0 1
vn 0 -1 0
vn 0 -1 0
vn 0 -1 0
vn 0 -1 0
vn 0 -1 0
vn 0 -1 0
vn 0 -1 0
vn 0 -1 0
vn 0 -1 0
vn 0 -1 0
vn 0 -1 0
vn 0 -1 0
vn 0 -1 0
vn 0 -1 0
vn 0 -1 0
vn 0 -1 0
vn 0 -1 0
vn 0 -1 0
vn 0 -1 0
vn 0 -1 0
vn 0 -1 0
vn 0 -1 0
vn 0 -1 0
vn 0 -1 0
vn 0 -1 0
vn 0 -1 0
vn 0 -1 0
vn 0 -1 0
vn -1 0 0
vn -1 0 0
vn -1 0 0
vn -1 0 0
vn 0 0 1
vn 0 0 1
vn 0 0 1
vn 0 0 1
vn 0 0 -1
vn 0 0 -1
vn 0 0 -1
vn 0 0 -1
vn 1 0 0
vn 1 0 0
vn 1 0 0
vn 1 0 0
vn -1 0 0
vn -1 0 0
vn -1 0 0
vn -1 0 0
vn 0 0 1
vn 0 0 1
vn 0 0 1
vn 0 0 1
vn 0 0 -1
vn 0 0 -1
vn 0 0 -1
vn 0 0 -1
vn 1 0 0
vn 1 0 0
vn 1 0 0
vn 1 0 0
vn 0 0 -1
vn 0 0 -1
vn 0 0 -1
vn 0 0 -1
vn 0 0 1
vn 0 0 1
vn 0 0 1
vn 0 0 1
vn 1 0 0
vn 1 0 0
vn 1 0 0
vn 1 0 0
vn 0 0 1
vn 0 0 1
vn 0 0 1
vn 0 0 1
vn -1 0 0
vn -1 0 0
vn -1 0 0
vn -1 0 0
vn 0 0 1
vn 0 0 1
vn 0 0 1
vn 0 0 1
vn 0 0 -1
vn 0 0 -1
vn 0 0 -1
vn 0 0 -1
vn 1 0 0
vn 1 0 0
vn 1 0 0
vn 1 0 0
vn 0 0 -1
vn 0 0 -1
vn 0 0 -1
vn 0 0 -1
vn 0 -1 0
vn 0 -1 0
vn 0 -1 0
vn 0 -1 0
vn -1 0 0
vn -1 0 0
vn -1 0 0
vn -1 0 0
vn 1 0 0
vn 1 0 0
vn 1 0 0
vn 1 0 0
vn 0 0 -1
vn 0 0 -1
vn 0 0 -1
vn 0 0 -1
vn -1 0 0
vn -1 0 0
vn -1 0 0
vn -1 0 0
vn 0 0 -1
vn 0 0 -1
vn 0 0 -1
vn 0 0 -1
vn 0 0 1
vn 0 0 1
vn 0 0 1
vn 0 0 1
vn 1 0 0
vn 1 0 0
vn 1 0 0
vn 1 0 0
vn 1 0 0
vn 1 0 0
vn 1 0 0
vn 1 0 0
vn 1 0 0
vn 0 0 1
vn 0 0 1
vn 0 0 1
vn 0 0 1
vn 0 -1 0
vn 0 -1 0
vn 0 -1 0
vn 0 -1 0
vn 0 -1 0
vn 0 -1 0
vn 0 -1 0
vn 0 -1 0
vn 0 -1 0
vn 0 -1 0
vn 0 1 0
vn 0 1 0
vn 0 1 0
vn 0 1 0
vn 0 1 0
vn 0 1 0
vn 0 1 0
vn 0 1 0
vn 0 1 0
vn 0 1 0
vn 0 1 0
vn 0 1 0
vn 0 1 0
vn 0 1 0
vn 0 1 0
vn 0 1 0
vn 0 1 0
vn 0 1 0
vn 0 0.9284766 -0.3713907
vn 0 0.9284766 -0.3713907
vn 0 0.9284766 -0.3713907
vn 0 0.9284766 -0.3713907

vt 1 0
vt 0 0
vt 1 1
vt 0 1
vt 1 0
vt 0 0
vt 1 1
vt 0 1
vt 1 0
vt 0 0
vt 1 1
vt 0 1
vt 1 0
vt 0 0
vt 1 1
vt 0 1
vt 0 1
vt 1 1
vt 0 0
vt 1 0
vt 1 0
vt 0 0
vt 1 1
vt 0 1
vt 1 0
vt 0 0
vt 1 2
vt 0 2
vt 2 0
vt 0 0
vt 2 2
vt 0 2
vt 1 2
vt 1 0
vt 0 0
vt 0 2
vt 0 0
vt 1 2
vt 1 0
vt 0 2
vt 0 0
vt 1 2
vt 1 0
vt 0 2
vt 1 1
vt 2 0
vt 0 0
vt 2 1
vt 0 2
vt 1 2
vt 1 0
vt 0 0
vt 1 2
vt 0 2
vt 1 0
vt 0 0
vt 1 2
vt 0 2
vt 1 0
vt 0 0
vt 1 2
vt 0 2
vt 1 0
vt 0 0
vt 1 2
vt 0 2
vt 0 1
vt 1 1
vt 0 0
vt 1 0
vt 1 0
vt 0 0
vt 1 1
vt 0 1
vt 2 0
vt 0 0
vt 2 2
vt 0 2
vt 2 0
vt 0 0
vt 2 2
vt 0 2
vt 2 0
vt 0 0
vt 2 2
vt 0 2
vt 2 0
vt 0 0
vt 2 2
vt 0 2
vt 0 2
vt 2 2
vt 0 0
vt 2 0
vt 2 0
vt 0 0
vt 2 2
vt 0 2
vt 1 0
vt 0 0
vt 1 2
vt 0 2
vt 1 0
vt 0 0
vt 1 2
vt 0 2
vt 1 0
vt 0 0
vt 1 2
vt 0 2
vt 1 0
vt 0 0
vt 1 2
vt 0 2
vt 0 1
vt 1 1
vt 0 0
vt 1 0
vt 1 0
vt 0 0
vt 1 1
vt 0 1
vt 2 0
vt 0 0
vt 2 2
vt 0 2
vt 2 0
vt 0 0
vt 2 2
vt 0 2
vt 2 0
vt 0 0
vt 2 2
vt 0 2
vt 2 0
vt 0 0
vt 2 2
vt 0 2
vt 0 2
vt 2 2
vt 0 0
vt 2 0
vt 2 0
vt 0 0
vt 2 2
vt 0 2
vt 2 0
vt 0 0
vt 2 2
vt 0 2
vt 2 0
vt 0 0
vt 2 2
vt 0 2
vt 2 0
vt 0 0
vt 2 2
vt 0 2
vt 2 0
vt 0 0
vt 2 2
vt 0 2
vt 0 2
vt 2 2
vt 0 0
vt 2 0
vt 2 0
vt 0 0
vt 2 2
vt 0 2
vt 1 0
vt 0 0
vt 1 2
vt 0 2
vt 1 0
vt 0 0
vt 1 2
vt 0 2
vt 1 0
vt 0 0
vt 1 2
vt 0 2
vt 1 0
vt 0 0
vt 1 2
vt 0 2
vt 0 1
vt 1 1
vt 0 0
vt 1 0
vt 1 0
vt 0 0
vt 1 1
vt 0 1
vt 1 0
vt 0 0
vt 1 2
vt 0 2
vt 2 0
vt 0 0
vt 2 2
vt 0 2
vt 0 2
vt 1 2
vt 0 0
vt 1 0
vt 2 0
vt 0 0
vt 2 2
vt 0 2
vt 0 1
vt 2 1
vt 0 0
vt 2 0
vt 0 1
vt 1 0
vt 0 0
vt 1 1
vt 1 0
vt 0 1
vt 1 1
vt 0 0
vt 1 1
vt 0 0
vt 0 1
vt 1 0
vt 0 1
vt 1 0
vt 0 0
vt 1 1
vt 1 0
vt 0 2
vt 1 2
vt 0 0
vt 3 0
vt 0 0
vt 3 1
vt 0 1
vt 1 0
vt 0 0
vt 1 1
vt 0 1
vt 3 0
vt 0 0
vt 3 1
vt 0 1
vt 1 0
vt 0 0
vt 1 1
vt 0 1
vt 1 1
vt 0 0
vt 0 1
vt 1 0
vt 0 1
vt 1 0
vt 0 0
vt 1 1
vt 1 1
vt 0 0
vt 0 1
vt 1 0
vt 1 0
vt 0 1
vt 1 1
vt 0 0
vt 1 1
vt 0 0
vt 0 1
vt 1 0
vt 1 0
vt 0 1
vt 1 1
vt 0 0
vt 1 0
vt 0 1
vt 1 1
vt 0 0
vt 0 2
vt 1 2
vt 0 0
vt 1 0
vt 0 0
vt 0 2
vt 1 0
vt 1 2
vt 1 1
vt 1 0
vt 0 0
vt 0 1
vt 1 1
vt 1 0
vt 0 1
vt 0 0
vt 1 1
vt 1 0
vt 0 1
vt 0 0
vt 0 0
vt 0 1
vt 1 0
vt 1 1
vt 1 1
vt 0 0
vt 0 2
vt 1 0
vt 0 1
vt 1 1
vt 0 0
vt 1 0
vt 1 0
vt 0 0
vt 1 1
vt 0 1
vt 0 1
vt 2 1
vt 1 0
vt 2 0
vt 0 0
vt 0 1
vt 1 0
vt 1 1
vt 0 1
vt 1 1
vt 0 0
vt 1 0
vt 2 0
vt 0 0
vt 2 2
vt 0 2
vt 0 0
vt 0 2
vt 1 0
vt 1 2
vt 2 2
vt 2 0
vt 1 2
vt 0 0
vt 0 2
vt 1 0
vt 0 0
vt 1 1
vt 0 1
vt 1 2
vt 0 0
vt 0 2
vt 1 0
vt 1 2
vt 0 0
vt 0 2
vt 1 0
vt 2 0
vt 0 0
vt 2 2
vt 0 2
vt 2 0
vt 0 0
vt 2 2
vt 0 2
vt 2 0
vt 0 0
vt 2 2
vt 0 2
vt 2 0
vt 0 0
vt 2 2
vt 0 2
vt 0 2
vt 2 2
vt 0 0
vt 2 0
vt 2 0
vt 0 0
vt 2 2
vt 0 2
vt 1 0
vt 0 0
vt 1 2
vt 0 2
vt 1 0
vt 0 0
vt 1 2
vt 0 2
vt 1 0
vt 0 0
vt 1 2
vt 0 2
vt 1 0
vt 0 0
vt 1 2
vt 0 2
vt 0 1
vt 1 1
vt 0 0
vt 1 0
vt 1 0
vt 0 0
vt 1 1
vt 0 1
vt 1 0
vt 0 0
vt 1 1
vt 0 1
vt 1 0
vt 0 0
vt 1 1
vt 0 1
vt 1 0
vt 0 0
vt 1 1
vt 0 1
vt 1 0
vt 0 0
vt 1 1
vt 0 1
vt 0 1
vt 1 1
vt 0 0
vt 1 0
vt 1 0
vt 0 0
vt 1 1
vt 0 1
vt 1 0
vt 0 0
vt 1 1
vt 0 1
vt 2 0
vt 0 0
vt 2 1
vt 0 1
vt 1 0
vt 0 0
vt 1 1
vt 0 1
vt 2 0
vt 0 0
vt 2 1
vt 0 1
vt 0 2
vt 1 2
vt 0 0
vt 1 0
vt 1 0
vt 0 0
vt 1 2
vt 0 2
vt 1 0
vt 0 0
vt 1 2
vt 0 2
vt 1 0
vt 0 0
vt 1 2
vt 0 2
vt 1 0
vt 0 0
vt 1 2
vt 0 2
vt 1 0
vt 0 0
vt 1 2
vt 0 2
vt 0 1
vt 1 1
vt 0 0
vt 1 0
vt 1 0
vt 0 0
vt 1 1
vt 0 1
vt 1 0
vt 0 0
vt 1 1
vt 0 1
vt 1 0
vt 0 0
vt 1 1
vt 0 1
vt 1 0
vt 0 0
vt 1 1
vt 0 1
vt 1 0
vt 0 0
vt 1 1
vt 0 1
vt 0 1
vt 1 1
vt 0 0
vt 1 0
vt 1 0
vt 0 0
vt 1 1
vt 0 1
vt 2 0
vt 0 0
vt 2 2
vt 0 2
vt 2 0
vt 0 0
vt 2 2
vt 0 2
vt 2 0
vt 0 0
vt 2 2
vt 0 2
vt 2 0
vt 0 0
vt 2 2
vt 0 2
vt 0 2
vt 2 2
vt 0 0
vt 2 0
vt 2 0
vt 0 0
vt 2 2
vt 0 2
vt 1 0
vt 0 0
vt 1 2
vt 0 2
vt 2 0
vt 0 0
vt 2 2
vt 0 2
vt 1 0
vt 0 0
vt 1 2
vt 0 2
vt 2 0
vt 0 0
vt 2 2
vt 0 2
vt 0 2
vt 1 2
vt 0 0
vt 1 0
vt 1 0
vt 0 0
vt 1 2
vt 0 2
vt 2 0
vt 0 0
vt 2 2
vt 0 2
vt 2 0
vt 0 0
vt 2 2
vt 0 2
vt 2 0
vt 0 0
vt 2 2
vt 0 2
vt 2 0
vt 0 0
vt 2 2
vt 0 2
vt 0 2
vt 2 2
vt 0 0
vt 2 0
vt 2 0
vt 0 0
vt 2 2
vt 0 2
vt 2 0
vt 0 0
vt 2 2
vt 0 2
vt 2 0
vt 0 0
vt 2 2
vt 0 2
vt 2 0
vt 0 0
vt 2 2
vt 0 2
vt 2 0
vt 0 0
vt 2 2
vt 0 2
vt 0 2
vt 2 2
vt 0 0
vt 2 0
vt 2 0
vt 0 0
vt 2 2
vt 0 2
vt 2 0
vt 0 0
vt 2 2
vt 0 2
vt 2 0
vt 0 0
vt 2 2
vt 0 2
vt 0 2
vt 2 2
vt 0 0
vt 2 0
vt 1 1
vt 0 0
vt 0 1
vt 1 0
vt 0 1
vt 1 0
vt 0 0
vt 1 1
vt 1 0
vt 0 1
vt 1 1
vt 0 0
vt 1 1
vt 0 0
vt 0 1
vt 1 0
vt 1 2
vt 0 0
vt 0 1
vt 1 0
vt 0 1
vt 1 0
vt 0 0
vt 2 1
vt 1 0
vt 0 0
vt 1 1
vt 0 1
vt 1 0
vt 0 0
vt 1 1
vt 0 1
vt 1 0
vt 0 0
vt 1 1
vt 0 1
vt 1 0
vt 0 0
vt 1 1
vt 0 1
vt 0 1
vt 1 1
vt 0 0
vt 1 0
vt 1 0
vt 0 0
vt 1 1
vt 0 1
vt 1 0
vt 0 0
vt 1 2
vt 0 2
vt 1 0
vt 0 0
vt 1 2
vt 0 2
vt 1 0
vt 0 0
vt 1 2
vt 0 2
vt 1 0
vt 0 0
vt 1 2
vt 0 2
vt 0 1
vt 1 1
vt 0 0
vt 1 0
vt 1 0
vt 0 0
vt 1 1
vt 0 1
vt 0 0
vt 0 102
vt 73 0
vt 73 102
vt 0 13
vt 102 0
vt 0 0
vt 102 13
vt 0 0
vt 73 13
vt 73 0
vt 0 13
vt 0 0
vt 102 13
vt 102 0
vt 0 13
vt 0 0
vt 73 13
vt 73 0
vt 0 13
vt 1 0
vt 0 0
vt 1 1
vt 0 1
vt 2.236068 3
vt 0 0
vt 0 3
vt 2.236068 0
vt 3 3
vt 0 0
vt 0 3
vt 3 0
vt 3 3.814697E-06
vt 0 6.496094
vt 3 6.496094
vt 0 3.814697E-06
vt 0 0
vt 0 3
vt 2 3
vt 5 3
vt 9 0
vt 6 3
vt 0 13
vt 3 0
vt 0 3
vt 3 10
vt 2 3
vt 2 0
vt 0 3
vt 0 0
vt 3 0
vt 0 3
vt 16 3
vt 16 0
vt 3 0
vt 0 0
vt 0 3
vt 0 6
vt 3 6
vt 8.944271 3
vt 8.944271 0
vt 0 0
vt 0 3
vt 0 1
vt 3 0
vt 0 0
vt 3 1
vt 27 3
vt 15 0
vt 0 0
vt 1 3
vt 0 0
vt 0 6
vt 12 6
vt 12 0
vt 12 12
vt 0 22
vt 12 25
vt 0 7
vt 4 7
vt 3 4
vt 0 0
vt 3 0
vt 0 12
vt 6 0
vt 0 0
vt 6 12
vt 0 0
vt 1 3
vt 3 0
vt 3 3
vt 8 0
vt 0 2
vt 8 2
vt 0 0
vt 0 1
vt 0 9
vt 10 9
vt 5 0
vt 10 7
vt 7 0
vt 8 0
vt 0 0
vt 3 7
vt 11 7
vt 4 0
vt 0 0
vt 3 7
vt 7 7
vt 3 7
vt 6 7
vt 6 0
vt 0 0
vt 0 1
vt 7 0
vt 0 0
vt 7 1
vt 7 10
vt 12 10
vt 9 0
vt 12 0
vt 0 10
vt 3 0
vt 0 0
vt 6 6
vt 6 0
vt 0 0
vt 0 6
vt 0 6
vt 6 6
vt 5 3
vt 0 3
vt 5 0
vt 2 0
vt 5 3
vt 2 3
vt -4.768372E-07 5
vt 6 9.536743E-07
vt 0 9.536743E-07
vt 6 5
vt 0 0
vt 6 6
vt 6 0
vt 0 6
vt 0 0
vt 8 6
vt 8 0
vt 0 6
vt 6 7
vt 6 0
vt 0 1
vt 0 0
vt 0 0
vt 0 6
vt 1 0
vt 7 6
vt 0 0
vt 1 6
vt 1 0
vt 0 6
vt 0 3
vt 0 11
vt 4 0
vt 7 11
vt 0 0
vt 0 12
vt 6 0
vt 0 6
vt 6 23
vt 3 23
vt 0 0
vt 11 6
vt 17 0
vt 0 6
vt 0 0
vt 0 4
vt 6 4
vt 6 0
vt 0 6
vt 14 6
vt 14 3
vt 11 0
vt 14 0
vt 0 12
vt 11 6
vt 0 6
vt 11 0
vt 11 8
vt 3 0
vt 0 14
vt 0 0
vt 12 0
vt 12 8
vt 0 0
vt 1 6
vt 1 0
vt 0 6
vt 4 6
vt 0 0
vt 0 6
vt 10 0
vt 0 10
vt 6 0
vt 0 6
vt 6 10
vt 0 0
vt 0 12
vt 6 12
vt 8 12
vt 8 0
vt 1 12
vt 1 6
vt 0 0
vt 0 12
vt 1 0
vt 12 0
vt 0 0
vt 0 1
vt 12 1
vt 0 0
vt 0 12
vt 10 0
vt 10 12
vt 0 0
vt 0 1
vt 12 0
vt 12 1
vt 1 12
vt 1 0
vt 0 12
vt 0 0
vt 0 0
vt 11 6
vt 11 0
vt 6 6
vt 0 15
vt 6 9
vt 6 0
vt 0 6
vt 11 0
vt 11 6
vt 0 11
vt 4 0
vt 0 0
vt 4 11
vt 0 5
vt 4 -3.814697E-06
vt 0 -3.814697E-06
vt 4 5
vt 0 5
vt 4 0
vt 0 0
vt 4 5
vt 0 5
vt 4 0
vt 0 0
vt 4 5
vt 4 5
vt 0 0
vt 0 5
vt 4 0
vt 0 0
vt 0 5
vt 5 4
vt 5 0
vt 0 6
vt 6 0
vt 0 0
vt 6 6
vt 0 4
vt 6 0
vt 0 0
vt 6 4
vt 0 0
vt 6 6
vt 6 0
vt 0 6
vt 6 0
vt 2 6
vt 8 6
vt 0 0
vt 0 6
vt 4 6
vt 0 0
vt 2 6
vt 4 0
vt 6 0
vt 0 1
vt 6 1
vt 0 0
vt 6 0
vt 0 6
vt 6 6
vt 0 0
vt 6 5
vt 0 0
vt 0 5
vt 6 0
vt 0 1
vt 6 0
vt 0 0
vt 6 1
vt 2.384186E-07 6
vt 6 0
vt 0 0
vt 6 6
vt 0 2
vt 6 0
vt 0 0
vt 6 2
vt 0 6
vt 6 0
vt 0 0
vt 6 6
vt 0 0
vt 0 3
vt 3 0
vt 3 3
vt 0 5
vt 2 5
vt 0 0
vt 2 0
vt 0 8
vt 0 11
vt 10 11
vt 10 6
vt 0 5
vt 0 0
vt 2 0
vt 10 0
vt 8 0
vt 6 0
vt 0 0
vt 6 2
vt 0 2
vt 0 10
vt 2 0
vt 0 2
vt 2 12
vt 2 0
vt 12 2
vt 10 0
vt 0 2
vt 2 2
vt 0 12
vt 2 10
vt 0 0
vt 10 2
vt 12 0
vt 0 1
vt 8 0
vt 0 0
vt 8 1
vt 0 1
vt 8 0
vt 0 0
vt 8 1
vt 0 1
vt 8 0
vt 0 0
vt 8 1
vt 0 1
vt 8 0
vt 0 0
vt 8 1
vt 0.3999977 0
vt 0 0
vt 0.3999977 0.09999943
vt 0 0.09999943
vt 0.3999996 0
vt 0 0
vt 0.3999996 0.09999943
vt 0 0.09999943
vt 0.3999977 0
vt 0 0
vt 0.3999977 0.09999943
vt 0 0.09999943
vt 0.3999996 0
vt 0 0
vt 0.3999996 0.09999943
vt 0 0.09999943
vt 0 0.3999996
vt 0.3999977 0.3999996
vt 0 0
vt 0.3999977 0
vt 0.3999977 0
vt 0 0
vt 0.3999977 0.3999996
vt 0 0.3999996
vt 0.3999977 0
vt 0 0
vt 0.3999977 0.09999943
vt 0 0.09999943
vt 0.3999996 0
vt 0 0
vt 0.3999996 0.09999943
vt 0 0.09999943
vt 0.3999977 0
vt 0 0
vt 0.3999977 0.09999943
vt 0 0.09999943
vt 0.3999996 0
vt 0 0
vt 0.3999996 0.09999943
vt 0 0.09999943
vt 0 0.3999996
vt 0.3999977 0.3999996
vt 0 0
vt 0.3999977 0
vt 0.3999977 0
vt 0 0
vt 0.3999977 0.3999996
vt 0 0.3999996
vt 0.3999977 0
vt 0 0
vt 0.3999977 0.09999943
vt 0 0.09999943
vt 0.3999996 0
vt 0 0
vt 0.3999996 0.09999943
vt 0 0.09999943
vt 0.3999977 0
vt 0 0
vt 0.3999977 0.09999943
vt 0 0.09999943
vt 0.3999996 0
vt 0 0
vt 0.3999996 0.09999943
vt 0 0.09999943
vt 0 0.3999996
vt 0.3999977 0.3999996
vt 0 0
vt 0.3999977 0
vt 0.3999977 0
vt 0 0
vt 0.3999977 0.3999996
vt 0 0.3999996
vt 0.3999977 0
vt 0 0
vt 0.3999977 0.09999943
vt 0 0.09999943
vt 0.3999996 0
vt 0 0
vt 0.3999996 0.09999943
vt 0 0.09999943
vt 0.3999977 0
vt 0 0
vt 0.3999977 0.09999943
vt 0 0.09999943
vt 0.3999996 0
vt 0 0
vt 0.3999996 0.09999943
vt 0 0.09999943
vt 0 0.3999996
vt 0.3999977 0.3999996
vt 0 0
vt 0.3999977 0
vt 0.3999977 0
vt 0 0
vt 0.3999977 0.3999996
vt 0 0.3999996
vt 0.3999977 0
vt 0 0
vt 0.3999977 0.09999943
vt 0 0.09999943
vt 0.3999996 0
vt 0 0
vt 0.3999996 0.09999943
vt 0 0.09999943
vt 0.3999977 0
vt 0 0
vt 0.3999977 0.09999943
vt 0 0.09999943
vt 0.3999996 0
vt 0 0
vt 0.3999996 0.09999943
vt 0 0.09999943
vt 0 0.3999996
vt 0.3999977 0.3999996
vt 0 0
vt 0.3999977 0
vt 0.3999977 0
vt 0 0
vt 0.3999977 0.3999996
vt 0 0.3999996
vt 22 12
vt 0 0
vt 0 12
vt 22 0
vt 6 12
vt 0 0
vt 0 12
vt 6 0
vt 0 12
vt 3 12
vt 3 9
vt 0 0
vt 3 0
vt 0 0
vt 0 12
vt 4 0
vt 4 12
vt 0 0
vt 0 3
vt 6 0
vt 6 3
vt 2 0
vt 0 0
vt 0 2
vt 0 5
vt 2 5
vt 7 5
vt 0 0
vt 0 5
vt 7 0
vt 0 0
vt 3 3
vt 3 0
vt 0 3
vt 0 5
vt 23 5
vt 0 0
vt 23 0
vt 0 5
vt 17 5
vt 0 0
vt 17 0
vt 0 1
vt 3 0
vt 0 0
vt 3 1
vt 1 0
vt 0 2
vt 1 2
vt 0 0
vt 1 6
vt 0 0
vt 0 6
vt 1 0
vt 1 0
vt 0 2
vt 1 2
vt 0 0
vt 1 0
vt 0 9
vt 1 9
vt 0 0
vt 10 3
vt 0 0
vt 0 3
vt 10 0
vt 9 3
vt 0 0
vt 0 3
vt 9 0
vt 3 3
vt 0 0
vt 0 3
vt 3 0
vt 2 5
vt 0 2
vt 0 5
vt 2 0
vt 10 0
vt 0 0
vt 10 3
vt 0 3
vt 0 0
vt 0 3
vt 1 3
vt 1 0
vt 0 6
vt 3 6
vt 0 0
vt 3 0
vt 0 9
vt 2 9
vt 0 1
vt 2 0
vt 0 0
vt 0 1
vt 0 7
vt 2 7
vt 7 0
vt 7 6
vt 4 6
vt 0 9
vt 1 10
vt 1 4
vt 0 0
vt 1 0
vt 0 10
vt 0 1
vt 1 0
vt 0 0
vt 1 1
vt 0 0
vt 6 3
vt 6 0
vt 0 0
vt 1 5
vt 7 0
vt 0 5
vt 7 5
vt 0 6
vt 3 6
vt 0 0
vt 10 0
vt 9 3
vt 10 3
vt 0 0
vt 2 1
vt 2 0
vt 3 0
vt -1.192093E-07 0
vt -1.192093E-07 3
vt 3 3
vt 3 0
vt 0 0
vt 0 3
vt 3 3
vt 3 6.5
vt 3 0
vt 0 0
vt 1.192093E-07 6.5
vt 4 3
vt 0 0
vt 3 3
vt 9 0
vt 7 3
vt 9 3
vt 0 10
vt 3 13
vt 2 3
vt 2 0
vt 0 0
vt 0 3
vt 0 0
vt 0 1
vt 3 1
vt 3 0
vt 11 12
vt 0 0
vt 0 12
vt 11 0
vt 0 12
vt 11 12
vt 11 0
vt 0 0
vt 0 0
vt 0 12
vt 15 0
vt 15 12
vt 3 12
vt 0 0
vt 0 12
vt 3 0
vt 0 0
vt 0 5
vt 16 0
vt 16 5
vt 0 12
vt 15 12
vt 0 7
vt 15 0
vt 0 0
vt 0 12
vt 26 12
vt 26 0
vt 0 0
vt 0 5
vt 13 5
vt 13 0
vt 0 0
vt 6 3
vt 0 0
vt 0 3
vt 6 0
vt 0 12
vt 6 12
vt 0 9
vt 6 0
vt 0 0
vt 17 12
vt 0 0
vt 0 12
vt 17 0
vt 0 1
vt 3 0
vt 0 0
vt 3 1
vt 0 3
vt 6 3
vt 0 0
vt 6 0
vt 2 3
vt 0 0
vt 0 3
vt 2 0
vt 0 3
vt 13 3
vt 13 0
vt 0 0
vt 8 0
vt 0 4
vt 8 3
vt 0 7
vt 3 3
vt 0 0
vt 0 3
vt 3 0
vt 24 4
vt 16 0
vt 16 3
vt 0 0
vt 0 3
vt 8 4
vt 8 1
vt 0 0
vt 0 3
vt 13 0
vt 0 0
vt 16 3
vt 3 3
vt 0 0
vt 0 6
vt 3 6
vt 3 0
vt 0 3
vt 8.944271 3
vt 8.944271 0
vt 0 0
vt 17 14
vt 0 0
vt 0 14
vt 17 0
vt 0 12
vt 8 12
vt 8 7
vt 0 0
vt 8 0
vt 0 0
vt 0 12
vt 6 0
vt 6 12
vt 6 5
vt 0 0
vt 0 5
vt 6 0
vt 7 0
vt 0 0
vt 0 7
vt 0 12
vt 7 12
vt 4 12
vt 0 0
vt 0 12
vt 4 0
vt 6 5
vt 0 0
vt 0 5
vt 6 0
vt 0 12
vt 4 12
vt 0 7
vt 4 0
vt 0 0
vt 26 12
vt 0 0
vt 0 12
vt 26 0
vt 8 12
vt 0 0
vt 0 12
vt 8 0
vt 8 12
vt 0 0
vt 0 12
vt 8 0
vt 0 0
vt 0 12
vt 9 12
vt 9 0
vt 15 12
vt 15 7
vt 0 12
vt 15 0
vt 0 0
vt 0 0
vt 1 7
vt 1 0
vt 0 7
vt 0 5
vt 1 0
vt 0 0
vt 1 5
vt 1 0
vt 0 7
vt 1 7
vt 0 0
vt 7 7
vt 7 0
vt 0 12
vt 0 0
vt 7 12
vt 0 5
vt 5 0
vt 0 0
vt 5 5
vt 1 12
vt 0 7
vt 0 12
vt 1 0
vt 0 0
vt 8 12
vt 0 0
vt 0 12
vt 8 0
vt 13 12
vt 13 0
vt 0 7
vt 0 0
vt 0 12
vt 0 0
vt 0 12
vt 6 0
vt 6 12
vt 6 12
vt 0 0
vt 0 12
vt 6 0
vt 2 12
vt 0 0
vt 0 12
vt 2 0
vt 9 12
vt 0 0
vt 0 12
vt 9 0
vt 3 12
vt 0 0
vt 0 12
vt 3 0
vt 11 12
vt 0 0
vt 0 12
vt 11 0
vt 7 12
vt 0 0
vt 0 12
vt 7 0
vt 1 12
vt 0 0
vt 0 12
vt 1 0
vt 5 12
vt 0 0
vt 0 12
vt 5 0
vt 9 12
vt 0 0
vt 0 12
vt 9 0
vt 3 12
vt 0 0
vt 0 12
vt 3 0
vt 0 0
vt 0 12
vt 7 0
vt 7 12
vt 6 5
vt 0 0
vt 0 5
vt 6 0
vt 18 0
vt 0 0
vt 0 7
vt 0 12
vt 18 12
vt 18 0
vt 0 0
vt 18 12
vt 0 12
vt 0 5
vt 6 0
vt 0 0
vt 6 5
vt 7 12
vt 0 0
vt 0 12
vt 7 0
vt 0 0
vt 6 12
vt 6 0
vt 0 12
vt 0 0
vt 1 12
vt 1 0
vt 0 12
vt 0 0
vt 9 12
vt 9 0
vt 0 12
vt 7 0
vt 0 0
vt 7 12
vt 0 12
vt 2 0
vt 0 0
vt 0 12
vt 2 7
vt 2 12
vt 0 12
vt 4 12
vt 4 9
vt 0 0
vt 4 0
vt 1 3
vt 0 0
vt 0 3
vt 1 0
vt 1 0
vt 0 0
vt 0 9
vt 0 12
vt 1 12
vt 3 12
vt 0 0
vt 0 12
vt 3 0
vt 3 12
vt 0 0
vt 0 12
vt 3 0
vt 4 12
vt 0 0
vt 0 12
vt 4 0
vt 0 0
vt 0 12
vt 3 12
vt 3 0
vt 0 0
vt 1 9
vt 1 0
vt 0 9
vt 1 0
vt 0 1
vt 1 1
vt 0 0
vt 1 0
vt 0 9
vt 1 9
vt 0 0
vt 0 4
vt 3 0
vt 0 0
vt 3 4
vt 1 0
vt 0 6
vt 1 6
vt 0 0
vt 1 0
vt 0 7
vt 1 7
vt 0 0
vt 0 0
vt 1 7
vt 1 0
vt 0 7
vt 0 5
vt 6 0
vt 0 0
vt 6 5
vt 0 0
vt 6 5
vt 6 0
vt 0 5
vt 0 0
vt 1 12
vt 1 0
vt 0 12
vt 0 0
vt 6 12
vt 6 0
vt 0 12
vt 3 12
vt 3 7
vt 0 12
vt 0 0
vt 3 0
vt 0 12
vt 8 12
vt 8 0
vt 0 0
vt 0 0
vt 4 7
vt 4 0
vt 0 7
vt 4 7
vt 0 0
vt 0 7
vt 4 0
vt 6 4
vt 0 0
vt 0 4
vt 6 0
vt 3 12
vt 0 7
vt 0 12
vt 3 0
vt 0 0
vt 3 12
vt 3 0
vt 0 12
vt 0 0
vt 14 12
vt 14 7
vt 0 12
vt 14 0
vt 0 0
vt 0 8
vt 0 12
vt 3 12
vt 3 0
vt 0 0
vt 0 12
vt 14 12
vt 14 8
vt 0 7
vt 14 0
vt 0 0
vt 0 0
vt 18 12
vt 18 0
vt 0 12
vt 0 0
vt 6 12
vt 6 0
vt 0 12
vt 0 0
vt 1 14
vt 1 0
vt 0 14
vt 4 12
vt 0 0
vt 0 12
vt 4 0
vt 6 12
vt 0 0
vt 0 12
vt 6 0
vt 10 14
vt 0 0
vt 0 14
vt 10 0
vt 6 5
vt 0 0
vt 0 5
vt 6 0
vt 7 14
vt 0 0
vt 0 14
vt 7 0
vt 7 14
vt 0 0
vt 0 14
vt 7 0
vt 6 5
vt 0 0
vt 0 5
vt 6 0
vt 1 6
vt 0 0
vt 0 6
vt 1 0
vt 0 4
vt 6 0
vt 0 0
vt 6 4
vt 0 0
vt 1 6
vt 1 0
vt 0 6
vt 1 0
vt 0 9
vt 1 9
vt 0 0
vt 0 4
vt 6 0
vt 0 0
vt 6 4
vt 1 0
vt 0 9
vt 1 9
vt 0 0
vt 1 0
vt 0 6
vt 1 6
vt 0 0
vt 0 16
vt 1 0
vt 0 0
vt 1 16
vt 6 12
vt 6 0
vt 0 12
vt 0 0
vt 0 4
vt 12 4
vt 0 0
vt 12 0
vt 12 0
vt 0 0
vt 12 13
vt 0 13
vt 10 0
vt 0 0
vt 0 14
vt 10 14
vt 0 0
vt 0 12
vt 22 12
vt 22 0
vt 0 0
vt 0 12
vt 16 12
vt 16 0
vt 10 0
vt 0 0
vt 10 1
vt 0 1
vt 0 2
vt 1 0
vt 0 0
vt 12 2
vt 11 0
vt 12 0
vt 1 0
vt 0 9
vt 1 9
vt 0 0
vt 1 0
vt 0 9
vt 1 9
vt 0 0
vt 9 12
vt 9 9
vt 0 12
vt 9 0
vt 0 0
vt 0 9
vt 0 14
vt 3 14
vt 3 0
vt 0 0
vt 0 12
vt 1 12
vt 0 9
vt 1 0
vt 0 0
vt 1 12
vt 1 9
vt 0 12
vt 1 0
vt 0 0
vt 0 9
vt 0 13
vt 6 13
vt 6 0
vt 0 0
vt 6 13
vt 6 9
vt 0 13
vt 6 0
vt 0 0
vt 0 2
vt 6 0
vt 0 0
vt 6 2
vt 2 7
vt 0 0
vt 0 7
vt 2 0
vt 0 0
vt 2 7
vt 2 0
vt 0 7
vt 0 1
vt 5 0
vt 0 0
vt 5 1
vt 0 0
vt 0 7
vt 2 8
vt 2 0
vt 0 8
vt 0 0
vt 6 1
vt 6 0
vt 0 1
vt 6 0
vt 0 0
vt 6 8
vt 0 7
vt 0 8
vt 2 7
vt 0 8
vt 2 8
vt 2 0
vt 0 0
vt 0 8
vt 3 8
vt 3 0
vt 0 0
vt 10 7
vt 0 8
vt 10 8
vt 10 0
vt 0 0
vt 5 0
vt 0 0
vt 5 8
vt 0 8
vt 3 3
vt 0 0
vt 0 3
vt 3 0
vt 3 0
vt 0 3
vt 3 3
vt 0 0
vt 0 0
vt 0 1
vt 2 1
vt 2 0
vt 0 0
vt 0 1
vt 4 1
vt 4 0
vt 2 1
vt 2 0
vt 0 1
vt 0 0
vt 2 5
vt 0 0
vt 0 5
vt 3 5
vt 10 0
vt 7 5
vt 8 5
vt 10 5
vt 0 5
vt 2 0
vt 0 0
vt 3 0
vt 10 5
vt 7 0
vt 8 0
vt 10 0
vt 0 8
vt 1 8
vt 0 0
vt 1 0
vt 0 8
vt 1 8
vt 0 0
vt 1 0
vt 0 8
vt 1 8
vt 0 0
vt 1 0
vt 0 8
vt 1 8
vt 0 0
vt 1 0
vt 0 8
vt 1 8
vt 0 0
vt 1 0
vt 0 8
vt 1 8
vt 0 0
vt 1 0
vt 0 8
vt 1 8
vt 0 0
vt 1 0
vt 0 8
vt 1 8
vt 0 0
vt 1 0
vt 0 3
vt 3 3
vt 0 0
vt 3 0
vt 4 12
vt 0 0
vt 0 12
vt 4 0
vt 2 12
vt 0 0
vt 0 12
vt 2 0
vt 8 12
vt 0 0
vt 0 12
vt 8 0
vt 2 12
vt 0 0
vt 0 12
vt 2 0
vt 2 12
vt 0 0
vt 0 12
vt 2 0
vt 10 12
vt 0 0
vt 0 12
vt 10 0
vt 2 12
vt 0 0
vt 0 12
vt 2 0
vt 12 12
vt 0 0
vt 0 12
vt 12 0
vt 6 0
vt 0 1
vt 6 1
vt 0 0
vt 1 0
vt 0 7
vt 1 7
vt 0 0
vt 1 7
vt 0 0
vt 0 7
vt 1 0
vt 0 1
vt 6 0
vt 0 0
vt 6 1
vt 12 0
vt 0 3
vt 12 3
vt 0 0
vt 0 0
vt 8 8
vt 8 0
vt 0 8
vt 8 0
vt 0 3
vt 8 3
vt 0 0
vt 0 0
vt 2 3
vt 2 0
vt 0 3
vt 0 3
vt 10 3
vt 10 0
vt 0 2
vt 0 0
vt 6 3
vt 6 0
vt 0 3
vt 0 0
vt 8 3
vt 0 0
vt 0 3
vt 8 0
vt 6 12
vt 0 15
vt 6 15
vt 0 2
vt 6 0
vt 0 0
vt 8 3
vt 0 0
vt 0 3
vt 8 0
vt 6 3
vt 0 0
vt 0 3
vt 6 0
vt 0 12
vt 6 12
vt 6 5
vt 0 0
vt 6 2
vt 6 0
vt 0 3
vt 6 0
vt 0 0
vt 6 3
vt 0 5
vt 6 0
vt 0 0
vt 6 5

g Combined_Mesh_(root:_scene)
usemtl Combined_Mesh_(root:_scene)
usemap Combined_Mesh_(root:_scene)
f 1/1/1 3/3/3 2/2/2
f 2/2/2 3/3/3 4/4/4
f 5/5/5 7/7/7 6/6/6
f 6/6/6 7/7/7 8/8/8
f 9/9/9 11/11/11 10/10/10
f 10/10/10 11/11/11 12/12/12
f 13/13/13 15/15/15 14/14/14
f 14/14/14 15/15/15 16/16/16
f 17/17/17 19/19/19 18/18/18
f 18/18/18 19/19/19 20/20/20
f 21/21/21 23/23/23 22/22/22
f 22/22/22 23/23/23 24/24/24
g Combined_Mesh_(root:_scene)_1
usemtl Combined_Mesh_(root:_scene)_1
usemap Combined_Mesh_(root:_scene)_1
f 25/25/25 27/27/27 26/26/26
f 26/26/26 27/27/27 28/28/28
f 29/29/29 31/31/31 30/30/30
f 30/30/30 31/31/31 32/32/32
f 33/33/33 35/35/35 34/34/34
f 36/36/36 35/35/35 33/33/33
f 37/37/37 39/39/39 38/38/38
f 37/37/37 38/38/38 40/40/40
f 41/41/41 43/43/43 42/42/42
f 41/41/41 42/42/42 44/44/44
f 45/45/45 47/47/47 46/46/46
f 45/45/45 46/46/46 48/48/48
f 49/49/49 47/47/47 45/45/45
f 49/49/49 45/45/45 50/50/50
g Combined_Mesh_(root:_scene)_2
usemtl Combined_Mesh_(root:_scene)_2
usemap Combined_Mesh_(root:_scene)_2
f 51/51/51 53/53/53 52/52/52
f 52/52/52 53/53/53 54/54/54
f 55/55/55 57/57/57 56/56/56
f 56/56/56 57/57/57 58/58/58
f 59/59/59 61/61/61 60/60/60
f 60/60/60 61/61/61 62/62/62
f 63/63/63 65/65/65 64/64/64
f 64/64/64 65/65/65 66/66/66
f 67/67/67 69/69/69 68/68/68
f 68/68/68 69/69/69 70/70/70
f 71/71/71 73/73/73 72/72/72
f 72/72/72 73/73/73 74/74/74
g Combined_Mesh_(root:_scene)_3
usemtl Combined_Mesh_(root:_scene)_3
usemap Combined_Mesh_(root:_scene)_3
f 75/75/75 77/77/77 76/76/76
f 76/76/76 77/77/77 78/78/78
f 79/79/79 81/81/81 80/80/80
f 80/80/80 81/81/81 82/82/82
f 83/83/83 85/85/85 84/84/84
f 84/84/84 85/85/85 86/86/86
f 87/87/87 89/89/89 88/88/88
f 88/88/88 89/89/89 90/90/90
f 91/91/91 93/93/93 92/92/92
f 92/92/92 93/93/93 94/94/94
f 95/95/95 97/97/97 96/96/96
f 96/96/96 97/97/97 98/98/98
g Combined_Mesh_(root:_scene)_4
usemtl Combined_Mesh_(root:_scene)_4
usemap Combined_Mesh_(root:_scene)_4
f 99/99/99 101/101/101 100/100/100
f 100/100/100 101/101/101 102/102/102
f 103/103/103 105/105/105 104/104/104
f 104/104/104 105/105/105 106/106/106
f 107/107/107 109/109/109 108/108/108
f 108/108/108 109/109/109 110/110/110
f 111/111/111 113/113/113 112/112/112
f 112/112/112 113/113/113 114/114/114
f 115/115/115 117/117/117 116/116/116
f 116/116/116 117/117/117 118/118/118
f 119/119/119 121/121/121 120/120/120
f 120/120/120 121/121/121 122/122/122
g Combined_Mesh_(root:_scene)_5
usemtl Combined_Mesh_(root:_scene)_5
usemap Combined_Mesh_(root:_scene)_5
f 123/123/123 125/125/125 124/124/124
f 124/124/124 125/125/125 126/126/126
f 127/127/127 129/129/129 128/128/128
f 128/128/128 129/129/129 130/130/130
f 131/131/131 133/133/133 132/132/132
f 132/132/132 133/133/133 134/134/134
f 135/135/135 137/137/137 136/136/136
f 136/136/136 137/137/137 138/138/138
f 139/139/139 141/141/141 140/140/140
f 140/140/140 141/141/141 142/142/142
f 143/143/143 145/145/145 144/144/144
f 144/144/144 145/145/145 146/146/146
g Combined_Mesh_(root:_scene)_6
usemtl Combined_Mesh_(root:_scene)_6
usemap Combined_Mesh_(root:_scene)_6
f 147/147/147 149/149/149 148/148/148
f 148/148/148 149/149/149 150/150/150
f 151/151/151 153/153/153 152/152/152
f 152/152/152 153/153/153 154/154/154
f 155/155/155 157/157/157 156/156/156
f 156/156/156 157/157/157 158/158/158
f 159/159/159 161/161/161 160/160/160
f 160/160/160 161/161/161 162/162/162
f 163/163/163 165/165/165 164/164/164
f 164/164/164 165/165/165 166/166/166
f 167/167/167 169/169/169 168/168/168
f 168/168/168 169/169/169 170/170/170
g Combined_Mesh_(root:_scene)_7
usemtl Combined_Mesh_(root:_scene)_7
usemap Combined_Mesh_(root:_scene)_7
f 171/171/171 173/173/173 172/172/172
f 172/172/172 173/173/173 174/174/174
f 175/175/175 177/177/177 176/176/176
f 176/176/176 177/177/177 178/178/178
f 179/179/179 181/181/181 180/180/180
f 180/180/180 181/181/181 182/182/182
f 183/183/183 185/185/185 184/184/184
f 184/184/184 185/185/185 186/186/186
f 187/187/187 189/189/189 188/188/188
f 188/188/188 189/189/189 190/190/190
f 191/191/191 193/193/193 192/192/192
f 192/192/192 193/193/193 194/194/194
g Combined_Mesh_(root:_scene)_8
usemtl Combined_Mesh_(root:_scene)_8
usemap Combined_Mesh_(root:_scene)_8
f 195/195/195 197/197/197 196/196/196
f 196/196/196 197/197/197 198/198/198
f 199/199/199 201/201/201 200/200/200
f 200/200/200 201/201/201 202/202/202
f 203/203/203 205/205/205 204/204/204
f 204/204/204 205/205/205 206/206/206
g Combined_Mesh_(root:_scene)_9
usemtl Combined_Mesh_(root:_scene)_9
usemap Combined_Mesh_(root:_scene)_9
f 207/207/207 209/209/209 208/208/208
f 208/208/208 209/209/209 210/210/210
f 211/211/211 213/213/213 212/212/212
f 212/212/212 213/213/213 214/214/214
f 215/215/215 217/217/217 216/216/216
f 215/215/215 216/216/216 218/218/218
f 219/219/219 221/221/221 220/220/220
f 219/219/219 220/220/220 222/222/222
f 223/223/223 225/225/225 224/224/224
f 223/223/223 224/224/224 226/226/226
f 227/227/227 229/229/229 228/228/228
f 227/227/227 228/228/228 230/230/230
f 231/231/231 233/233/233 232/232/232
f 231/231/231 232/232/232 234/234/234
g Combined_Mesh_(root:_scene)_10
usemtl Combined_Mesh_(root:_scene)_10
usemap Combined_Mesh_(root:_scene)_10
f 235/235/235 237/237/237 236/236/236
f 236/236/236 237/237/237 238/238/238
f 239/239/239 241/241/241 240/240/240
f 240/240/240 241/241/241 242/242/242
f 243/243/243 245/245/245 244/244/244
f 244/244/244 245/245/245 246/246/246
f 247/247/247 249/249/249 248/248/248
f 248/248/248 249/249/249 250/250/250
f 251/251/251 253/253/253 252/252/252
f 251/251/251 252/252/252 254/254/254
f 255/255/255 257/257/257 256/256/256
f 255/255/255 256/256/256 258/258/258
f 259/259/259 261/261/261 260/260/260
f 259/259/259 260/260/260 262/262/262
f 263/263/263 265/265/265 264/264/264
f 263/263/263 264/264/264 266/266/266
f 267/267/267 269/269/269 268/268/268
f 267/267/267 268/268/268 270/270/270
f 271/271/271 273/273/273 272/272/272
f 271/271/271 272/272/272 274/274/274
f 275/275/275 277/277/277 276/276/276
f 275/275/275 276/276/276 278/278/278
g Combined_Mesh_(root:_scene)_11
usemtl Combined_Mesh_(root:_scene)_11
usemap Combined_Mesh_(root:_scene)_11
f 279/279/279 281/281/281 280/280/280
f 280/280/280 281/281/281 282/282/282
f 283/283/283 285/285/285 284/284/284
f 284/284/284 285/285/285 286/286/286
f 287/287/287 289/289/289 288/288/288
f 290/290/290 289/289/289 287/287/287
f 291/291/291 293/293/293 292/292/292
f 292/292/292 293/293/293 294/294/294
f 295/295/295 297/297/297 296/296/296
f 296/296/296 297/297/297 298/298/298
f 299/299/299 301/301/301 300/300/300
f 300/300/300 301/301/301 302/302/302
f 303/303/303 305/305/305 304/304/304
f 303/303/303 304/304/304 306/306/306
f 307/307/307 309/309/309 308/308/308
f 308/308/308 309/309/309 310/310/310
f 311/311/311 313/313/313 312/312/312
f 312/312/312 313/313/313 314/314/314
f 315/315/315 317/317/317 316/316/316
f 317/317/317 318/318/318 316/316/316
f 319/319/319 321/321/321 320/320/320
f 320/320/320 321/321/321 322/322/322
f 323/323/323 325/325/325 324/324/324
f 324/324/324 325/325/325 326/326/326
g Combined_Mesh_(root:_scene)_12
usemtl Combined_Mesh_(root:_scene)_12
usemap Combined_Mesh_(root:_scene)_12
f 327/327/327 329/329/329 328/328/328
f 328/328/328 329/329/329 330/330/330
f 331/331/331 333/333/333 332/332/332
f 332/332/332 333/333/333 334/334/334
f 335/335/335 337/337/337 336/336/336
f 338/338/338 337/337/337 339/339/339
f 336/336/336 337/337/337 338/338/338
f 340/340/340 342/342/342 341/341/341
f 341/341/341 342/342/342 343/343/343
f 344/344/344 346/346/346 345/345/345
f 344/344/344 345/345/345 347/347/347
f 348/348/348 350/350/350 349/349/349
f 348/348/348 349/349/349 351/351/351
g Combined_Mesh_(root:_scene)_13
usemtl Combined_Mesh_(root:_scene)_13
usemap Combined_Mesh_(root:_scene)_13
f 352/352/352 354/354/354 353/353/353
f 353/353/353 354/354/354 355/355/355
f 356/356/356 358/358/358 357/357/357
f 357/357/357 358/358/358 359/359/359
f 360/360/360 362/362/362 361/361/361
f 361/361/361 362/362/362 363/363/363
f 364/364/364 366/366/366 365/365/365
f 365/365/365 366/366/366 367/367/367
f 368/368/368 370/370/370 369/369/369
f 369/369/369 370/370/370 371/371/371
f 372/372/372 374/374/374 373/373/373
f 373/373/373 374/374/374 375/375/375
g Combined_Mesh_(root:_scene)_14
usemtl Combined_Mesh_(root:_scene)_14
usemap Combined_Mesh_(root:_scene)_14
f 376/376/376 378/378/378 377/377/377
f 377/377/377 378/378/378 379/379/379
f 380/380/380 382/382/382 381/381/381
f 381/381/381 382/382/382 383/383/383
f 384/384/384 386/386/386 385/385/385
f 385/385/385 386/386/386 387/387/387
f 388/388/388 390/390/390 389/389/389
f 389/389/389 390/390/390 391/391/391
f 392/392/392 394/394/394 393/393/393
f 393/393/393 394/394/394 395/395/395
f 396/396/396 398/398/398 397/397/397
f 397/397/397 398/398/398 399/399/399
g Combined_Mesh_(root:_scene)_15
usemtl Combined_Mesh_(root:_scene)_15
usemap Combined_Mesh_(root:_scene)_15
f 400/400/400 402/402/402 401/401/401
f 401/401/401 402/402/402 403/403/403
f 404/404/404 406/406/406 405/405/405
f 405/405/405 406/406/406 407/407/407
f 408/408/408 410/410/410 409/409/409
f 409/409/409 410/410/410 411/411/411
f 412/412/412 414/414/414 413/413/413
f 413/413/413 414/414/414 415/415/415
f 416/416/416 418/418/418 417/417/417
f 417/417/417 418/418/418 419/419/419
f 420/420/420 422/422/422 421/421/421
f 421/421/421 422/422/422 423/423/423
g Combined_Mesh_(root:_scene)_16
usemtl Combined_Mesh_(root:_scene)_16
usemap Combined_Mesh_(root:_scene)_16
f 424/424/424 426/426/426 425/425/425
f 425/425/425 426/426/426 427/427/427
f 428/428/428 430/430/430 429/429/429
f 429/429/429 430/430/430 431/431/431
f 432/432/432 434/434/434 433/433/433
f 433/433/433 434/434/434 435/435/435
f 436/436/436 438/438/438 437/437/437
f 437/437/437 438/438/438 439/439/439
f 440/440/440 442/442/442 441/441/441
f 441/441/441 442/442/442 443/443/443
f 444/444/444 446/446/446 445/445/445
f 445/445/445 446/446/446 447/447/447
g Combined_Mesh_(root:_scene)_17
usemtl Combined_Mesh_(root:_scene)_17
usemap Combined_Mesh_(root:_scene)_17
f 448/448/448 450/450/450 449/449/449
f 449/449/449 450/450/450 451/451/451
f 452/452/452 454/454/454 453/453/453
f 453/453/453 454/454/454 455/455/455
f 456/456/456 458/458/458 457/457/457
f 457/457/457 458/458/458 459/459/459
f 460/460/460 462/462/462 461/461/461
f 461/461/461 462/462/462 463/463/463
f 464/464/464 466/466/466 465/465/465
f 465/465/465 466/466/466 467/467/467
f 468/468/468 470/470/470 469/469/469
f 469/469/469 470/470/470 471/471/471
g Combined_Mesh_(root:_scene)_18
usemtl Combined_Mesh_(root:_scene)_18
usemap Combined_Mesh_(root:_scene)_18
f 472/472/472 474/474/474 473/473/473
f 473/473/473 474/474/474 475/475/475
f 476/476/476 478/478/478 477/477/477
f 477/477/477 478/478/478 479/479/479
f 480/480/480 482/482/482 481/481/481
f 481/481/481 482/482/482 483/483/483
f 484/484/484 486/486/486 485/485/485
f 485/485/485 486/486/486 487/487/487
f 488/488/488 490/490/490 489/489/489
f 489/489/489 490/490/490 491/491/491
f 492/492/492 494/494/494 493/493/493
f 493/493/493 494/494/494 495/495/495
g Combined_Mesh_(root:_scene)_19
usemtl Combined_Mesh_(root:_scene)_19
usemap Combined_Mesh_(root:_scene)_19
f 496/496/496 498/498/498 497/497/497
f 497/497/497 498/498/498 499/499/499
f 500/500/500 502/502/502 501/501/501
f 501/501/501 502/502/502 503/503/503
f 504/504/504 506/506/506 505/505/505
f 505/505/505 506/506/506 507/507/507
f 508/508/508 510/510/510 509/509/509
f 509/509/509 510/510/510 511/511/511
f 512/512/512 514/514/514 513/513/513
f 513/513/513 514/514/514 515/515/515
f 516/516/516 518/518/518 517/517/517
f 517/517/517 518/518/518 519/519/519
g Combined_Mesh_(root:_scene)_20
usemtl Combined_Mesh_(root:_scene)_20
usemap Combined_Mesh_(root:_scene)_20
f 520/520/520 522/522/522 521/521/521
f 521/521/521 522/522/522 523/523/523
f 524/524/524 526/526/526 525/525/525
f 525/525/525 526/526/526 527/527/527
f 528/528/528 530/530/530 529/529/529
f 529/529/529 530/530/530 531/531/531
f 532/532/532 534/534/534 533/533/533
f 533/533/533 534/534/534 535/535/535
f 536/536/536 538/538/538 537/537/537
f 537/537/537 538/538/538 539/539/539
f 540/540/540 542/542/542 541/541/541
f 541/541/541 542/542/542 543/543/543
g Combined_Mesh_(root:_scene)_21
usemtl Combined_Mesh_(root:_scene)_21
usemap Combined_Mesh_(root:_scene)_21
f 544/544/544 546/546/546 545/545/545
f 545/545/545 546/546/546 547/547/547
f 548/548/548 550/550/550 549/549/549
f 549/549/549 550/550/550 551/551/551
f 552/552/552 554/554/554 553/553/553
f 553/553/553 554/554/554 555/555/555
f 556/556/556 558/558/558 557/557/557
f 557/557/557 558/558/558 559/559/559
f 560/560/560 562/562/562 561/561/561
f 561/561/561 562/562/562 563/563/563
f 564/564/564 566/566/566 565/565/565
f 565/565/565 566/566/566 567/567/567
g Combined_Mesh_(root:_scene)_22
usemtl Combined_Mesh_(root:_scene)_22
usemap Combined_Mesh_(root:_scene)_22
f 568/568/568 570/570/570 569/569/569
f 569/569/569 570/570/570 571/571/571
f 572/572/572 574/574/574 573/573/573
f 573/573/573 574/574/574 575/575/575
f 576/576/576 578/578/578 577/577/577
f 577/577/577 578/578/578 579/579/579
f 580/580/580 582/582/582 581/581/581
f 581/581/581 582/582/582 583/583/583
f 584/584/584 586/586/586 585/585/585
f 585/585/585 586/586/586 587/587/587
f 588/588/588 590/590/590 589/589/589
f 589/589/589 590/590/590 591/591/591
g Combined_Mesh_(root:_scene)_23
usemtl Combined_Mesh_(root:_scene)_23
usemap Combined_Mesh_(root:_scene)_23
f 592/592/592 594/594/594 593/593/593
f 593/593/593 594/594/594 595/595/595
f 596/596/596 598/598/598 597/597/597
f 597/597/597 598/598/598 599/599/599
f 600/600/600 602/602/602 601/601/601
f 601/601/601 602/602/602 603/603/603
f 604/604/604 606/606/606 605/605/605
f 604/604/604 605/605/605 607/607/607
f 608/608/608 610/610/610 609/609/609
f 608/608/608 609/609/609 611/611/611
f 612/612/612 614/614/614 613/613/613
f 612/612/612 613/613/613 615/615/615
f 616/616/616 618/618/618 617/617/617
f 616/616/616 617/617/617 619/619/619
f 620/620/620 622/622/622 621/621/621
f 620/620/620 621/621/621 623/623/623
f 624/624/624 626/626/626 625/625/625
f 624/624/624 625/625/625 627/627/627
g Combined_Mesh_(root:_scene)_24
usemtl Combined_Mesh_(root:_scene)_24
usemap Combined_Mesh_(root:_scene)_24
f 628/628/628 630/630/630 629/629/629
f 629/629/629 630/630/630 631/631/631
f 632/632/632 634/634/634 633/633/633
f 633/633/633 634/634/634 635/635/635
f 636/636/636 638/638/638 637/637/637
f 637/637/637 638/638/638 639/639/639
f 640/640/640 642/642/642 641/641/641
f 641/641/641 642/642/642 643/643/643
f 644/644/644 646/646/646 645/645/645
f 645/645/645 646/646/646 647/647/647
f 648/648/648 650/650/650 649/649/649
f 649/649/649 650/650/650 651/651/651
g Combined_Mesh_(root:_scene)_25
usemtl Combined_Mesh_(root:_scene)_25
usemap Combined_Mesh_(root:_scene)_25
f 652/652/652 654/654/654 653/653/653
f 653/653/653 654/654/654 655/655/655
f 656/656/656 658/658/658 657/657/657
f 657/657/657 658/658/658 659/659/659
f 660/660/660 662/662/662 661/661/661
f 661/661/661 662/662/662 663/663/663
f 664/664/664 666/666/666 665/665/665
f 665/665/665 666/666/666 667/667/667
f 668/668/668 670/670/670 669/669/669
f 669/669/669 670/670/670 671/671/671
f 672/672/672 674/674/674 673/673/673
f 673/673/673 674/674/674 675/675/675
g Combined_Mesh_(root:_scene)_26
usemtl Combined_Mesh_(root:_scene)_26
usemap Combined_Mesh_(root:_scene)_26
f 676/676/676 678/678/678 677/677/677
f 677/677/677 678/678/678 679/679/679
f 680/680/680 682/682/682 681/681/681
f 680/680/680 681/681/681 683/683/683
f 684/684/684 686/686/686 685/685/685
f 684/684/684 685/685/685 687/687/687
f 688/688/688 690/690/690 689/689/689
f 688/688/688 689/689/689 691/691/691
f 692/692/692 694/694/694 693/693/693
f 692/692/692 693/693/693 695/695/695
g Combined_Mesh_(root:_scene)_27
usemtl Combined_Mesh_(root:_scene)_27
usemap Combined_Mesh_(root:_scene)_27
f 696/696/696 698/698/698 697/697/697
f 697/697/697 698/698/698 699/699/699
f 700/700/700 702/702/702 701/701/701
f 700/700/700 701/701/701 703/703/703
f 704/704/704 706/706/706 705/705/705
f 704/704/704 705/705/705 707/707/707
f 708/708/708 710/710/710 709/709/709
f 708/708/708 709/709/709 711/711/711
f 712/712/712 714/714/714 713/713/713
f 712/712/712 715/715/715 714/714/714
f 716/716/716 715/715/715 712/712/712
f 717/717/717 715/715/715 716/716/716
f 718/718/718 720/720/720 719/719/719
f 718/718/718 719/719/719 721/721/721
f 722/722/722 724/724/724 723/723/723
f 723/723/723 724/724/724 725/725/725
f 726/726/726 728/728/728 727/727/727
f 729/729/729 728/728/728 726/726/726
f 730/730/730 732/732/732 731/731/731
f 733/733/733 732/732/732 734/734/734
f 734/734/734 732/732/732 730/730/730
f 735/735/735 737/737/737 736/736/736
f 735/735/735 738/738/738 737/737/737
f 739/739/739 741/741/741 740/740/740
f 739/739/739 740/740/740 742/742/742
g Combined_Mesh_(root:_scene)_28
usemtl Combined_Mesh_(root:_scene)_28
usemap Combined_Mesh_(root:_scene)_28
f 743/743/743 745/745/745 744/744/744
f 746/746/746 745/745/745 743/743/743
f 747/747/747 749/749/749 748/748/748
f 747/747/747 750/750/750 749/749/749
f 751/751/751 752/752/752 748/748/748
f 751/751/751 753/753/753 752/752/752
f 748/748/748 749/749/749 751/751/751
g Combined_Mesh_(root:_scene)_29
usemtl Combined_Mesh_(root:_scene)_29
usemap Combined_Mesh_(root:_scene)_29
f 754/754/754 756/756/756 755/755/755
f 754/754/754 757/757/757 756/756/756
f 756/756/756 757/757/757 758/758/758
f 759/759/759 761/761/761 760/760/760
f 759/759/759 760/760/760 762/762/762
f 763/763/763 765/765/765 764/764/764
f 764/764/764 765/765/765 766/766/766
f 767/767/767 769/769/769 768/768/768
f 767/767/767 768/768/768 770/770/770
f 771/771/771 773/773/773 772/772/772
f 774/774/774 775/775/775 771/771/771
f 771/771/771 775/775/775 773/773/773
f 776/776/776 775/775/775 774/774/774
f 777/777/777 779/779/779 778/778/778
f 780/780/780 779/779/779 777/777/777
f 781/781/781 783/783/783 782/782/782
f 781/781/781 784/784/784 783/783/783
f 785/785/785 787/787/787 786/786/786
f 785/785/785 788/788/788 787/787/787
f 789/789/789 791/791/791 790/790/790
f 789/789/789 790/790/790 792/792/792
f 793/793/793 795/795/795 794/794/794
f 794/794/794 795/795/795 796/796/796
f 797/797/797 798/798/798 793/793/793
f 793/793/793 798/798/798 795/795/795
f 799/799/799 798/798/798 797/797/797
f 800/800/800 802/802/802 801/801/801
f 803/803/803 802/802/802 800/800/800
f 804/804/804 806/806/806 805/805/805
f 804/804/804 807/807/807 806/806/806
f 808/808/808 810/810/810 809/809/809
f 810/810/810 811/811/811 809/809/809
g Combined_Mesh_(root:_scene)_30
usemtl Combined_Mesh_(root:_scene)_30
usemap Combined_Mesh_(root:_scene)_30
f 812/812/812 814/814/814 813/813/813
f 812/812/812 813/813/813 815/815/815
f 816/816/816 818/818/818 817/817/817
f 816/816/816 817/817/817 819/819/819
f 820/820/820 822/822/822 821/821/821
f 820/820/820 821/821/821 823/823/823
f 824/824/824 826/826/826 825/825/825
f 825/825/825 826/826/826 827/827/827
f 828/828/828 830/830/830 829/829/829
f 829/829/829 830/830/830 831/831/831
g Combined_Mesh_(root:_scene)_31
usemtl Combined_Mesh_(root:_scene)_31
usemap Combined_Mesh_(root:_scene)_31
f 832/832/832 834/834/834 833/833/833
f 832/832/832 833/833/833 835/835/835
f 836/836/836 838/838/838 837/837/837
f 837/837/837 838/838/838 839/839/839
f 836/836/836 840/840/840 838/838/838
f 841/841/841 843/843/843 842/842/842
f 844/844/844 841/841/841 842/842/842
f 845/845/845 841/841/841 844/844/844
f 846/846/846 848/848/848 847/847/847
f 846/846/846 847/847/847 849/849/849
g Combined_Mesh_(root:_scene)_32
usemtl Combined_Mesh_(root:_scene)_32
usemap Combined_Mesh_(root:_scene)_32
f 850/850/850 852/852/852 851/851/851
f 853/853/853 852/852/852 850/850/850
f 854/854/854 856/856/856 855/855/855
f 854/854/854 857/857/857 856/856/856
f 856/856/856 857/857/857 858/858/858
f 859/859/859 861/861/861 860/860/860
f 860/860/860 861/861/861 862/862/862
f 863/863/863 865/865/865 864/864/864
f 865/865/865 866/866/866 864/864/864
f 864/864/864 867/867/867 863/863/863
f 867/867/867 868/868/868 863/863/863
f 869/869/869 871/871/871 870/870/870
f 869/869/869 870/870/870 872/872/872
g Combined_Mesh_(root:_scene)_33
usemtl Combined_Mesh_(root:_scene)_33
usemap Combined_Mesh_(root:_scene)_33
f 873/873/873 875/875/875 874/874/874
f 873/873/873 874/874/874 876/876/876
f 877/877/877 879/879/879 878/878/878
f 877/877/877 878/878/878 880/880/880
f 881/881/881 883/883/883 882/882/882
f 884/884/884 883/883/883 881/881/881
f 884/884/884 881/881/881 885/885/885
g Combined_Mesh_(root:_scene)_34
usemtl Combined_Mesh_(root:_scene)_34
usemap Combined_Mesh_(root:_scene)_34
f 886/886/886 888/888/888 887/887/887
f 889/889/889 888/888/888 886/886/886
f 887/887/887 888/888/888 890/890/890
f 891/891/891 893/893/893 892/892/892
f 894/894/894 893/893/893 891/891/891
f 895/895/895 897/897/897 896/896/896
f 896/896/896 897/897/897 898/898/898
f 899/899/899 901/901/901 900/900/900
f 900/900/900 901/901/901 902/902/902
f 903/903/903 905/905/905 904/904/904
f 904/904/904 905/905/905 906/906/906
g Combined_Mesh_(root:_scene)_35
usemtl Combined_Mesh_(root:_scene)_35
usemap Combined_Mesh_(root:_scene)_35
f 907/907/907 909/909/909 908/908/908
f 907/907/907 908/908/908 910/910/910
f 911/911/911 907/907/907 910/910/910
f 911/911/911 910/910/910 912/912/912
f 913/913/913 915/915/915 914/914/914
f 915/915/915 916/916/916 914/914/914
g Combined_Mesh_(root:_scene)_36
usemtl Combined_Mesh_(root:_scene)_36
usemap Combined_Mesh_(root:_scene)_36
f 917/917/917 919/919/919 918/918/918
f 917/917/917 918/918/918 920/920/920
f 921/921/921 923/923/923 922/922/922
f 921/921/921 922/922/922 924/924/924
f 925/925/925 927/927/927 926/926/926
f 925/925/925 926/926/926 928/928/928
f 929/929/929 931/931/931 930/930/930
f 929/929/929 930/930/930 932/932/932
f 933/933/933 935/935/935 934/934/934
f 933/933/933 934/934/934 936/936/936
f 937/937/937 939/939/939 938/938/938
f 940/940/940 939/939/939 937/937/937
g Combined_Mesh_(root:_scene)_37
usemtl Combined_Mesh_(root:_scene)_37
usemap Combined_Mesh_(root:_scene)_37
f 941/941/941 943/943/943 942/942/942
f 941/941/941 942/942/942 944/944/944
f 945/945/945 947/947/947 946/946/946
f 945/945/945 946/946/946 948/948/948
f 949/949/949 951/951/951 950/950/950
f 949/949/949 950/950/950 952/952/952
f 953/953/953 955/955/955 954/954/954
f 953/953/953 954/954/954 956/956/956
f 956/956/956 954/954/954 957/957/957
f 958/958/958 960/960/960 959/959/959
f 958/958/958 959/959/959 961/961/961
f 962/962/962 964/964/964 963/963/963
f 962/962/962 963/963/963 965/965/965
f 966/966/966 968/968/968 967/967/967
f 966/966/966 967/967/967 969/969/969
g Combined_Mesh_(root:_scene)_38
usemtl Combined_Mesh_(root:_scene)_38
usemap Combined_Mesh_(root:_scene)_38
f 970/970/970 972/972/972 971/971/971
f 970/970/970 971/971/971 973/973/973
f 974/974/974 976/976/976 975/975/975
f 974/974/974 975/975/975 977/977/977
f 978/978/978 980/980/980 979/979/979
f 978/978/978 979/979/979 981/981/981
f 982/982/982 984/984/984 983/983/983
f 982/982/982 983/983/983 985/985/985
f 986/986/986 988/988/988 987/987/987
f 986/986/986 987/987/987 989/989/989
g Combined_Mesh_(root:_scene)_39
usemtl Combined_Mesh_(root:_scene)_39
usemap Combined_Mesh_(root:_scene)_39
f 990/990/990 992/992/992 991/991/991
f 992/992/992 993/993/993 991/991/991
f 994/994/994 996/996/996 995/995/995
f 995/995/995 996/996/996 997/997/997
f 998/998/998 1000/1000/1000 999/999/999
f 998/998/998 1001/1001/1001 1000/1000/1000
f 1002/1002/1002 1001/1001/1001 998/998/998
f 1003/1003/1003 1004/1004/1004 1002/1002/1002
f 1002/1002/1002 1005/1005/1005 1001/1001/1001
f 1004/1004/1004 1006/1006/1006 1002/1002/1002
f 1002/1002/1002 1006/1006/1006 1005/1005/1005
f 1007/1007/1007 1009/1009/1009 1008/1008/1008
f 1008/1008/1008 1009/1009/1009 1010/1010/1010
g Combined_Mesh_(root:_scene)_40
usemtl Combined_Mesh_(root:_scene)_40
usemap Combined_Mesh_(root:_scene)_40
f 1011/1011/1011 1013/1013/1013 1012/1012/1012
f 1011/1011/1011 1012/1012/1012 1014/1014/1014
f 1015/1015/1015 1017/1017/1017 1016/1016/1016
f 1015/1015/1015 1016/1016/1016 1018/1018/1018
f 1019/1019/1019 1021/1021/1021 1020/1020/1020
f 1019/1019/1019 1020/1020/1020 1022/1022/1022
f 1023/1023/1023 1022/1022/1022 1024/1024/1024
f 1019/1019/1019 1022/1022/1022 1023/1023/1023
f 1025/1025/1025 1027/1027/1027 1026/1026/1026
f 1025/1025/1025 1026/1026/1026 1028/1028/1028
f 1029/1029/1029 1031/1031/1031 1030/1030/1030
f 1029/1029/1029 1030/1030/1030 1032/1032/1032
f 1033/1033/1033 1035/1035/1035 1034/1034/1034
f 1033/1033/1033 1034/1034/1034 1036/1036/1036
f 1037/1037/1037 1039/1039/1039 1038/1038/1038
f 1037/1037/1037 1038/1038/1038 1040/1040/1040
g Combined_Mesh_(root:_scene)_41
usemtl Combined_Mesh_(root:_scene)_41
usemap Combined_Mesh_(root:_scene)_41
f 1041/1041/1041 1043/1043/1043 1042/1042/1042
f 1042/1042/1042 1043/1043/1043 1044/1044/1044
f 1045/1045/1045 1047/1047/1047 1046/1046/1046
f 1046/1046/1046 1047/1047/1047 1048/1048/1048
f 1049/1049/1049 1051/1051/1051 1050/1050/1050
f 1050/1050/1050 1051/1051/1051 1052/1052/1052
f 1053/1053/1053 1055/1055/1055 1054/1054/1054
f 1054/1054/1054 1055/1055/1055 1056/1056/1056
f 1057/1057/1057 1059/1059/1059 1058/1058/1058
f 1058/1058/1058 1059/1059/1059 1060/1060/1060
f 1061/1061/1061 1063/1063/1063 1062/1062/1062
f 1062/1062/1062 1063/1063/1063 1064/1064/1064
g Combined_Mesh_(root:_scene)_42
usemtl Combined_Mesh_(root:_scene)_42
usemap Combined_Mesh_(root:_scene)_42
f 1065/1065/1065 1067/1067/1067 1066/1066/1066
f 1066/1066/1066 1067/1067/1067 1068/1068/1068
f 1069/1069/1069 1071/1071/1071 1070/1070/1070
f 1070/1070/1070 1071/1071/1071 1072/1072/1072
f 1073/1073/1073 1075/1075/1075 1074/1074/1074
f 1074/1074/1074 1075/1075/1075 1076/1076/1076
f 1077/1077/1077 1079/1079/1079 1078/1078/1078
f 1078/1078/1078 1079/1079/1079 1080/1080/1080
f 1081/1081/1081 1083/1083/1083 1082/1082/1082
f 1082/1082/1082 1083/1083/1083 1084/1084/1084
f 1085/1085/1085 1087/1087/1087 1086/1086/1086
f 1086/1086/1086 1087/1087/1087 1088/1088/1088
g Combined_Mesh_(root:_scene)_43
usemtl Combined_Mesh_(root:_scene)_43
usemap Combined_Mesh_(root:_scene)_43
f 1089/1089/1089 1091/1091/1091 1090/1090/1090
f 1090/1090/1090 1091/1091/1091 1092/1092/1092
f 1093/1093/1093 1095/1095/1095 1094/1094/1094
f 1094/1094/1094 1095/1095/1095 1096/1096/1096
f 1097/1097/1097 1099/1099/1099 1098/1098/1098
f 1098/1098/1098 1099/1099/1099 1100/1100/1100
f 1101/1101/1101 1103/1103/1103 1102/1102/1102
f 1102/1102/1102 1103/1103/1103 1104/1104/1104
f 1105/1105/1105 1107/1107/1107 1106/1106/1106
f 1106/1106/1106 1107/1107/1107 1108/1108/1108
f 1109/1109/1109 1111/1111/1111 1110/1110/1110
f 1110/1110/1110 1111/1111/1111 1112/1112/1112
g Combined_Mesh_(root:_scene)_44
usemtl Combined_Mesh_(root:_scene)_44
usemap Combined_Mesh_(root:_scene)_44
f 1113/1113/1113 1115/1115/1115 1114/1114/1114
f 1114/1114/1114 1115/1115/1115 1116/1116/1116
f 1117/1117/1117 1119/1119/1119 1118/1118/1118
f 1118/1118/1118 1119/1119/1119 1120/1120/1120
f 1121/1121/1121 1123/1123/1123 1122/1122/1122
f 1122/1122/1122 1123/1123/1123 1124/1124/1124
f 1125/1125/1125 1127/1127/1127 1126/1126/1126
f 1126/1126/1126 1127/1127/1127 1128/1128/1128
f 1129/1129/1129 1131/1131/1131 1130/1130/1130
f 1130/1130/1130 1131/1131/1131 1132/1132/1132
f 1133/1133/1133 1135/1135/1135 1134/1134/1134
f 1134/1134/1134 1135/1135/1135 1136/1136/1136
g Combined_Mesh_(root:_scene)_45
usemtl Combined_Mesh_(root:_scene)_45
usemap Combined_Mesh_(root:_scene)_45
f 1137/1137/1137 1139/1139/1139 1138/1138/1138
f 1138/1138/1138 1139/1139/1139 1140/1140/1140
f 1141/1141/1141 1143/1143/1143 1142/1142/1142
f 1142/1142/1142 1143/1143/1143 1144/1144/1144
f 1145/1145/1145 1147/1147/1147 1146/1146/1146
f 1146/1146/1146 1147/1147/1147 1148/1148/1148
f 1149/1149/1149 1151/1151/1151 1150/1150/1150
f 1150/1150/1150 1151/1151/1151 1152/1152/1152
f 1153/1153/1153 1155/1155/1155 1154/1154/1154
f 1154/1154/1154 1155/1155/1155 1156/1156/1156
f 1157/1157/1157 1159/1159/1159 1158/1158/1158
f 1158/1158/1158 1159/1159/1159 1160/1160/1160
g Combined_Mesh_(root:_scene)_46
usemtl Combined_Mesh_(root:_scene)_46
usemap Combined_Mesh_(root:_scene)_46
f 1161/1161/1161 1163/1163/1163 1162/1162/1162
f 1161/1161/1161 1162/1162/1162 1164/1164/1164
f 1165/1165/1165 1167/1167/1167 1166/1166/1166
f 1165/1165/1165 1166/1166/1166 1168/1168/1168
f 1169/1169/1169 1171/1171/1171 1170/1170/1170
f 1169/1169/1169 1172/1172/1172 1171/1171/1171
f 1171/1171/1171 1172/1172/1172 1173/1173/1173
f 1174/1174/1174 1176/1176/1176 1175/1175/1175
f 1175/1175/1175 1176/1176/1176 1177/1177/1177
f 1178/1178/1178 1180/1180/1180 1179/1179/1179
f 1179/1179/1179 1180/1180/1180 1181/1181/1181
f 1182/1182/1182 1184/1184/1184 1183/1183/1183
f 1185/1185/1185 1184/1184/1184 1186/1186/1186
f 1186/1186/1186 1184/1184/1184 1182/1182/1182
f 1187/1187/1187 1189/1189/1189 1188/1188/1188
f 1187/1187/1187 1188/1188/1188 1190/1190/1190
f 1191/1191/1191 1193/1193/1193 1192/1192/1192
f 1191/1191/1191 1192/1192/1192 1194/1194/1194
f 1195/1195/1195 1197/1197/1197 1196/1196/1196
f 1197/1197/1197 1198/1198/1198 1196/1196/1196
f 1199/1199/1199 1201/1201/1201 1200/1200/1200
f 1200/1200/1200 1201/1201/1201 1202/1202/1202
f 1203/1203/1203 1205/1205/1205 1204/1204/1204
f 1203/1203/1203 1204/1204/1204 1206/1206/1206
f 1207/1207/1207 1209/1209/1209 1208/1208/1208
f 1207/1207/1207 1208/1208/1208 1210/1210/1210
f 1211/1211/1211 1213/1213/1213 1212/1212/1212
f 1211/1211/1211 1212/1212/1212 1214/1214/1214
f 1215/1215/1215 1217/1217/1217 1216/1216/1216
f 1215/1215/1215 1216/1216/1216 1218/1218/1218
f 1219/1219/1219 1221/1221/1221 1220/1220/1220
f 1219/1219/1219 1220/1220/1220 1222/1222/1222
g Combined_Mesh_(root:_scene)_47
usemtl Combined_Mesh_(root:_scene)_47
usemap Combined_Mesh_(root:_scene)_47
f 1223/1223/1223 1225/1225/1225 1224/1224/1224
f 1223/1223/1223 1224/1224/1224 1226/1226/1226
f 1227/1227/1227 1229/1229/1229 1228/1228/1228
f 1227/1227/1227 1228/1228/1228 1230/1230/1230
f 1231/1231/1231 1233/1233/1233 1232/1232/1232
f 1231/1231/1231 1232/1232/1232 1234/1234/1234
f 1235/1235/1235 1237/1237/1237 1236/1236/1236
f 1235/1235/1235 1236/1236/1236 1238/1238/1238
f 1239/1239/1239 1241/1241/1241 1240/1240/1240
f 1241/1241/1241 1242/1242/1242 1240/1240/1240
f 1243/1243/1243 1245/1245/1245 1244/1244/1244
f 1246/1246/1246 1245/1245/1245 1243/1243/1243
f 1247/1247/1247 1249/1249/1249 1248/1248/1248
f 1248/1248/1248 1249/1249/1249 1250/1250/1250
f 1251/1251/1251 1253/1253/1253 1252/1252/1252
f 1253/1253/1253 1254/1254/1254 1252/1252/1252
f 1255/1255/1255 1254/1254/1254 1253/1253/1253
f 1256/1256/1256 1258/1258/1258 1257/1257/1257
f 1259/1259/1259 1260/1260/1260 1256/1256/1256
f 1256/1256/1256 1261/1261/1261 1258/1258/1258
f 1260/1260/1260 1261/1261/1261 1256/1256/1256
f 1262/1262/1262 1264/1264/1264 1263/1263/1263
f 1262/1262/1262 1265/1265/1265 1264/1264/1264
f 1264/1264/1264 1265/1265/1265 1266/1266/1266
f 1263/1263/1263 1267/1267/1267 1262/1262/1262
f 1268/1268/1268 1270/1270/1270 1269/1269/1269
f 1268/1268/1268 1269/1269/1269 1271/1271/1271
f 1272/1272/1272 1274/1274/1274 1273/1273/1273
f 1275/1275/1275 1277/1277/1277 1276/1276/1276
f 1276/1276/1276 1278/1278/1278 1275/1275/1275
f 1279/1279/1279 1276/1276/1276 1277/1277/1277
f 1280/1280/1280 1282/1282/1282 1281/1281/1281
f 1283/1283/1283 1284/1284/1284 1282/1282/1282
f 1282/1282/1282 1284/1284/1284 1281/1281/1281
f 1283/1283/1283 1285/1285/1285 1284/1284/1284
f 1286/1286/1286 1288/1288/1288 1287/1287/1287
g Combined_Mesh_(root:_scene)_48
usemtl Combined_Mesh_(root:_scene)_48
usemap Combined_Mesh_(root:_scene)_48
f 1289/1289/1289 1291/1291/1291 1290/1290/1290
f 1292/1292/1292 1291/1291/1291 1289/1289/1289
f 1293/1293/1293 1295/1295/1295 1294/1294/1294
f 1296/1296/1296 1295/1295/1295 1293/1293/1293
f 1297/1297/1297 1299/1299/1299 1298/1298/1298
f 1300/1300/1300 1299/1299/1299 1297/1297/1297
f 1301/1301/1301 1303/1303/1303 1302/1302/1302
f 1301/1301/1301 1302/1302/1302 1304/1304/1304
f 1301/1301/1301 1304/1304/1304 1305/1305/1305
f 1305/1305/1305 1304/1304/1304 1306/1306/1306
f 1302/1302/1302 1308/1308/1308 1307/1307/1307
f 1303/1303/1303 1308/1308/1308 1302/1302/1302
f 1309/1309/1309 1311/1311/1311 1310/1310/1310
f 1309/1309/1309 1312/1312/1312 1311/1311/1311
f 1313/1313/1313 1315/1315/1315 1314/1314/1314
f 1316/1316/1316 1315/1315/1315 1313/1313/1313
g Combined_Mesh_(root:_scene)_49
usemtl Combined_Mesh_(root:_scene)_49
usemap Combined_Mesh_(root:_scene)_49
f 1317/1317/1317 1319/1319/1319 1318/1318/1318
f 1317/1317/1317 1318/1318/1318 1320/1320/1320
f 1321/1321/1321 1323/1323/1323 1322/1322/1322
f 1321/1321/1321 1324/1324/1324 1323/1323/1323
f 1325/1325/1325 1327/1327/1327 1326/1326/1326
f 1326/1326/1326 1327/1327/1327 1328/1328/1328
f 1329/1329/1329 1331/1331/1331 1330/1330/1330
f 1329/1329/1329 1330/1330/1330 1332/1332/1332
g Combined_Mesh_(root:_scene)_50
usemtl Combined_Mesh_(root:_scene)_50
usemap Combined_Mesh_(root:_scene)_50
f 1333/1333/1333 1335/1335/1335 1334/1334/1334
f 1334/1334/1334 1335/1335/1335 1336/1336/1336
f 1337/1337/1337 1339/1339/1339 1338/1338/1338
f 1338/1338/1338 1339/1339/1339 1340/1340/1340
f 1340/1340/1340 1339/1339/1339 1341/1341/1341
f 1342/1342/1342 1344/1344/1344 1343/1343/1343
f 1342/1342/1342 1345/1345/1345 1344/1344/1344
f 1346/1346/1346 1348/1348/1348 1347/1347/1347
f 1346/1346/1346 1349/1349/1349 1348/1348/1348
f 1350/1350/1350 1352/1352/1352 1351/1351/1351
f 1351/1351/1351 1353/1353/1353 1350/1350/1350
f 1354/1354/1354 1356/1356/1356 1355/1355/1355
f 1355/1355/1355 1356/1356/1356 1357/1357/1357
f 1357/1357/1357 1356/1356/1356 1358/1358/1358
f 1359/1359/1359 1361/1361/1361 1360/1360/1360
f 1359/1359/1359 1360/1360/1360 1362/1362/1362
g Combined_Mesh_(root:_scene)_51
usemtl Combined_Mesh_(root:_scene)_51
usemap Combined_Mesh_(root:_scene)_51
f 1363/1363/1363 1365/1365/1365 1364/1364/1364
f 1363/1363/1363 1364/1364/1364 1366/1366/1366
f 1367/1367/1367 1369/1369/1369 1368/1368/1368
f 1368/1368/1368 1369/1369/1369 1370/1370/1370
f 1371/1371/1371 1373/1373/1373 1372/1372/1372
f 1372/1372/1372 1374/1374/1374 1371/1371/1371
f 1375/1375/1375 1377/1377/1377 1376/1376/1376
f 1375/1375/1375 1378/1378/1378 1377/1377/1377
f 1379/1379/1379 1381/1381/1381 1380/1380/1380
f 1382/1382/1382 1380/1380/1380 1381/1381/1381
f 1383/1383/1383 1385/1385/1385 1384/1384/1384
f 1383/1383/1383 1384/1384/1384 1386/1386/1386
f 1387/1387/1387 1389/1389/1389 1388/1388/1388
f 1390/1390/1390 1388/1388/1388 1391/1391/1391
f 1391/1391/1391 1388/1388/1388 1389/1389/1389
f 1392/1392/1392 1394/1394/1394 1393/1393/1393
g Combined_Mesh_(root:_scene)_52
usemtl Combined_Mesh_(root:_scene)_52
usemap Combined_Mesh_(root:_scene)_52
f 1395/1395/1395 1397/1397/1397 1396/1396/1396
f 1395/1395/1395 1396/1396/1396 1398/1398/1398
f 1399/1399/1399 1401/1401/1401 1400/1400/1400
f 1399/1399/1399 1402/1402/1402 1401/1401/1401
f 1399/1399/1399 1400/1400/1400 1403/1403/1403
f 1404/1404/1404 1406/1406/1406 1405/1405/1405
f 1407/1407/1407 1406/1406/1406 1404/1404/1404
g Combined_Mesh_(root:_scene)_53
usemtl Combined_Mesh_(root:_scene)_53
usemap Combined_Mesh_(root:_scene)_53
f 1408/1408/1408 1410/1410/1410 1409/1409/1409
f 1408/1408/1408 1409/1409/1409 1411/1411/1411
f 1412/1412/1412 1414/1414/1414 1413/1413/1413
f 1412/1412/1412 1415/1415/1415 1414/1414/1414
f 1414/1414/1414 1415/1415/1415 1416/1416/1416
f 1417/1417/1417 1419/1419/1419 1418/1418/1418
f 1418/1418/1418 1419/1419/1419 1420/1420/1420
f 1421/1421/1421 1423/1423/1423 1422/1422/1422
f 1422/1422/1422 1424/1424/1424 1421/1421/1421
f 1425/1425/1425 1427/1427/1427 1426/1426/1426
f 1428/1428/1428 1427/1427/1427 1429/1429/1429
f 1429/1429/1429 1427/1427/1427 1425/1425/1425
g Combined_Mesh_(root:_scene)_54
usemtl Combined_Mesh_(root:_scene)_54
usemap Combined_Mesh_(root:_scene)_54
f 1430/1430/1430 1432/1432/1432 1431/1431/1431
f 1430/1430/1430 1431/1431/1431 1433/1433/1433
f 1434/1434/1434 1436/1436/1436 1435/1435/1435
f 1435/1435/1435 1437/1437/1437 1434/1434/1434
f 1438/1438/1438 1440/1440/1440 1439/1439/1439
f 1439/1439/1439 1440/1440/1440 1441/1441/1441
f 1441/1441/1441 1440/1440/1440 1442/1442/1442
f 1443/1443/1443 1445/1445/1445 1444/1444/1444
f 1443/1443/1443 1444/1444/1444 1446/1446/1446
f 1447/1447/1447 1449/1449/1449 1448/1448/1448
f 1447/1447/1447 1448/1448/1448 1450/1450/1450
f 1451/1451/1451 1453/1453/1453 1452/1452/1452
f 1451/1451/1451 1452/1452/1452 1454/1454/1454
f 1455/1455/1455 1457/1457/1457 1456/1456/1456
f 1458/1458/1458 1457/1457/1457 1455/1455/1455
f 1459/1459/1459 1461/1461/1461 1460/1460/1460
f 1462/1462/1462 1461/1461/1461 1463/1463/1463
f 1460/1460/1460 1461/1461/1461 1462/1462/1462
g Combined_Mesh_(root:_scene)_55
usemtl Combined_Mesh_(root:_scene)_55
usemap Combined_Mesh_(root:_scene)_55
f 1464/1464/1464 1466/1466/1466 1465/1465/1465
f 1464/1464/1464 1465/1465/1465 1467/1467/1467
f 1468/1468/1468 1470/1470/1470 1469/1469/1469
f 1468/1468/1468 1469/1469/1469 1471/1471/1471
f 1472/1472/1472 1474/1474/1474 1473/1473/1473
f 1472/1472/1472 1473/1473/1473 1475/1475/1475
f 1476/1476/1476 1478/1478/1478 1477/1477/1477
f 1477/1477/1477 1478/1478/1478 1479/1479/1479
f 1480/1480/1480 1478/1478/1478 1476/1476/1476
f 1481/1481/1481 1483/1483/1483 1482/1482/1482
f 1481/1481/1481 1482/1482/1482 1484/1484/1484
f 1485/1485/1485 1487/1487/1487 1486/1486/1486
f 1486/1486/1486 1488/1488/1488 1485/1485/1485
f 1489/1489/1489 1488/1488/1488 1486/1486/1486
f 1490/1490/1490 1492/1492/1492 1491/1491/1491
f 1490/1490/1490 1491/1491/1491 1493/1493/1493
f 1494/1494/1494 1496/1496/1496 1495/1495/1495
f 1495/1495/1495 1496/1496/1496 1497/1497/1497
f 1498/1498/1498 1496/1496/1496 1494/1494/1494
g Combined_Mesh_(root:_scene)_56
usemtl Combined_Mesh_(root:_scene)_56
usemap Combined_Mesh_(root:_scene)_56
f 1499/1499/1499 1501/1501/1501 1500/1500/1500
f 1500/1500/1500 1501/1501/1501 1502/1502/1502
f 1503/1503/1503 1505/1505/1505 1504/1504/1504
f 1503/1503/1503 1504/1504/1504 1506/1506/1506
f 1507/1507/1507 1509/1509/1509 1508/1508/1508
f 1507/1507/1507 1508/1508/1508 1510/1510/1510
f 1511/1511/1511 1513/1513/1513 1512/1512/1512
f 1511/1511/1511 1512/1512/1512 1514/1514/1514
f 1515/1515/1515 1517/1517/1517 1516/1516/1516
f 1515/1515/1515 1516/1516/1516 1518/1518/1518
f 1519/1519/1519 1521/1521/1521 1520/1520/1520
f 1519/1519/1519 1520/1520/1520 1522/1522/1522
f 1523/1523/1523 1525/1525/1525 1524/1524/1524
f 1523/1523/1523 1524/1524/1524 1526/1526/1526
f 1527/1527/1527 1529/1529/1529 1528/1528/1528
f 1527/1527/1527 1528/1528/1528 1530/1530/1530
f 1531/1531/1531 1533/1533/1533 1532/1532/1532
f 1531/1531/1531 1532/1532/1532 1534/1534/1534
f 1535/1535/1535 1537/1537/1537 1536/1536/1536
f 1535/1535/1535 1536/1536/1536 1538/1538/1538
f 1539/1539/1539 1541/1541/1541 1540/1540/1540
f 1539/1539/1539 1540/1540/1540 1542/1542/1542
f 1543/1543/1543 1545/1545/1545 1544/1544/1544
f 1544/1544/1544 1545/1545/1545 1546/1546/1546
g Combined_Mesh_(root:_scene)_57
usemtl Combined_Mesh_(root:_scene)_57
usemap Combined_Mesh_(root:_scene)_57
f 1547/1547/1547 1549/1549/1549 1548/1548/1548
f 1548/1548/1548 1550/1550/1550 1547/1547/1547
f 1551/1551/1551 1553/1553/1553 1552/1552/1552
f 1554/1554/1554 1553/1553/1553 1555/1555/1555
f 1555/1555/1555 1553/1553/1553 1551/1551/1551
f 1556/1556/1556 1558/1558/1558 1557/1557/1557
f 1558/1558/1558 1559/1559/1559 1557/1557/1557
g Combined_Mesh_(root:_scene)_58
usemtl Combined_Mesh_(root:_scene)_58
usemap Combined_Mesh_(root:_scene)_58
f 1560/1560/1560 1562/1562/1562 1561/1561/1561
f 1560/1560/1560 1561/1561/1561 1563/1563/1563
f 1564/1564/1564 1566/1566/1566 1565/1565/1565
f 1564/1564/1564 1565/1565/1565 1567/1567/1567
f 1568/1568/1568 1570/1570/1570 1569/1569/1569
f 1568/1568/1568 1569/1569/1569 1571/1571/1571
f 1572/1572/1572 1574/1574/1574 1573/1573/1573
f 1572/1572/1572 1573/1573/1573 1575/1575/1575
f 1576/1576/1576 1578/1578/1578 1577/1577/1577
f 1576/1576/1576 1577/1577/1577 1579/1579/1579
f 1580/1580/1580 1582/1582/1582 1581/1581/1581
f 1581/1581/1581 1582/1582/1582 1583/1583/1583
f 1584/1584/1584 1586/1586/1586 1585/1585/1585
f 1587/1587/1587 1586/1586/1586 1584/1584/1584
f 1588/1588/1588 1586/1586/1586 1587/1587/1587
g Combined_Mesh_(root:_scene)_59
usemtl Combined_Mesh_(root:_scene)_59
usemap Combined_Mesh_(root:_scene)_59
f 1589/1589/1589 1591/1591/1591 1590/1590/1590
f 1589/1589/1589 1592/1592/1592 1591/1591/1591
f 1591/1591/1591 1592/1592/1592 1593/1593/1593
f 1594/1594/1594 1596/1596/1596 1595/1595/1595
f 1595/1595/1595 1597/1597/1597 1594/1594/1594
f 1598/1598/1598 1600/1600/1600 1599/1599/1599
f 1601/1601/1601 1600/1600/1600 1602/1602/1602
f 1602/1602/1602 1600/1600/1600 1598/1598/1598
f 1603/1603/1603 1605/1605/1605 1604/1604/1604
f 1603/1603/1603 1604/1604/1604 1606/1606/1606
f 1607/1607/1607 1609/1609/1609 1608/1608/1608
f 1607/1607/1607 1608/1608/1608 1610/1610/1610
f 1611/1611/1611 1613/1613/1613 1612/1612/1612
f 1611/1611/1611 1612/1612/1612 1614/1614/1614
f 1615/1615/1615 1617/1617/1617 1616/1616/1616
f 1618/1618/1618 1617/1617/1617 1615/1615/1615
g Combined_Mesh_(root:_scene)_60
usemtl Combined_Mesh_(root:_scene)_60
usemap Combined_Mesh_(root:_scene)_60
f 1619/1619/1619 1621/1621/1621 1620/1620/1620
f 1619/1619/1619 1620/1620/1620 1622/1622/1622
f 1623/1623/1623 1625/1625/1625 1624/1624/1624
f 1623/1623/1623 1624/1624/1624 1626/1626/1626
f 1627/1627/1627 1629/1629/1629 1628/1628/1628
f 1627/1627/1627 1628/1628/1628 1630/1630/1630
g Combined_Mesh_(root:_scene)_61
usemtl Combined_Mesh_(root:_scene)_61
usemap Combined_Mesh_(root:_scene)_61
f 1631/1631/1631 1633/1633/1633 1632/1632/1632
f 1631/1631/1631 1632/1632/1632 1634/1634/1634
f 1635/1635/1635 1637/1637/1637 1636/1636/1636
f 1635/1635/1635 1636/1636/1636 1638/1638/1638
f 1639/1639/1639 1641/1641/1641 1640/1640/1640
f 1639/1639/1639 1640/1640/1640 1642/1642/1642
f 1643/1643/1643 1645/1645/1645 1644/1644/1644
f 1643/1643/1643 1644/1644/1644 1646/1646/1646
f 1647/1647/1647 1649/1649/1649 1648/1648/1648
f 1647/1647/1647 1648/1648/1648 1650/1650/1650
f 1651/1651/1651 1653/1653/1653 1652/1652/1652
f 1651/1651/1651 1652/1652/1652 1654/1654/1654
f 1655/1655/1655 1657/1657/1657 1656/1656/1656
f 1655/1655/1655 1656/1656/1656 1658/1658/1658
f 1659/1659/1659 1661/1661/1661 1660/1660/1660
f 1659/1659/1659 1660/1660/1660 1662/1662/1662
f 1663/1663/1663 1665/1665/1665 1664/1664/1664
f 1665/1665/1665 1666/1666/1666 1664/1664/1664
f 1664/1664/1664 1666/1666/1666 1667/1667/1667
f 1668/1668/1668 1670/1670/1670 1669/1669/1669
f 1671/1671/1671 1670/1670/1670 1668/1668/1668
f 1672/1672/1672 1674/1674/1674 1673/1673/1673
f 1672/1672/1672 1673/1673/1673 1675/1675/1675
f 1676/1676/1676 1678/1678/1678 1677/1677/1677
f 1676/1676/1676 1677/1677/1677 1679/1679/1679
f 1680/1680/1680 1682/1682/1682 1681/1681/1681
f 1680/1680/1680 1681/1681/1681 1683/1683/1683
f 1684/1684/1684 1686/1686/1686 1685/1685/1685
f 1687/1687/1687 1684/1684/1684 1688/1688/1688
f 1688/1688/1688 1684/1684/1684 1685/1685/1685
f 1689/1689/1689 1691/1691/1691 1690/1690/1690
f 1690/1690/1690 1691/1691/1691 1692/1692/1692
f 1693/1693/1693 1695/1695/1695 1694/1694/1694
f 1696/1696/1696 1695/1695/1695 1697/1697/1697
f 1694/1694/1694 1695/1695/1695 1696/1696/1696
f 1698/1698/1698 1700/1700/1700 1699/1699/1699
f 1701/1701/1701 1700/1700/1700 1702/1702/1702
f 1702/1702/1702 1700/1700/1700 1698/1698/1698
f 1703/1703/1703 1705/1705/1705 1704/1704/1704
f 1706/1706/1706 1705/1705/1705 1703/1703/1703
f 1707/1707/1707 1705/1705/1705 1708/1708/1708
f 1708/1708/1708 1705/1705/1705 1706/1706/1706
g Combined_Mesh_(root:_scene)_62
usemtl Combined_Mesh_(root:_scene)_62
usemap Combined_Mesh_(root:_scene)_62
f 1709/1709/1709 1711/1711/1711 1710/1710/1710
f 1709/1709/1709 1710/1710/1710 1712/1712/1712
f 1713/1713/1713 1715/1715/1715 1714/1714/1714
f 1713/1713/1713 1714/1714/1714 1716/1716/1716
f 1717/1717/1717 1719/1719/1719 1718/1718/1718
f 1717/1717/1717 1718/1718/1718 1720/1720/1720
f 1721/1721/1721 1723/1723/1723 1722/1722/1722
f 1721/1721/1721 1722/1722/1722 1724/1724/1724
f 1725/1725/1725 1727/1727/1727 1726/1726/1726
f 1725/1725/1725 1726/1726/1726 1728/1728/1728
f 1729/1729/1729 1731/1731/1731 1730/1730/1730
f 1729/1729/1729 1730/1730/1730 1732/1732/1732
f 1733/1733/1733 1735/1735/1735 1734/1734/1734
f 1733/1733/1733 1734/1734/1734 1736/1736/1736
f 1737/1737/1737 1739/1739/1739 1738/1738/1738
f 1737/1737/1737 1738/1738/1738 1740/1740/1740
f 1741/1741/1741 1743/1743/1743 1742/1742/1742
f 1741/1741/1741 1742/1742/1742 1744/1744/1744
f 1745/1745/1745 1747/1747/1747 1746/1746/1746
f 1745/1745/1745 1746/1746/1746 1748/1748/1748
f 1749/1749/1749 1751/1751/1751 1750/1750/1750
f 1749/1749/1749 1750/1750/1750 1752/1752/1752
f 1753/1753/1753 1755/1755/1755 1754/1754/1754
f 1753/1753/1753 1754/1754/1754 1756/1756/1756
f 1757/1757/1757 1759/1759/1759 1758/1758/1758
f 1757/1757/1757 1758/1758/1758 1760/1760/1760
f 1761/1761/1761 1763/1763/1763 1762/1762/1762
f 1761/1761/1761 1762/1762/1762 1764/1764/1764
f 1765/1765/1765 1767/1767/1767 1766/1766/1766
f 1765/1765/1765 1766/1766/1766 1768/1768/1768
f 1769/1769/1769 1771/1771/1771 1770/1770/1770
f 1769/1769/1769 1770/1770/1770 1772/1772/1772
f 1773/1773/1773 1775/1775/1775 1774/1774/1774
f 1773/1773/1773 1774/1774/1774 1776/1776/1776
f 1777/1777/1777 1779/1779/1779 1778/1778/1778
f 1777/1777/1777 1778/1778/1778 1780/1780/1780
f 1781/1781/1781 1783/1783/1783 1782/1782/1782
f 1782/1782/1782 1783/1783/1783 1784/1784/1784
f 1785/1785/1785 1787/1787/1787 1786/1786/1786
f 1786/1786/1786 1787/1787/1787 1788/1788/1788
f 1789/1789/1789 1791/1791/1791 1790/1790/1790
f 1790/1790/1790 1791/1791/1791 1792/1792/1792
f 1793/1793/1793 1795/1795/1795 1794/1794/1794
f 1796/1796/1796 1795/1795/1795 1793/1793/1793
f 1797/1797/1797 1799/1799/1799 1798/1798/1798
f 1800/1800/1800 1799/1799/1799 1797/1797/1797
f 1801/1801/1801 1803/1803/1803 1802/1802/1802
f 1804/1804/1804 1803/1803/1803 1801/1801/1801
f 1805/1805/1805 1807/1807/1807 1806/1806/1806
f 1806/1806/1806 1807/1807/1807 1808/1808/1808
f 1809/1809/1809 1811/1811/1811 1810/1810/1810
f 1809/1809/1809 1813/1813/1813 1812/1812/1812
f 1810/1810/1810 1813/1813/1813 1809/1809/1809
f 1812/1812/1812 1813/1813/1813 1814/1814/1814
f 1815/1815/1815 1817/1817/1817 1816/1816/1816
f 1815/1815/1815 1816/1816/1816 1818/1818/1818
f 1819/1819/1819 1821/1821/1821 1820/1820/1820
f 1819/1819/1819 1820/1820/1820 1822/1822/1822
f 1823/1823/1823 1825/1825/1825 1824/1824/1824
f 1826/1826/1826 1825/1825/1825 1827/1827/1827
f 1824/1824/1824 1825/1825/1825 1826/1826/1826
f 1828/1828/1828 1830/1830/1830 1829/1829/1829
f 1831/1831/1831 1830/1830/1830 1832/1832/1832
f 1832/1832/1832 1830/1830/1830 1828/1828/1828
f 1833/1833/1833 1835/1835/1835 1834/1834/1834
f 1836/1836/1836 1835/1835/1835 1837/1837/1837
f 1834/1834/1834 1835/1835/1835 1836/1836/1836
f 1838/1838/1838 1840/1840/1840 1839/1839/1839
f 1841/1841/1841 1840/1840/1840 1842/1842/1842
f 1839/1839/1839 1840/1840/1840 1841/1841/1841
f 1843/1843/1843 1845/1845/1845 1844/1844/1844
f 1846/1846/1846 1845/1845/1845 1847/1847/1847
f 1847/1847/1847 1845/1845/1845 1843/1843/1843
f 1848/1848/1848 1850/1850/1850 1849/1849/1849
f 1851/1851/1851 1850/1850/1850 1852/1852/1852
f 1849/1849/1849 1850/1850/1850 1851/1851/1851
g Combined_Mesh_(root:_scene)_63
usemtl Combined_Mesh_(root:_scene)_63
usemap Combined_Mesh_(root:_scene)_63
f 1853/1853/1853 1855/1855/1855 1854/1854/1854
f 1853/1853/1853 1854/1854/1854 1856/1856/1856
f 1857/1857/1857 1859/1859/1859 1858/1858/1858
f 1857/1857/1857 1858/1858/1858 1860/1860/1860
f 1861/1861/1861 1863/1863/1863 1862/1862/1862
f 1861/1861/1861 1862/1862/1862 1864/1864/1864
f 1865/1865/1865 1867/1867/1867 1866/1866/1866
f 1865/1865/1865 1866/1866/1866 1868/1868/1868
f 1869/1869/1869 1871/1871/1871 1870/1870/1870
f 1872/1872/1872 1871/1871/1871 1869/1869/1869
f 1870/1870/1870 1871/1871/1871 1873/1873/1873
f 1874/1874/1874 1876/1876/1876 1875/1875/1875
f 1874/1874/1874 1875/1875/1875 1877/1877/1877
f 1878/1878/1878 1880/1880/1880 1879/1879/1879
f 1879/1879/1879 1880/1880/1880 1881/1881/1881
f 1881/1881/1881 1880/1880/1880 1882/1882/1882
f 1883/1883/1883 1885/1885/1885 1884/1884/1884
f 1883/1883/1883 1884/1884/1884 1886/1886/1886
f 1886/1886/1886 1884/1884/1884 1887/1887/1887
f 1888/1888/1888 1890/1890/1890 1889/1889/1889
f 1891/1891/1891 1890/1890/1890 1888/1888/1888
f 1892/1892/1892 1894/1894/1894 1893/1893/1893
f 1892/1892/1892 1896/1896/1896 1895/1895/1895
f 1893/1893/1893 1896/1896/1896 1892/1892/1892
f 1897/1897/1897 1899/1899/1899 1898/1898/1898
f 1898/1898/1898 1899/1899/1899 1900/1900/1900
f 1901/1901/1901 1903/1903/1903 1902/1902/1902
f 1901/1901/1901 1902/1902/1902 1904/1904/1904
f 1905/1905/1905 1907/1907/1907 1906/1906/1906
f 1905/1905/1905 1906/1906/1906 1908/1908/1908
f 1909/1909/1909 1911/1911/1911 1910/1910/1910
f 1912/1912/1912 1911/1911/1911 1909/1909/1909
f 1913/1913/1913 1915/1915/1915 1914/1914/1914
f 1916/1916/1916 1915/1915/1915 1913/1913/1913
f 1917/1917/1917 1919/1919/1919 1918/1918/1918
f 1918/1918/1918 1919/1919/1919 1920/1920/1920
f 1921/1921/1921 1923/1923/1923 1922/1922/1922
f 1922/1922/1922 1924/1924/1924 1921/1921/1921
f 1922/1922/1922 1925/1925/1925 1924/1924/1924
f 1925/1925/1925 1926/1926/1926 1924/1924/1924
f 1925/1925/1925 1927/1927/1927 1926/1926/1926
f 1928/1928/1928 1927/1927/1927 1925/1925/1925
f 1929/1929/1929 1931/1931/1931 1930/1930/1930
f 1930/1930/1930 1932/1932/1932 1929/1929/1929
f 1932/1932/1932 1933/1933/1933 1929/1929/1929
f 1932/1932/1932 1934/1934/1934 1933/1933/1933
f 1934/1934/1934 1935/1935/1935 1933/1933/1933
f 1933/1933/1933 1935/1935/1935 1936/1936/1936
f 1937/1937/1937 1939/1939/1939 1938/1938/1938
f 1938/1938/1938 1939/1939/1939 1940/1940/1940
f 1941/1941/1941 1943/1943/1943 1942/1942/1942
f 1942/1942/1942 1943/1943/1943 1944/1944/1944
f 1945/1945/1945 1947/1947/1947 1946/1946/1946
f 1946/1946/1946 1947/1947/1947 1948/1948/1948
f 1949/1949/1949 1951/1951/1951 1950/1950/1950
f 1950/1950/1950 1951/1951/1951 1952/1952/1952
f 1953/1953/1953 1955/1955/1955 1954/1954/1954
f 1954/1954/1954 1955/1955/1955 1956/1956/1956
f 1957/1957/1957 1959/1959/1959 1958/1958/1958
f 1958/1958/1958 1959/1959/1959 1960/1960/1960
f 1961/1961/1961 1963/1963/1963 1962/1962/1962
f 1962/1962/1962 1963/1963/1963 1964/1964/1964
f 1965/1965/1965 1967/1967/1967 1966/1966/1966
f 1966/1966/1966 1967/1967/1967 1968/1968/1968
f 1969/1969/1969 1971/1971/1971 1970/1970/1970
f 1970/1970/1970 1971/1971/1971 1972/1972/1972
g Combined_Mesh_(root:_scene)_64
usemtl Combined_Mesh_(root:_scene)_64
usemap Combined_Mesh_(root:_scene)_64
f 1973/1973/1973 1975/1975/1975 1974/1974/1974
f 1973/1973/1973 1974/1974/1974 1976/1976/1976
f 1977/1977/1977 1979/1979/1979 1978/1978/1978
f 1977/1977/1977 1978/1978/1978 1980/1980/1980
f 1981/1981/1981 1983/1983/1983 1982/1982/1982
f 1981/1981/1981 1982/1982/1982 1984/1984/1984
f 1985/1985/1985 1987/1987/1987 1986/1986/1986
f 1985/1985/1985 1986/1986/1986 1988/1988/1988
f 1989/1989/1989 1991/1991/1991 1990/1990/1990
f 1989/1989/1989 1990/1990/1990 1992/1992/1992
f 1993/1993/1993 1995/1995/1995 1994/1994/1994
f 1993/1993/1993 1994/1994/1994 1996/1996/1996
f 1997/1997/1997 1999/1999/1999 1998/1998/1998
f 1997/1997/1997 1998/1998/1998 2000/2000/2000
f 2001/2001/2001 2003/2003/2003 2002/2002/2002
f 2001/2001/2001 2002/2002/2002 2004/2004/2004
g Combined_Mesh_(root:_scene)_65
usemtl Combined_Mesh_(root:_scene)_65
usemap Combined_Mesh_(root:_scene)_65
f 2005/2005/2005 2007/2007/2007 2006/2006/2006
f 2005/2005/2005 2006/2006/2006 2008/2008/2008
f 2009/2009/2009 2011/2011/2011 2010/2010/2010
f 2009/2009/2009 2010/2010/2010 2012/2012/2012
f 2013/2013/2013 2015/2015/2015 2014/2014/2014
f 2013/2013/2013 2014/2014/2014 2016/2016/2016
g Combined_Mesh_(root:_scene)_66
usemtl Combined_Mesh_(root:_scene)_66
usemap Combined_Mesh_(root:_scene)_66
f 2017/2017/2017 2019/2019/2019 2018/2018/2018
f 2017/2017/2017 2018/2018/2018 2020/2020/2020
f 2021/2021/2021 2023/2023/2023 2022/2022/2022
f 2021/2021/2021 2022/2022/2022 2024/2024/2024
f 2025/2025/2025 2027/2027/2027 2026/2026/2026
f 2025/2025/2025 2026/2026/2026 2028/2028/2028
f 2029/2029/2029 2031/2031/2031 2030/2030/2030
f 2029/2029/2029 2030/2030/2030 2032/2032/2032
f 2033/2033/2033 2035/2035/2035 2034/2034/2034
f 2033/2033/2033 2034/2034/2034 2036/2036/2036
f 2037/2037/2037 2039/2039/2039 2038/2038/2038
f 2040/2040/2040 2039/2039/2039 2037/2037/2037
f 2041/2041/2041 2039/2039/2039 2040/2040/2040
f 2042/2042/2042 2044/2044/2044 2043/2043/2043
f 2043/2043/2043 2044/2044/2044 2045/2045/2045
g Combined_Mesh_(root:_scene)_67
usemtl Combined_Mesh_(root:_scene)_67
usemap Combined_Mesh_(root:_scene)_67
f 2046/2046/2046 2048/2048/2048 2047/2047/2047
f 2046/2046/2046 2047/2047/2047 2049/2049/2049
f 2050/2050/2050 2052/2052/2052 2051/2051/2051
f 2051/2051/2051 2053/2053/2053 2050/2050/2050
f 2050/2050/2050 2053/2053/2053 2054/2054/2054
f 2053/2053/2053 2055/2055/2055 2054/2054/2054
g Combined_Mesh_(root:_scene)_68
usemtl Combined_Mesh_(root:_scene)_68
usemap Combined_Mesh_(root:_scene)_68
f 2056/2056/2056 2058/2058/2058 2057/2057/2057
f 2056/2056/2056 2057/2057/2057 2059/2059/2059
g Combined_Mesh_(root:_scene)_69
usemtl Combined_Mesh_(root:_scene)_69
usemap Combined_Mesh_(root:_scene)_69
f 2060/2060/2060 2062/2062/2062 2061/2061/2061
f 2060/2060/2060 2061/2061/2061 2063/2063/2063
f 2064/2064/2064 2066/2066/2066 2065/2065/2065
f 2064/2064/2064 2067/2067/2067 2066/2066/2066
f 2067/2067/2067 2068/2068/2068 2066/2066/2066
f 2069/2069/2069 2068/2068/2068 2067/2067/2067
f 2070/2070/2070 2072/2072/2072 2071/2071/2071
f 2070/2070/2070 2071/2071/2071 2073/2073/2073
f 2074/2074/2074 2076/2076/2076 2075/2075/2075
f 2074/2074/2074 2075/2075/2075 2077/2077/2077
