#Combined_Mesh_(root:_scene).obj

v 44 10 1
v 42 10 1
v 44 12 1
v 42 12 1
v 42 10 1
v 42 10 -1
v 42 12 1
v 42 12 -1
v 42 10 -1
v 44 10 -1
v 42 12 -1
v 44 12 -1
v 44 10 -1
v 44 10 1
v 44 12 -1
v 44 12 1
v 44 12 1
v 42 12 1
v 44 12 -1
v 42 12 -1
v 44 10 -1
v 42 10 -1
v 44 10 1
v 42 10 1
v 35 10 -62
v 33 10 -62
v 35 12 -62
v 33 12 -62
v 33 10 -62
v 33 10 -65
v 33 12 -62
v 33 12 -65
v 33 10 -65
v 35 10 -65
v 33 12 -65
v 35 12 -65
v 35 10 -65
v 35 10 -62
v 35 12 -65
v 35 12 -62
v 35 12 -62
v 33 12 -62
v 35 12 -65
v 33 12 -65
v 35 10 -65
v 33 10 -65
v 35 10 -62
v 33 10 -62
v 9 5 3
v 7 5 3
v 9 7 3
v 7 7 3
v 7 5 3
v 7 5 1
v 7 7 3
v 7 7 1
v 7 5 1
v 9 5 1
v 7 7 1
v 9 7 1
v 9 5 1
v 9 5 3
v 9 7 1
v 9 7 3
v 9 7 3
v 7 7 3
v 9 7 1
v 7 7 1
v 9 5 1
v 7 5 1
v 9 5 3
v 7 5 3
v -2 10 -19
v -4 10 -19
v -2 12 -19
v -4 12 -19
v -4 10 -19
v -4 10 -21
v -4 12 -19
v -4 12 -21
v -4 10 -21
v -2 10 -21
v -4 12 -21
v -2 12 -21
v -2 10 -21
v -2 10 -19
v -2 12 -21
v -2 12 -19
v -2 12 -19
v -4 12 -19
v -2 12 -21
v -4 12 -21
v -2 10 -21
v -4 10 -21
v -2 10 -19
v -4 10 -19
v 35 10 -65
v 33 10 -65
v 35 13 -65
v 33 13 -65
v 33 10 -65
v 33 10 -66
v 33 13 -65
v 33 13 -66
v 33 10 -66
v 35 10 -66
v 33 13 -66
v 35 13 -66
v 35 10 -66
v 35 10 -65
v 35 13 -66
v 35 13 -65
v 35 13 -65
v 33 13 -65
v 35 13 -66
v 33 13 -66
v 35 10 -66
v 33 10 -66
v 35 10 -65
v 33 10 -65
v -13 10 -37
v -15 10 -37
v -13 12 -37
v -15 12 -37
v -15 10 -37
v -15 10 -39
v -15 12 -37
v -15 12 -39
v -15 10 -39
v -13 10 -39
v -15 12 -39
v -13 12 -39
v -13 10 -39
v -13 10 -37
v -13 12 -39
v -13 12 -37
v -13 12 -37
v -15 12 -37
v -13 12 -39
v -15 12 -39
v -13 10 -39
v -15 10 -39
v -13 10 -37
v -15 10 -37
v 42 10 4
v 40 10 4
v 42 12 4
v 40 12 4
v 40 10 4
v 40 10 2
v 40 12 4
v 40 12 2
v 40 10 2
v 42 10 2
v 40 12 2
v 42 12 2
v 42 10 2
v 42 10 4
v 42 12 2
v 42 12 4
v 42 12 4
v 40 12 4
v 42 12 2
v 40 12 2
v 42 10 2
v 40 10 2
v 42 10 4
v 40 10 4
v -23 10 3
v -25 10 3
v -23 12 3
v -25 12 3
v -25 10 3
v -25 10 1
v -25 12 3
v -25 12 1
v -25 10 1
v -23 10 1
v -25 12 1
v -23 12 1
v -23 10 1
v -23 10 3
v -23 12 1
v -23 12 3
v -23 12 3
v -25 12 3
v -23 12 1
v -25 12 1
v -23 10 1
v -25 10 1
v -23 10 3
v -25 10 3
v 35 10 10
v 33 10 10
v 35 11 10
v 33 11 10
v 33 10 10
v 33 10 8
v 33 11 10
v 33 11 8
v 33 10 8
v 35 10 8
v 33 11 8
v 35 11 8
v 35 10 8
v 35 10 10
v 35 11 8
v 35 11 10
v 35 11 10
v 33 11 10
v 35 11 8
v 33 11 8
v 35 10 8
v 33 10 8
v 35 10 10
v 33 10 10
v 53 11 -19
v 51 11 -19
v 53 14 -19
v 51 14 -19
v 51 11 -19
v 51 11 -21
v 51 14 -19
v 51 14 -21
v 51 11 -21
v 53 11 -21
v 51 14 -21
v 53 14 -21
v 53 14 -19
v 51 14 -19
v 53 14 -21
v 51 14 -21
v 52 11 -21
v 52 11 -22
v 52 12 -21
v 52 12 -22
v 52 11 -22
v 53 11 -22
v 52 12 -22
v 53 12 -22
v 53 12 -21
v 52 12 -21
v 53 12 -22
v 52 12 -22
v 40 14 -67
v 40 14 -68
v 40 15 -67
v 40 15 -68
v 42 14 -69
v 42 15 -69
v 41 14 -69
v 41 15 -69
v 40 15 -68
v 40 14 -68
v 41 14 -68
v 41 15 -68
v 41 15 -68
v 41 14 -68
v 41 15 -69
v 41 14 -69
v 40 15 -68
v 42 15 -67
v 40 15 -67
v 41 15 -68
v 42 15 -69
v 41 15 -68
v 41 15 -69
v 42 15 -67
v 35 10 -3
v 34 10 -3
v 35 11 -3
v 34 11 -3
v 35 11 -3
v 34 11 -3
v 35 11 -5
v 34 11 -5
v 34 10 -3
v 32 10 -3
v 34 12 -3
v 32 12 -3
v 32 10 -3
v 32 10 -5
v 32 12 -3
v 32 12 -5
v 34 10 -5
v 34 10 -3
v 34 12 -5
v 34 12 -3
v 34 12 -3
v 32 12 -3
v 34 12 -5
v 32 12 -5
v 38 10 9
v 36 10 9
v 38 12 9
v 36 12 9
v 36 10 7
v 38 10 7
v 36 12 7
v 38 12 7
v 38 10 7
v 38 10 9
v 38 12 7
v 38 12 9
v 38 12 9
v 36 12 9
v 38 12 7
v 36 12 7
v 36 10 9
v 38 10 9
v 36 11 9
v 38 11 9
v 38 10 9
v 38 10 10
v 38 11 9
v 38 11 10
v 38 10 10
v 36 10 10
v 38 11 10
v 36 11 10
v 36 11 9
v 38 11 9
v 36 11 10
v 38 11 10
v 0 10 -57
v -1 10 -57
v 0 11 -57
v -1 11 -57
v -1 10 -57
v -1 10 -58
v -1 11 -57
v -1 11 -58
v 0 11 -57
v -1 11 -57
v 0 11 -58
v -1 11 -58
v 0 10 -58
v -2 10 -58
v 0 12 -58
v -2 12 -58
v -2 10 -58
v -2 10 -61
v -2 12 -58
v -2 12 -61
v -2 10 -61
v 0 10 -61
v -2 12 -61
v 0 12 -61
v 0 12 -58
v -2 12 -58
v 0 12 -61
v -2 12 -61
v -17 10 -26
v -16 10 -26
v -17 11 -26
v -16 11 -26
v -16 10 -26
v -16 10 -25
v -16 11 -26
v -16 11 -25
v -16 11 -25
v -17 11 -25
v -16 11 -26
v -17 11 -26
v -19 10 -25
v -19 10 -27
v -19 12 -25
v -19 12 -27
v -19 10 -27
v -17 10 -27
v -19 12 -27
v -17 12 -27
v -17 10 -27
v -17 10 -25
v -17 12 -27
v -17 12 -25
v -17 12 -25
v -19 12 -25
v -17 12 -27
v -19 12 -27
v 48 11 14
v 46 11 14
v 48 12 14
v 46 12 14
v 46 11 14
v 46 11 13
v 46 12 14
v 46 12 13
v 46 11 13
v 48 11 13
v 46 12 13
v 48 12 13
v 48 11 13
v 48 11 14
v 48 12 13
v 48 12 14
v 48 12 14
v 46 12 14
v 48 12 13
v 46 12 13
v 48 11 13
v 46 11 13
v 48 11 14
v 46 11 14
v 33 10 -64
v 31 10 -64
v 33 12 -64
v 31 12 -64
v 31 10 -64
v 31 10 -66
v 31 12 -64
v 31 12 -66
v 31 10 -66
v 33 10 -66
v 31 12 -66
v 33 12 -66
v 33 10 -66
v 33 10 -64
v 33 12 -66
v 33 12 -64
v 33 12 -64
v 31 12 -64
v 33 12 -66
v 31 12 -66
v 33 10 -66
v 31 10 -66
v 33 10 -64
v 31 10 -64
v 30 5 -16
v 30 5 -18
v 30 7 -16
v 30 7 -18
v 30 5 -18
v 32 5 -18
v 30 7 -18
v 32 7 -18
v 32 7 -18
v 32 5 -18
v 32 5 -17
v 32 7 -17
v 32 7 -16
v 30 7 -16
v 32 7 -17
v 30 7 -18
v 32 7 -18
v 32 7 -16
v 32 7 -17
v 33 7 -16
v 33 7 -17
v 32 7 -17
v 32 5 -17
v 33 7 -17
v 33 5 -17
v 51 11 11
v 49 11 11
v 51 12 11
v 49 12 11
v 49 11 11
v 49 11 9
v 49 12 11
v 49 12 9
v 49 11 9
v 51 11 9
v 49 12 9
v 51 12 9
v 51 11 9
v 51 11 11
v 51 12 9
v 51 12 11
v 51 12 11
v 49 12 11
v 51 12 9
v 49 12 9
v 51 11 9
v 49 11 9
v 51 11 11
v 49 11 11
v -15 12 5
v -17 12 5
v -15 14 5
v -17 14 5
v -17 12 5
v -17 12 3
v -17 14 5
v -17 14 3
v -17 12 3
v -15 12 3
v -17 14 3
v -15 14 3
v -15 12 3
v -15 12 5
v -15 14 3
v -15 14 5
v -15 14 5
v -17 14 5
v -15 14 3
v -17 14 3
v -15 12 3
v -17 12 3
v -15 12 5
v -17 12 5
v -20 12 7
v -22 12 7
v -20 14 7
v -22 14 7
v -22 12 7
v -22 12 5
v -22 14 7
v -22 14 5
v -22 12 5
v -20 12 5
v -22 14 5
v -20 14 5
v -20 12 5
v -20 12 7
v -20 14 5
v -20 14 7
v -20 14 7
v -22 14 7
v -20 14 5
v -22 14 5
v -20 12 5
v -22 12 5
v -20 12 7
v -22 12 7
v 11 5 -3
v 9 5 -3
v 11 7 -3
v 9 7 -3
v 9 5 -3
v 9 5 -5
v 9 7 -3
v 9 7 -5
v 9 5 -5
v 11 5 -5
v 9 7 -5
v 11 7 -5
v 11 5 -5
v 11 5 -3
v 11 7 -5
v 11 7 -3
v 11 7 -3
v 9 7 -3
v 11 7 -5
v 9 7 -5
v 11 5 -5
v 9 5 -5
v 11 5 -3
v 9 5 -3
v 46 10 -9
v 49 11 -11
v 49 10 -9
v 46 11 -11
v 35 11 -28
v 35 11 -25
v 31 8 -28
v 31 8 -25
v 53 11 -19
v 38 11 -19
v 53 11 -29
v 38 11 -29
v 44 11 -29
v 39 11 -29
v 44 11 -30
v 39 11 -30
v 43 11 -30
v 40 11 -30
v 43 11 -39
v 40 11 -39
v 49 11 -11
v 46 11 -11
v 49 11 -19
v 46 11 -19
v 38 11 -28
v 38 11 -23
v 35 11 -28
v 35 11 -23
v 35 11 -25
v 35 11 -23
v 31 11 -25
v 31 11 -23
v 31 8 -28
v 31 8 -25
v 28 8 -28
v 28 8 -25
v 19 5 -21
v 33 5 -21
v 19 5 -16
v 33 5 -16
v 31 8 -25
v 31 11 -25
v 31 11 -23
v 31 6.5 -23
v 28 5 -21
v 28 8 -25
v 31 8 -25
v 31 5 -21
v 35 11 -25
v 31 11 -25
v 31 8 -25
v 31 10 -66
v 49 10 -66
v 31 10 -44
v 49 10 -44
v 35 11 -39
v 35 11 -44
v 40 11 -44
v 40 11 -39
v 35 11 -44
v 35 10 -44
v 40 10 -44
v 40 11 -44
v 48 10 -44
v 48 11 -44
v 43 10 -44
v 43 11 -44
v 40 11 -39
v 40 10 -41
v 43 11 -39
v 43 10 -41
v 48 11 -44
v 48 11 -39
v 43 11 -39
v 43 11 -44
v 40 10 -44
v 43 10 -41
v 40 10 -41
v 43 10 -44
v 40 10 -44
v 40 11 -39
v 40 11 -44
v 40 10 -41
v 43 10 -41
v 43 11 -44
v 43 11 -39
v 43 10 -44
v -22 10 -36
v -22 10 -25
v -29 10 -36
v -29 10 -25
v -23 6 -45
v -29 6 -45
v -23 6 -50
v -29 6 -50
v -23 6 -45
v -29 10 -36
v -29 6 -45
v -22 10 -36
v -29 10 -25
v -23 10 -25
v -29 10 -5
v -23 10 -5
v -15 10 -50
v -9 10 -50
v -15 10 -36
v -9 10 -36
v -15 10 -36
v -9 10 -36
v -15 10 -25
v -9 10 -25
v -15 10 -36
v -15 10 -25
v -22 10 -36
v -22 10 -25
v -16 10 -36
v -22 10 -36
v -16 10 -50
v -22 10 -50
v 0 10 -69
v 0 10 -73
v 14 10 -69
v 18 10 -73
v 18 10 -48
v 14 10 -48
v 19 5 -16
v 13 5 -16
v 19 5 -21
v 13 5 -22
v 19 5 -21
v 13 5 -22
v 19 5 -24
v 13 5 -24
v 19 5 -24
v 13 5 -24
v 19 10 -36
v 13 10 -36
v 0 10 -48
v -5 10 -48
v 0 10 -50
v -5 10 -50
v 0 10 -50
v -15 10 -50
v 0 10 -66
v -15 10 -66
v 0 10 -69
v 0 10 -66
v -5 10 -66
v -5 10 -74
v 0 10 -73
v 0 10 -74
v -5 10 -48
v 0 10 -48
v -5 10 -43
v 9 10 -48
v 9 10 -43
v 19 10 -48
v 22 10 -48
v 19 10 -40
v 22 10 -40
v 18 10 -48
v 13 10 -36
v 14 10 -48
v 19 10 -36
v 9 10 -43
v 13 10 -48
v 9 10 -36
v 9 10 -48
v 42 14 -75
v 42 14 -81
v 49 14 -75
v 49 14 -81
v 0 10 -74
v -5 10 -74
v 0 10 -81
v -5 10 -80
v 42 14 -81
v 42 14 -67
v 18 14 -67
v 18 14 -81
v 18 14 -81
v 0 10 -74
v 0 10 -81
v 18 14 -74
v 49 10 -66
v 42 14 -75
v 49 14 -75
v 42 10 -66
v 36 10 11
v 32 10 -5
v 36 10 -5
v 32 10 11
v 13 5 -16
v 19 5 -5
v 13 5 -5
v 19 5 -16
v -4 5 1
v 9 5 1
v -4 5 7
v 9 5 7
v -4 5 1
v -5 5 1
v -5 5 -5
v 9 5 1
v 13 5 -5
v 13 5 1
v -5 5 1
v -23 10 1
v -5 5 -5
v -23 10 -5
v -29 10 -5
v -23 10 -5
v -29 10 1
v -23 10 1
v -29 10 1
v -23 10 1
v -29 10 3
v -23 10 3
v -29 10 3
v -23 10 3
v -29 13 12
v -23 13 12
v -29 13 12
v -23 13 12
v -29 13 19
v -23 13 19
v -23 13 19
v -23 13 12
v -16 13 19
v -16 13 12
v -23 13 12
v -16 12 12
v -16 13 12
v -23 12 12
v 19 5 8
v 13 5 8
v 19 5 2
v 13 5 1
v 13 5 -5
v 19 5 -5
v 19 5 8
v 32 10 11
v 19 5 11
v 32 10 -5
v 19 5 2
v 19 5 -5
v 43 10 2
v 51 10 2
v 43 11 2
v 51 11 2
v 46 11 11
v 51 11 11
v 46 11 17
v 51 11 17
v 43 11 2
v 51 11 2
v 43 11 11
v 51 11 11
v 43 10 2
v 43 11 2
v 43 10 11
v 43 11 11
v 43 10 11
v 36 10 -13
v 43 10 -13
v 36 10 11
v 43 10 2
v 51 10 -9
v 51 10 2
v 43 10 -9
v 2 10 -16
v -4 10 -21
v 9 10 -16
v 9 10 -21
v 9 10 -16
v 9 10 -21
v 12 10 -16
v 12 10 -21
v 12 10 -21
v 9 10 -21
v 12 10 -36
v 9 10 -36
v -16 12 11
v -16 12 2
v -4 12 11
v -4 12 2
v -4 12 11
v -4 12 2
v 2 12 11
v 2 12 2
v 2 12 2
v -4 12 2
v 2 12 -11
v -4 12 -11
v 2 12 -11
v -1 12 -11
v 2 10 -14
v -1 10 -14
v -4 10 -11
v -1 10 -11
v -4 12 -11
v -1 12 -11
v -1 10 -14
v -1 12 -11
v -1 10 -11
v -1 10 -11
v -4 10 -21
v -1 10 -14
v -4 10 -11
v -1 10 -14
v -4 10 -21
v 2 10 -16
v 2 10 -14
v -22 12 2
v -16 12 2
v -22 12 12
v -16 12 11
v -16 12 12
v 48.7 14.95 -23.8
v 48.3 14.95 -23.8
v 48.7 15.05 -23.8
v 48.3 15.05 -23.8
v 48.3 14.95 -23.8
v 48.3 14.95 -24.2
v 48.3 15.05 -23.8
v 48.3 15.05 -24.2
v 48.3 14.95 -24.2
v 48.7 14.95 -24.2
v 48.3 15.05 -24.2
v 48.7 15.05 -24.2
v 48.7 14.95 -24.2
v 48.7 14.95 -23.8
v 48.7 15.05 -24.2
v 48.7 15.05 -23.8
v 48.7 15.05 -23.8
v 48.3 15.05 -23.8
v 48.7 15.05 -24.2
v 48.3 15.05 -24.2
v 48.7 14.95 -24.2
v 48.3 14.95 -24.2
v 48.7 14.95 -23.8
v 48.3 14.95 -23.8
v 41.7 14.95 -23.8
v 41.3 14.95 -23.8
v 41.7 15.05 -23.8
v 41.3 15.05 -23.8
v 41.3 14.95 -23.8
v 41.3 14.95 -24.2
v 41.3 15.05 -23.8
v 41.3 15.05 -24.2
v 41.3 14.95 -24.2
v 41.7 14.95 -24.2
v 41.3 15.05 -24.2
v 41.7 15.05 -24.2
v 41.7 14.95 -24.2
v 41.7 14.95 -23.8
v 41.7 15.05 -24.2
v 41.7 15.05 -23.8
v 41.7 15.05 -23.8
v 41.3 15.05 -23.8
v 41.7 15.05 -24.2
v 41.3 15.05 -24.2
v 41.7 14.95 -24.2
v 41.3 14.95 -24.2
v 41.7 14.95 -23.8
v 41.3 14.95 -23.8
v 16.2 16.95 -57.8
v 15.8 16.95 -57.8
v 16.2 17.05 -57.8
v 15.8 17.05 -57.8
v 15.8 16.95 -57.8
v 15.8 16.95 -58.2
v 15.8 17.05 -57.8
v 15.8 17.05 -58.2
v 15.8 16.95 -58.2
v 16.2 16.95 -58.2
v 15.8 17.05 -58.2
v 16.2 17.05 -58.2
v 16.2 16.95 -58.2
v 16.2 16.95 -57.8
v 16.2 17.05 -58.2
v 16.2 17.05 -57.8
v 16.2 17.05 -57.8
v 15.8 17.05 -57.8
v 16.2 17.05 -58.2
v 15.8 17.05 -58.2
v 16.2 16.95 -58.2
v 15.8 16.95 -58.2
v 16.2 16.95 -57.8
v 15.8 16.95 -57.8
v 28.2 9.949998 -18.3
v 27.8 9.949998 -18.3
v 28.2 10.05 -18.3
v 27.8 10.05 -18.3
v 27.8 9.949998 -18.3
v 27.8 9.949998 -18.7
v 27.8 10.05 -18.3
v 27.8 10.05 -18.7
v 27.8 9.949998 -18.7
v 28.2 9.949998 -18.7
v 27.8 10.05 -18.7
v 28.2 10.05 -18.7
v 28.2 9.949998 -18.7
v 28.2 9.949998 -18.3
v 28.2 10.05 -18.7
v 28.2 10.05 -18.3
v 28.2 10.05 -18.3
v 27.8 10.05 -18.3
v 28.2 10.05 -18.7
v 27.8 10.05 -18.7
v 28.2 9.949998 -18.7
v 27.8 9.949998 -18.7
v 28.2 9.949998 -18.3
v 27.8 9.949998 -18.3
v 2.200001 10.95 1.199999
v 1.800003 10.95 1.199999
v 2.200001 11.05 1.199999
v 1.800003 11.05 1.199999
v 1.800003 10.95 1.199999
v 1.800003 10.95 0.7999993
v 1.800003 11.05 1.199999
v 1.800003 11.05 0.7999993
v 1.800003 10.95 0.7999993
v 2.200001 10.95 0.7999993
v 1.800003 11.05 0.7999993
v 2.200001 11.05 0.7999993
v 2.200001 10.95 0.7999993
v 2.200001 10.95 1.199999
v 2.200001 11.05 0.7999993
v 2.200001 11.05 1.199999
v 2.200001 11.05 1.199999
v 1.800003 11.05 1.199999
v 2.200001 11.05 0.7999993
v 1.800003 11.05 0.7999993
v 2.200001 10.95 0.7999993
v 1.800003 10.95 0.7999993
v 2.200001 10.95 1.199999
v 1.800003 10.95 1.199999
v 31.7 14.95 -25.3
v 31.3 14.95 -25.3
v 31.7 15.05 -25.3
v 31.3 15.05 -25.3
v 31.3 14.95 -25.3
v 31.3 14.95 -25.7
v 31.3 15.05 -25.3
v 31.3 15.05 -25.7
v 31.3 14.95 -25.7
v 31.7 14.95 -25.7
v 31.3 15.05 -25.7
v 31.7 15.05 -25.7
v 31.7 14.95 -25.7
v 31.7 14.95 -25.3
v 31.7 15.05 -25.7
v 31.7 15.05 -25.3
v 31.7 15.05 -25.3
v 31.3 15.05 -25.3
v 31.7 15.05 -25.7
v 31.3 15.05 -25.7
v 31.7 14.95 -25.7
v 31.3 14.95 -25.7
v 31.7 14.95 -25.3
v 31.3 14.95 -25.3
v 36 4 -3
v 35 4 -3
v 36 14 -3
v 35 14 -3
v 36 14 -3
v 35 14 -3
v 36 14 1
v 35 14 1
v 35 14 -3
v 35 18 -3
v 35 14 1
v 35 18 1
v 35 4 1
v 36 4 1
v 35 14 1
v 36 14 1
v 35 12 8
v 35 4 8
v 35 14 1
v 35 4 1
v 35 14 8
v 35 18 8
v 35 18 1
v 35 18 -3
v 35 14 -3
v 35 18 -5
v 35 4 -3
v 35 4 -5
v 51 9 2
v 48 9 2
v 51 12 2
v 48 12 2
v 48 9 2
v 48 9 1
v 48 12 2
v 48 12 1
v 48 9 1
v 51 9 1
v 48 12 1
v 51 12 1
v 51 12 2
v 48 12 2
v 51 12 1
v 48 12 1
v 42 9 11
v 42 9 1
v 42 12 11
v 42 12 1
v 43 9 2
v 43 9 11
v 43 12 2
v 43 12 11
v 45 9 2
v 45 12 2
v 45 9 1
v 45 12 1
v 43 9 2
v 43 12 2
v 45 9 2
v 45 12 2
v 42 12 1
v 42 9 1
v 45 12 1
v 45 9 1
v 45 12 2
v 42 12 1
v 45 12 1
v 43 12 2
v 43 12 2
v 42 12 11
v 42 12 1
v 43 12 11
v 13 9 1
v 9 9 -5
v 9 9 1
v 13 9 -5
v 9 4 1
v 13 9 1
v 9 9 1
v 13 4 1
v 13 4 -5
v 9 9 -5
v 13 9 -5
v 9 4 -5
v 13 9 1
v 13 18 -5
v 13 9 -5
v 13 18 1
v 13 4 1
v 13 4 8
v 13 18 8
v 13 9 1
v 13 18 1
v 13 4 -10
v 13 4 -5
v 13 18 -10
v 13 9 -5
v 13 18 -5
v 14 4 -11
v 14 4 -10
v 14 9 -11
v 14 9 -10
v 18 4 -10
v 18 4 -11
v 18 9 -10
v 18 9 -11
v 18 18 -10
v 18 9 -10
v 14 18 -10
v 14 9 -10
v 18 9 -10
v 18 9 -11
v 14 9 -10
v 14 9 -11
v 18 9 -11
v 18 18 -11
v 14 9 -11
v 14 18 -11
v 13 18 -10
v 14 18 -10
v 13 4 -10
v 14 9 -10
v 14 4 -10
v 18 4 -10
v 18 9 -10
v 19 4 -10
v 18 18 -10
v 19 18 -10
v 13 4 -11
v 14 4 -11
v 13 18 -11
v 14 9 -11
v 14 18 -11
v 18 18 -11
v 18 9 -11
v 19 18 -11
v 18 4 -11
v 19 4 -11
v -10 14 -37
v -10 18 -37
v -14 14 -37
v -14 18 -37
v -10 18 -49
v -10 14 -49
v -14 18 -49
v -14 14 -49
v -15 18 -49
v -14 18 -49
v -15 10 -49
v -14 14 -49
v -14 10 -49
v -10 18 -49
v -9 18 -49
v -10 14 -49
v -9 10 -49
v -10 10 -49
v -14 18 -37
v -15 18 -37
v -14 14 -37
v -15 10 -37
v -14 10 -37
v -15 18 -37
v -15 18 -49
v -15 10 -37
v -15 10 -49
v -9 18 -37
v -10 18 -37
v -9 10 -37
v -10 14 -37
v -10 10 -37
v -9 10 -49
v -9 18 -49
v -9 10 -37
v -9 18 -37
v 32 4 8
v 13 18 8
v 13 4 8
v 32 18 8
v 32 4 11
v 32 18 8
v 32 4 8
v 32 18 11
v 35 4 11
v 32 18 11
v 32 4 11
v 35 18 11
v 35 4 10
v 35 4 8
v 35 12 10
v 35 12 8
v 35 18 8
v 35 18 10
v 35 14 10
v 35 14 8
v 35 12 10
v 35 4 11
v 35 4 10
v 35 18 11
v 35 14 10
v 35 18 10
v 36 14 10
v 35 14 8
v 35 14 10
v 36 14 8
v 36 12 8
v 35 12 10
v 35 12 8
v 36 12 10
v 35 14 8
v 36 12 8
v 35 12 8
v 36 14 8
v 36 14 10
v 35 12 10
v 36 12 10
v 35 14 10
v -5 10 -50
v -5 10 -43
v -5 18 -50
v -5 18 -43
v -5 18 -43
v 9 10 -43
v 9 18 -43
v -5 10 -43
v 0 18 -48
v 0 10 -69
v 0 18 -69
v 0 10 -48
v 14 18 -48
v 0 10 -48
v 0 18 -48
v 14 10 -48
v 22 18 -48
v 18 4 -48
v 18 18 -48
v 22 4 -48
v 22 18 -40
v 22 4 -48
v 22 18 -48
v 22 4 -40
v 19 18 -17
v 19 9 -20
v 19 18 -20
v 19 9 -17
v 19 4 -11
v 19 4 -17
v 19 18 -11
v 19 9 -17
v 19 18 -17
v 19 18 -20
v 19 9 -20
v 19 18 -40
v 19 4 -20
v 19 4 -40
v 22 4 -40
v 22 18 -40
v 19 18 -40
v 19 4 -40
v -22 10 -50
v -16 18 -50
v -16 10 -50
v -22 18 -50
v -14 10 -37
v -14 10 -36
v -14 14 -37
v -14 14 -36
v -10 10 -36
v -10 10 -37
v -10 14 -36
v -10 14 -37
v -10 18 -36
v -10 14 -36
v -14 18 -36
v -14 14 -36
v -10 14 -36
v -10 14 -37
v -14 14 -36
v -14 14 -37
v -14 18 -36
v -14 14 -36
v -16 18 -36
v -14 10 -36
v -16 10 -36
v -16 10 -36
v -16 10 -50
v -16 18 -36
v -16 18 -50
v -9 10 -36
v -10 10 -36
v -9 18 -36
v -10 14 -36
v -10 18 -36
v 18 15 -73
v 15 15 -73
v 18 15 -74
v 15 15 -74
v 15 14 -73
v 15 15 -74
v 15 15 -73
v 15 14 -74
v 11 14 -73
v 15 14 -74
v 15 14 -73
v 11 14 -74
v 11 13 -73
v 11 14 -74
v 11 14 -73
v 11 13 -74
v 7 13 -73
v 11 13 -74
v 11 13 -73
v 7 13 -74
v 7 12 -73
v 7 13 -74
v 7 13 -73
v 7 12 -74
v 3 12 -73
v 7 12 -74
v 7 12 -73
v 3 12 -74
v 3 11 -73
v 3 12 -74
v 3 12 -73
v 3 11 -74
v 0 11 -73
v 3 11 -74
v 3 11 -73
v 0 11 -74
v 0 4 -73
v 0 11 -74
v 0 11 -73
v 0 4 -74
v 0 11 -74
v 0 4 -74
v 3 11 -74
v 18 4 -74
v 3 12 -74
v 7 12 -74
v 7 13 -74
v 11 13 -74
v 11 14 -74
v 15 14 -74
v 18 15 -74
v 15 15 -74
v 15 14 -73
v 15 15 -73
v 18 15 -73
v 18 4 -73
v 11 13 -73
v 11 14 -73
v 7 12 -73
v 7 13 -73
v 3 11 -73
v 3 12 -73
v 0 4 -73
v 0 11 -73
v -5 18 -66
v -15 4 -66
v -15 18 -66
v -5 4 -66
v -5 18 -80
v -5 4 -66
v -5 18 -66
v -5 4 -80
v 4 18 -80
v -5 4 -80
v -5 18 -80
v 4 4 -80
v 4 18 -81
v 4 4 -80
v 4 18 -80
v 4 4 -81
v 49 18 -81
v 4 4 -81
v 4 18 -81
v 49 4 -81
v 20 9 -20
v 19 9 -17
v 20 9 -17
v 19 9 -20
v -29 4 19
v -29 18 -47
v -29 4 -47
v -29 18 19
v -16 4 19
v -29 18 19
v -29 4 19
v -16 18 19
v -16 4 11
v -16 18 19
v -16 4 19
v -16 18 11
v -4 4 1
v -4 4 7
v -4 11 1
v -4 11 7
v 9 4 7
v -4 11 7
v -4 4 7
v 9 11 7
v 9 4 1
v 9 11 7
v 9 4 7
v 9 11 1
v 9 9 -5
v 9 11 1
v 9 9 1
v 9 11 -5
v -4 4 -5
v 9 11 -5
v 9 4 -5
v -4 11 -5
v -4 11 -5
v -4 9 1
v -4 11 1
v -4 9 -5
v 9 11 7
v -4 11 1
v -4 11 7
v 9 11 1
v -4 11 1
v 9 11 -5
v -4 11 -5
v 9 11 1
v -4 18 -5
v -23 4 -5
v -23 18 -5
v -4 4 -5
v -4 9 1
v -5 9 -5
v -5 9 1
v -4 9 -5
v -5 13 1
v -4 4 1
v -4 11 1
v -5 4 1
v 40 4 -39
v 40 15 -30
v 40 15 -39
v 40 4 -30
v 43 4 -30
v 43 15 -39
v 43 15 -30
v 43 4 -39
v 44 15 -30
v 43 4 -30
v 43 15 -30
v 44 4 -30
v 44 15 -29
v 44 4 -30
v 44 15 -30
v 44 4 -29
v 53 15 -29
v 44 4 -29
v 44 15 -29
v 53 4 -29
v 43 15 -30
v 40 15 -39
v 40 15 -30
v 43 15 -39
v 39 4 -30
v 40 15 -30
v 40 4 -30
v 39 15 -30
v 39 4 -29
v 39 15 -30
v 39 4 -30
v 39 15 -29
v 38 4 -29
v 39 15 -29
v 39 4 -29
v 38 15 -29
v 38 4 -28
v 38 15 -29
v 38 4 -29
v 38 15 -28
v 28 4 -28
v 38 15 -28
v 38 4 -28
v 28 15 -28
v 28 4 -23
v 28 15 -28
v 28 4 -28
v 28 15 -23
v 38 15 -23
v 38 10 -19
v 38 15 -19
v 38 10 -23
v 28 15 -23
v 28 10 -23
v 31 15 -23
v 31 10 -23
v 38 10 -23
v 38 15 -23
v 31 15 -23
v 31 10 -23
v 38 15 -28
v 28 15 -28
v 31 15 -23
v 28 15 -23
v 38 15 -23
v 40 15 -30
v 39 15 -29
v 38 15 -19
v 39 15 -30
v 38 15 -29
v 43 15 -30
v 46 15 -19
v 44 15 -29
v 44 15 -30
v 49 15 -19
v 53 15 -19
v 53 15 -29
v 53 15 -19
v 53 4 -19
v 53 15 -29
v 53 4 -29
v 46 10 11
v 36 18 11
v 36 10 11
v 46 18 11
v 46 10 17
v 46 18 11
v 46 10 11
v 46 18 17
v 51 10 17
v 46 18 17
v 46 10 17
v 51 18 17
v 51 10 2
v 51 18 17
v 51 10 17
v 51 18 2
v 46 15 -9
v 49 18 -9
v 49 15 -9
v 46 18 -9
v 36 10 -13
v 43 18 -13
v 43 10 -13
v 36 18 -13
v 46 18 -9
v 46 15 -9
v 43 18 -9
v 46 10 -9
v 43 10 -9
v 43 10 -9
v 43 10 -13
v 43 18 -9
v 43 18 -13
v 51 10 -9
v 49 10 -9
v 51 18 -9
v 49 15 -9
v 49 18 -9
v 51 18 2
v 51 10 2
v 51 18 -9
v 51 10 -9
v 18 10 -48
v 18 10 -69
v 18 17 -48
v 18 17 -69
v 14 10 -69
v 14 10 -48
v 14 17 -69
v 14 17 -48
v 18 18 -48
v 18 17 -48
v 14 18 -48
v 14 17 -48
v 18 17 -48
v 18 17 -69
v 14 17 -48
v 14 17 -69
v 18 17 -69
v 18 18 -69
v 14 17 -69
v 14 18 -69
v 0 10 -69
v 14 10 -69
v 0 18 -69
v 14 17 -69
v 14 18 -69
v 18 18 -69
v 18 17 -69
v 18 18 -75
v 18 10 -69
v 18 10 -75
v 36 18 -3
v 36 14 -3
v 36 18 1
v 36 14 1
v 36 4 8
v 36 4 10
v 36 12 10
v 36 12 8
v 36 4 11
v 36 12 10
v 36 4 10
v 36 18 11
v 36 14 10
v 36 18 10
v 36 4 -13
v 36 4 -3
v 36 10 -13
v 36 14 -3
v 36 18 -3
v 36 18 -13
v 36 18 8
v 36 18 1
v 36 14 8
v 36 14 1
v 36 4 1
v 36 4 8
v 36 12 8
v 36 18 10
v 36 18 8
v 36 14 8
v 36 14 10
v -14 10 -50
v -14 10 -49
v -14 14 -50
v -14 14 -49
v -10 10 -49
v -10 10 -50
v -10 14 -49
v -10 14 -50
v -10 14 -50
v -10 18 -50
v -14 14 -50
v -14 18 -50
v -10 14 -49
v -10 14 -50
v -14 14 -49
v -14 14 -50
v -15 10 -50
v -14 10 -50
v -15 18 -50
v -14 14 -50
v -14 18 -50
v -15 10 -66
v -15 10 -50
v -15 18 -50
v -15 18 -66
v -10 18 -50
v -10 14 -50
v -9 18 -50
v -10 10 -50
v -9 10 -50
v -5 10 -50
v -5 18 -50
v -9 18 -50
v -9 10 -50
v -9 18 -25
v -9 4 -36
v -9 18 -36
v -9 4 -25
v -23 18 -25
v -9 4 -25
v -9 18 -25
v -23 4 -25
v -23 18 -5
v -23 4 -25
v -23 18 -25
v -23 4 -5
v -22 4 -47
v -22 18 -50
v -22 4 -50
v -22 18 -47
v -29 10 -47
v -22 18 -47
v -22 10 -47
v -29 18 -47
v -22 10 -50
v -29 10 -47
v -22 10 -47
v -29 10 -50
v -22 4 -50
v -29 10 -50
v -22 10 -50
v -29 4 -50
v -29 4 -47
v -29 10 -50
v -29 4 -50
v -29 10 -47
v -22 4 -36
v -22 11 -47
v -22 4 -47
v -22 11 -36
v -23 4 -36
v -22 11 -36
v -22 4 -36
v -23 11 -36
v -23 4 -50
v -23 11 -36
v -23 4 -36
v -23 11 -50
v -23 11 -36
v -22 11 -47
v -22 11 -36
v -23 11 -50
v 43 9 -75
v 43 9 -66
v 43 15 -75
v 43 15 -66
v 31 9 -66
v 43 15 -66
v 43 9 -66
v 31 15 -66
v 42 15 -75
v 43 9 -75
v 43 15 -75
v 42 9 -75
v 42 15 -67
v 42 9 -75
v 42 15 -75
v 42 9 -67
v 31 15 -67
v 42 9 -67
v 42 15 -67
v 31 9 -67
v 42 15 -67
v 43 15 -75
v 43 15 -66
v 42 15 -75
v 31 15 -67
v 43 15 -66
v 31 15 -66
v 42 15 -67
v 19 4 -5
v 35 18 -5
v 35 4 -5
v 19 18 -5
v 19 4 -10
v 19 18 -5
v 19 4 -5
v 19 18 -10
v 28 4 -21
v 20 4 -21
v 28 10 -21
v 20 10 -21
v 20 4 -20
v 20 9 -21
v 20 4 -21
v 20 9 -20
v 19 4 -20
v 20 9 -20
v 20 4 -20
v 19 9 -20
v 28 10 -23
v 28 4 -21
v 28 10 -21
v 28 4 -23
v 20 4 -16
v 33 10 -16
v 20 10 -16
v 33 4 -16
v 20 9 -17
v 20 4 -16
v 20 9 -16
v 20 4 -17
v 19 9 -17
v 20 4 -17
v 20 9 -17
v 19 4 -17
v 20 10 -16
v 20 9 -17
v 20 9 -16
v 20 10 -17
v 20 10 -20
v 20 9 -21
v 20 9 -20
v 20 10 -21
v 20 9 -17
v 20 10 -20
v 20 9 -20
v 20 10 -17
v 33 4 -21
v 33 10 -16
v 33 4 -16
v 33 10 -21
v 31 4 -21
v 33 10 -21
v 33 4 -21
v 31 10 -21
v 31 4 -23
v 31 10 -21
v 31 4 -21
v 31 10 -23
v 31 10 -21
v 28 10 -23
v 28 10 -21
v 31 10 -23
v 20 10 -20
v 33 10 -16
v 33 10 -21
v 20 10 -17
v 20 10 -21
v 20 10 -16
v 19 18 -67
v 31 4 -67
v 31 18 -67
v 19 4 -67
v 19 18 -75
v 19 4 -67
v 19 18 -67
v 19 4 -75
v 18 18 -75
v 19 4 -75
v 19 18 -75
v 18 4 -75
v 31 4 -44
v 31 18 -44
v 31 4 -67
v 31 18 -67
v 12 4 -16
v 12 4 -36
v 12 11 -16
v 12 11 -36
v 12 4 -36
v 13 4 -36
v 12 11 -36
v 13 11 -36
v 13 4 -36
v 13 4 -16
v 13 11 -36
v 13 11 -16
v 13 11 -16
v 12 11 -16
v 13 11 -36
v 12 11 -36
v -4 18 -21
v -4 4 -5
v -4 18 -5
v -4 4 -21
v 2 4 11
v -16 18 11
v -16 4 11
v 2 18 11
v 2 11 -7
v 2 18 11
v 2 11 11
v 2 18 -16
v 9 18 -21
v -4 4 -21
v -4 18 -21
v 9 4 -21
v 9 18 -43
v 9 4 -21
v 9 18 -21
v 9 4 -43
v 2 18 -16
v 2 11 -7
v 2 9 -16
v 13 18 -16
v 13 11 -16
v 13 18 -11
v 13 4 -16
v 13 4 -11
v 2 4 -16
v 13 4 -16
v 2 9 -16
v 13 11 -16
v 13 18 -16
v 2 18 -16
v 49 18 -44
v 49 4 -81
v 49 18 -81
v 49 4 -44
v 48 18 -44
v 49 4 -44
v 49 18 -44
v 48 4 -44
v 40 18 -39
v 43 15 -39
v 43 18 -39
v 40 15 -39
v 31 18 -44
v 35 4 -44
v 35 18 -44
v 31 4 -44
v 35 4 -39
v 40 4 -39
v 35 18 -39
v 40 15 -39
v 40 18 -39
v 35 4 -44
v 35 4 -39
v 35 18 -39
v 35 18 -44
v 43 18 -39
v 43 15 -39
v 48 18 -39
v 43 4 -39
v 48 4 -39
v 48 4 -44
v 48 18 -44
v 48 18 -39
v 48 4 -39
v 46 10 -19
v 46 10 -9
v 46 15 -19
v 46 15 -9
v 38 15 -19
v 46 10 -19
v 46 15 -19
v 38 10 -19
v 49 15 -19
v 53 4 -19
v 53 15 -19
v 49 4 -19
v 49 15 -9
v 49 4 -19
v 49 15 -19
v 49 4 -9
v 46 15 -19
v 49 15 -9
v 49 15 -19
v 46 15 -9
v -22 4 2
v -22 13 12
v -22 13 2
v -22 4 12
v -23 4 12
v -23 13 1
v -23 13 12
v -23 4 1
v -4 13 2
v -22 4 2
v -22 13 2
v -4 4 2
v -5 4 1
v -23 13 1
v -23 4 1
v -5 13 1
v -5 9 -5
v -5 13 1
v -5 9 1
v -5 13 -5
v -4 13 -5
v -4 11 2
v -4 13 2
v -4 11 -5
v -5 13 1
v -4 13 -5
v -4 13 2
v -5 13 -5
v -22 13 2
v -23 13 12
v -23 13 1
v -22 13 12
v -22 13 2
v -5 13 1
v -4 13 2
v -23 13 1
v -23.045 15 -10
v -23.045 16 -10
v -23.045 15 -9
v -23.045 16 -9
v -23.05 15 -13
v -23.05 16 -13
v -23.05 15 -12
v -23.05 16 -12
v -18 15 -49.95
v -18 16 -49.95
v -17 15 -49.95
v -17 16 -49.95
v -23.05 15 -23
v -23.05 16 -23
v -23.05 15 -22
v -23.05 16 -22
v 0 16 -43.05
v 0 17 -43.05
v -1 16 -43.05
v -1 17 -43.05
v 31.05 16 -54
v 31.05 17 -54
v 31.05 16 -55
v 31.05 17 -55
v -21 15 -49.95
v -21 16 -49.95
v -20 15 -49.95
v -20 16 -49.95
v 4 16 -43.05
v 4 17 -43.05
v 3 16 -43.05
v 3 17 -43.05

vn 0 0 1
vn 0 0 1
vn 0 0 1
vn 0 0 1
vn -1 0 0
vn -1 0 0
vn -1 0 0
vn -1 0 0
vn 0 0 -1
vn 0 0 -1
vn 0 0 -1
vn 0 0 -1
vn 1 0 0
vn 1 0 0
vn 1 0 0
vn 1 0 0
vn 0 1 0
vn 0 1 0
vn 0 1 0
vn 0 1 0
vn 0 -1 0
vn 0 -1 0
vn 0 -1 0
vn 0 -1 0
vn 0 0 1
vn 0 0 1
vn 0 0 1
vn 0 0 1
vn -1 0 0
vn -1 0 0
vn -1 0 0
vn -1 0 0
vn 0 0 -1
vn 0 0 -1
vn 0 0 -1
vn 0 0 -1
vn 1 0 0
vn 1 0 0
vn 1 0 0
vn 1 0 0
vn 0 1 0
vn 0 1 0
vn 0 1 0
vn 0 1 0
vn 0 -1 0
vn 0 -1 0
vn 0 -1 0
vn 0 -1 0
vn 0 0 1
vn 0 0 1
vn 0 0 1
vn 0 0 1
vn -1 0 0
vn -1 0 0
vn -1 0 0
vn -1 0 0
vn 0 0 -1
vn 0 0 -1
vn 0 0 -1
vn 0 0 -1
vn 1 0 0
vn 1 0 0
vn 1 0 0
vn 1 0 0
vn 0 1 0
vn 0 1 0
vn 0 1 0
vn 0 1 0
vn 0 -1 0
vn 0 -1 0
vn 0 -1 0
vn 0 -1 0
vn 0 0 1
vn 0 0 1
vn 0 0 1
vn 0 0 1
vn -1 0 0
vn -1 0 0
vn -1 0 0
vn -1 0 0
vn 0 0 -1
vn 0 0 -1
vn 0 0 -1
vn 0 0 -1
vn 1 0 0
vn 1 0 0
vn 1 0 0
vn 1 0 0
vn 0 1 0
vn 0 1 0
vn 0 1 0
vn 0 1 0
vn 0 -1 0
vn 0 -1 0
vn 0 -1 0
vn 0 -1 0
vn 0 0 1
vn 0 0 1
vn 0 0 1
vn 0 0 1
vn -1 0 0
vn -1 0 0
vn -1 0 0
vn -1 0 0
vn 0 0 -1
vn 0 0 -1
vn 0 0 -1
vn 0 0 -1
vn 1 0 0
vn 1 0 0
vn 1 0 0
vn 1 0 0
vn 0 1 0
vn 0 1 0
vn 0 1 0
vn 0 1 0
vn 0 -1 0
vn 0 -1 0
vn 0 -1 0
vn 0 -1 0
vn 0 0 1
vn 0 0 1
vn 0 0 1
vn 0 0 1
vn -1 0 0
vn -1 0 0
vn -1 0 0
vn -1 0 0
vn 0 0 -1
vn 0 0 -1
vn 0 0 -1
vn 0 0 -1
vn 1 0 0
vn 1 0 0
vn 1 0 0
vn 1 0 0
vn 0 1 0
vn 0 1 0
vn 0 1 0
vn 0 1 0
vn 0 -1 0
vn 0 -1 0
vn 0 -1 0
vn 0 -1 0
vn 0 0 1
vn 0 0 1
vn 0 0 1
vn 0 0 1
vn -1 0 0
vn -1 0 0
vn -1 0 0
vn -1 0 0
vn 0 0 -1
vn 0 0 -1
vn 0 0 -1
vn 0 0 -1
vn 1 0 0
vn 1 0 0
vn 1 0 0
vn 1 0 0
vn 0 1 0
vn 0 1 0
vn 0 1 0
vn 0 1 0
vn 0 -1 0
vn 0 -1 0
vn 0 -1 0
vn 0 -1 0
vn 0 0 1
vn 0 0 1
vn 0 0 1
vn 0 0 1
vn -1 0 0
vn -1 0 0
vn -1 0 0
vn -1 0 0
vn 0 0 -1
vn 0 0 -1
vn 0 0 -1
vn 0 0 -1
vn 1 0 0
vn 1 0 0
vn 1 0 0
vn 1 0 0
vn 0 1 0
vn 0 1 0
vn 0 1 0
vn 0 1 0
vn 0 -1 0
vn 0 -1 0
vn 0 -1 0
vn 0 -1 0
vn 0 0 1
vn 0 0 1
vn 0 0 1
vn 0 0 1
vn -1 0 0
vn -1 0 0
vn -1 0 0
vn -1 0 0
vn 0 0 -1
vn 0 0 -1
vn 0 0 -1
vn 0 0 -1
vn 1 0 0
vn 1 0 0
vn 1 0 0
vn 1 0 0
vn 0 1 0
vn 0 1 0
vn 0 1 0
vn 0 1 0
vn 0 -1 0
vn 0 -1 0
vn 0 -1 0
vn 0 -1 0
vn 0 0 1
vn 0 0 1
vn 0 0 1
vn 0 0 1
vn -1 0 0
vn -1 0 0
vn -1 0 0
vn -1 0 0
vn 0 0 -1
vn 0 0 -1
vn 0 0 -1
vn 0 0 -1
vn 0 1 0
vn 0 1 0
vn 0 1 0
vn 0 1 0
vn -1 0 0
vn -1 0 0
vn -1 0 0
vn -1 0 0
vn 0 0 -1
vn 0 0 -1
vn 0 0 -1
vn 0 0 -1
vn 0 1 0
vn 0 1 0
vn 0 1 0
vn 0 1 0
vn -1 0 0
vn -1 0 0
vn -1 0 0
vn -1 0 0
vn 0 0 -1
vn 0 0 -1
vn 0 0 -1
vn 0 0 -1
vn 0 0 -1
vn 0 0 -1
vn 0 0 -1
vn 0 0 -1
vn -1 0 0
vn -1 0 0
vn -1 0 0
vn -1 0 0
vn 0 1 0
vn 0 1 0
vn 0 1 0
vn 0 1 0
vn 0 1 0
vn 0 1 0
vn 0 1 0
vn 0 1 0
vn 0 0 1
vn 0 0 1
vn 0 0 1
vn 0 0 1
vn 0 1 0
vn 0 1 0
vn 0 1 0
vn 0 1 0
vn 0 0 1
vn 0 0 1
vn 0 0 1
vn 0 0 1
vn -1 0 0
vn -1 0 0
vn -1 0 0
vn -1 0 0
vn 1 0 0
vn 1 0 0
vn 1 0 0
vn 1 0 0
vn 0 1 0
vn 0 1 0
vn 0 1 0
vn 0 1 0
vn 0 0 1
vn 0 0 1
vn 0 0 1
vn 0 0 1
vn 0 0 -1
vn 0 0 -1
vn 0 0 -1
vn 0 0 -1
vn 1 0 0
vn 1 0 0
vn 1 0 0
vn 1 0 0
vn 0 1 0
vn 0 1 0
vn 0 1 0
vn 0 1 0
vn 0 0 -1
vn 0 0 -1
vn 0 0 -1
vn 0 0 -1
vn 1 0 0
vn 1 0 0
vn 1 0 0
vn 1 0 0
vn 0 0 1
vn 0 0 1
vn 0 0 1
vn 0 0 1
vn 0 1 0
vn 0 1 0
vn 0 1 0
vn 0 1 0
vn 0 0 1
vn 0 0 1
vn 0 0 1
vn 0 0 1
vn -1 0 0
vn -1 0 0
vn -1 0 0
vn -1 0 0
vn 0 1 0
vn 0 1 0
vn 0 1 0
vn 0 1 0
vn 0 0 1
vn 0 0 1
vn 0 0 1
vn 0 0 1
vn -1 0 0
vn -1 0 0
vn -1 0 0
vn -1 0 0
vn 0 0 -1
vn 0 0 -1
vn 0 0 -1
vn 0 0 -1
vn 0 1 0
vn 0 1 0
vn 0 1 0
vn 0 1 0
vn 0 0 -1
vn 0 0 -1
vn 0 0 -1
vn 0 0 -1
vn 1 0 0
vn 1 0 0
vn 1 0 0
vn 1 0 0
vn 0 1 0
vn 0 1 0
vn 0 1 0
vn 0 1 0
vn -1 0 0
vn -1 0 0
vn -1 0 0
vn -1 0 0
vn 0 0 -1
vn 0 0 -1
vn 0 0 -1
vn 0 0 -1
vn 1 0 0
vn 1 0 0
vn 1 0 0
vn 1 0 0
vn 0 1 0
vn 0 1 0
vn 0 1 0
vn 0 1 0
vn 0 0 1
vn 0 0 1
vn 0 0 1
vn 0 0 1
vn -1 0 0
vn -1 0 0
vn -1 0 0
vn -1 0 0
vn 0 0 -1
vn 0 0 -1
vn 0 0 -1
vn 0 0 -1
vn 1 0 0
vn 1 0 0
vn 1 0 0
vn 1 0 0
vn 0 1 0
vn 0 1 0
vn 0 1 0
vn 0 1 0
vn 0 -1 0
vn 0 -1 0
vn 0 -1 0
vn 0 -1 0
vn 0 0 1
vn 0 0 1
vn 0 0 1
vn 0 0 1
vn -1 0 0
vn -1 0 0
vn -1 0 0
vn -1 0 0
vn 0 0 -1
vn 0 0 -1
vn 0 0 -1
vn 0 0 -1
vn 1 0 0
vn 1 0 0
vn 1 0 0
vn 1 0 0
vn 0 1 0
vn 0 1 0
vn 0 1 0
vn 0 1 0
vn 0 -1 0
vn 0 -1 0
vn 0 -1 0
vn 0 -1 0
vn -1 0 0
vn -1 0 0
vn -1 0 0
vn -1 0 0
vn 0 0 -1
vn 0 0 -1
vn 0 0 -1
vn 0 0 -1
vn 1 0 0
vn 1 0 0
vn 1 0 0
vn 1 0 0
vn 0 1 0
vn 0 1 0
vn 0 1 0
vn 0 1 0
vn 0 1 0
vn 0 1 0
vn 0 1 0
vn 0 1 0
vn 0 1 0
vn 0 0 -1
vn 0 0 -1
vn 0 0 -1
vn 0 0 -1
vn 0 0 1
vn 0 0 1
vn 0 0 1
vn 0 0 1
vn -1 0 0
vn -1 0 0
vn -1 0 0
vn -1 0 0
vn 0 0 -1
vn 0 0 -1
vn 0 0 -1
vn 0 0 -1
vn 1 0 0
vn 1 0 0
vn 1 0 0
vn 1 0 0
vn 0 1 0
vn 0 1 0
vn 0 1 0
vn 0 1 0
vn 0 -1 0
vn 0 -1 0
vn 0 -1 0
vn 0 -1 0
vn 0 0 1
vn 0 0 1
vn 0 0 1
vn 0 0 1
vn -1 0 0
vn -1 0 0
vn -1 0 0
vn -1 0 0
vn 0 0 -1
vn 0 0 -1
vn 0 0 -1
vn 0 0 -1
vn 1 0 0
vn 1 0 0
vn 1 0 0
vn 1 0 0
vn 0 1 0
vn 0 1 0
vn 0 1 0
vn 0 1 0
vn 0 -1 0
vn 0 -1 0
vn 0 -1 0
vn 0 -1 0
vn 0 0 1
vn 0 0 1
vn 0 0 1
vn 0 0 1
vn -1 0 0
vn -1 0 0
vn -1 0 0
vn -1 0 0
vn 0 0 -1
vn 0 0 -1
vn 0 0 -1
vn 0 0 -1
vn 1 0 0
vn 1 0 0
vn 1 0 0
vn 1 0 0
vn 0 1 0
vn 0 1 0
vn 0 1 0
vn 0 1 0
vn 0 -1 0
vn 0 -1 0
vn 0 -1 0
vn 0 -1 0
vn 0 0 1
vn 0 0 1
vn 0 0 1
vn 0 0 1
vn -1 0 0
vn -1 0 0
vn -1 0 0
vn -1 0 0
vn 0 0 -1
vn 0 0 -1
vn 0 0 -1
vn 0 0 -1
vn 1 0 0
vn 1 0 0
vn 1 0 0
vn 1 0 0
vn 0 1 0
vn 0 1 0
vn 0 1 0
vn 0 1 0
vn 0 -1 0
vn 0 -1 0
vn 0 -1 0
vn 0 -1 0
vn 0 0.8944272 0.4472136
vn 0 0.8944272 0.4472136
vn 0 0.8944272 0.4472136
vn 0 0.8944272 0.4472136
vn -0.6 0.8000001 0
vn -0.6 0.8000001 0
vn -0.6 0.8000001 0
vn -0.6 0.8000001 0
vn 0 1 0
vn 0 1 0
vn 0 1 0
vn 0 1 0
vn 0 1 0
vn 0 1 0
vn 0 1 0
vn 0 1 0
vn 0 1 0
vn 0 1 0
vn 0 1 0
vn 0 1 0
vn 0 1 0
vn 0 1 0
vn 0 1 0
vn 0 1 0
vn 0 1 0
vn 0 1 0
vn 0 1 0
vn 0 1 0
vn 0 1 0
vn 0 1 0
vn 0 1 0
vn 0 1 0
vn 0 1 0
vn 0 1 0
vn 0 1 0
vn 0 1 0
vn 0 1 0
vn 0 1 0
vn 0 1 0
vn 0 1 0
vn -1 0 0
vn -1 0 0
vn -1 0 0
vn -1 0 0
vn 0 0.8000001 0.6
vn 0 0.8000001 0.6
vn 0 0.8000001 0.6
vn 0 0.8000001 0.6
vn 0 0 -1
vn 0 0 -1
vn 0 0 -1
vn 0 1 0
vn 0 1 0
vn 0 1 0
vn 0 1 0
vn 0 1 0
vn 0 1 0
vn 0 1 0
vn 0 1 0
vn 0 0 -1
vn 0 0 -1
vn 0 0 -1
vn 0 0 -1
vn 0 0 -1
vn 0 0 -1
vn 0 0 -1
vn 0 0 -1
vn 0 0.8944272 -0.4472136
vn 0 0.8944272 -0.4472136
vn 0 0.8944272 -0.4472136
vn 0 0.8944272 -0.4472136
vn 0 1 0
vn 0 1 0
vn 0 1 0
vn 0 1 0
vn 0 1 0
vn 0 1 0
vn 0 1 0
vn 0 1 0
vn 1 0 0
vn 1 0 0
vn 1 0 0
vn 1 0 0
vn -1 0 0
vn -1 0 0
vn -1 0 0
vn -1 0 0
vn 0 1 0
vn 0 1 0
vn 0 1 0
vn 0 1 0
vn 0 1 0
vn 0 1 0
vn 0 1 0
vn 0 1 0
vn 0 0.9138115 -0.4061384
vn 0 0.9138115 -0.4061384
vn 0 0.9138116 -0.4061385
vn 0 0.9138116 -0.4061385
vn 0 1 0
vn 0 1 0
vn 0 1 0
vn 0 1 0
vn 0 1 0
vn 0 1 0
vn 0 1 0
vn 0 1 0
vn 0 1 0
vn 0 1 0
vn 0 1 0
vn 0 1 0
vn 0 1 0
vn 0 1 0
vn 0 1 0
vn 0 1 0
vn 0 1 0
vn 0 1 0
vn 0 1 0
vn 0 1 0
vn 0 1 0
vn 0 1 0
vn 0 1 0
vn 0 1 0
vn 0 1 0
vn 0 1 0
vn 0 1 0
vn 0 1 0
vn 0 1 0
vn 0 1 0
vn 0 1 0
vn 0 1 0
vn 0 1 0
vn 0 1 0
vn 0 0.9230769 0.3846154
vn 0 0.9230769 0.3846154
vn 0 0.9230769 0.3846154
vn 0 0.9230769 0.3846154
vn 0 1 0
vn 0 1 0
vn 0 1 0
vn 0 1 0
vn 0 1 0
vn 0 1 0
vn 0 1 0
vn 0 1 0
vn 0 1 0
vn 0 1 0
vn 0 0.9999999 0
vn 0 1 0
vn 0 1 0
vn 0 1 0
vn 0 1 0
vn 0 1 0
vn 0 1 0
vn 0 1 0
vn 0 0.9999999 0
vn 0 1 0
vn 0 1 0
vn 0 1 0
vn 0 1 0
vn 0 1 0
vn 0 1 0
vn 0 1 0
vn 0 1 0
vn 0 1 0
vn 0 1 0
vn 0 1 0
vn 0 1 0
vn 0 1 0
vn 0 1 0
vn 0 1 0
vn 0 1 0
vn 0 1 0
vn 0 1 0
vn 0 1 0
vn 0 1 0
vn 0 1 0
vn 0 1 0
vn 0 1 0
vn 0 1 0
vn -0.2169305 0.9761871 0
vn -0.2169305 0.9761871 0
vn -0.2169305 0.9761871 0
vn -0.2169305 0.9761871 0
vn 0 0.9138116 0.4061385
vn 0 0.9138116 0.4061385
vn 0 0.9138116 0.4061385
vn 0 0.9138116 0.4061385
vn 0 1 0
vn 0 1 0
vn 0 1 0
vn 0 1 0
vn 0 1 0
vn 0 1 0
vn 0 1 0
vn 0 1 0
vn 0 1 0
vn 0 1 0
vn 0 1 0
vn 0 1 0
vn 0 1 0
vn 0 1 0
vn 0 1 0
vn 0 1 0
vn 0 1 0
vn 0 1 0
vn 0.2676439 0.9635179 0
vn 0.2676439 0.9635179 0
vn 0.2676439 0.9635179 0
vn 0.2676439 0.9635179 0
vn 0 1 0
vn 0 1 0
vn 0 1 0
vn 0 1 0
vn 0 1 0
vn 0 1 0
vn 0 1 0
vn 0 1 0
vn 0 0.9486833 -0.3162278
vn 0 0.9486833 -0.3162278
vn 0 0.9486833 -0.3162278
vn 0 0.9486833 -0.3162278
vn 0 1 0
vn 0 1 0
vn 0 1 0
vn 0 1 0
vn 0 1 0
vn 0 1 0
vn 0 1 0
vn 0 1 0
vn 0 0 -1
vn 0 0 -1
vn 0 0 -1
vn 0 0 -1
vn 0 1 0
vn 0 1 0
vn 0 1 0
vn 0 1 0
vn 0 1 0
vn 0 1 0
vn -0.3589791 0.9333457 0
vn -0.3589791 0.9333456 0
vn -0.3589791 0.9333456 0
vn -0.3589791 0.9333456 0
vn -0.3589791 0.9333456 0
vn -0.3589791 0.9333456 0
vn 0 0 -1
vn 0 0 -1
vn 0 0 -1
vn 0 0 -1
vn 0 1 0
vn 0 1 0
vn 0 1 0
vn 0 1 0
vn 0 1 0
vn 0 1 0
vn 0 1 0
vn 0 1 0
vn -1 0 0
vn -1 0 0
vn -1 0 0
vn -1 0 0
vn 0 1 0
vn 0 1 0
vn 0 1 0
vn 0 1 0
vn 0 1 0
vn 0 1 0
vn 0 1 0
vn 0 1 0
vn 0 1 0
vn 0 1 0
vn 0 1 0
vn 0 1 0
vn 0 1 0
vn 0 1 0
vn 0 1 0
vn 0 1 0
vn 0 1 0
vn 0 1 0
vn 0 1 0
vn 0 1 0
vn 0 1 0
vn 0 1 0
vn 0 1 0
vn 0 1 0
vn 0 1 0
vn 0 1 0
vn 0 1 0
vn 0 1 0
vn 0 1 0
vn 0 1 0
vn 0 1 0
vn 0 1 0
vn 0 0.8320503 -0.5547002
vn 0 0.8320503 -0.5547002
vn 0 0.8320503 -0.5547002
vn 0 0.8320503 -0.5547002
vn 0 0 -1
vn 0 0 -1
vn 0 0 -1
vn 0 0 -1
vn -1 0 0
vn -1 0 0
vn -1 0 0
vn 0 1 0
vn 0 1 0
vn 0 1 0
vn 0 1 0
vn 0 1 0
vn 0 1 0
vn 0 1 0
vn 0 1 0
vn 0 1 0
vn 0 1 0
vn 0 1 0
vn 0 1 0
vn 0 1 0
vn 0 0 0.9999999
vn 0 0 0.9999999
vn 0 0 0.9999999
vn 0 0 0.9999999
vn -1 0 0
vn -1 0 0
vn -1 0 0
vn -1 0 0
vn 0 0 -0.9999999
vn 0 0 -0.9999999
vn 0 0 -0.9999999
vn 0 0 -0.9999999
vn 1 0 0
vn 1 0 0
vn 1 0 0
vn 1 0 0
vn 0 1 0
vn 0 1 0
vn 0 1 0
vn 0 1 0
vn 0 -1 0
vn 0 -1 0
vn 0 -1 0
vn 0 -1 0
vn 0 0 0.9999999
vn 0 0 0.9999999
vn 0 0 0.9999999
vn 0 0 0.9999999
vn -1 0 0
vn -1 0 0
vn -1 0 0
vn -1 0 0
vn 0 0 -0.9999999
vn 0 0 -0.9999999
vn 0 0 -0.9999999
vn 0 0 -0.9999999
vn 1 0 0
vn 1 0 0
vn 1 0 0
vn 1 0 0
vn 0 1 0
vn 0 1 0
vn 0 1 0
vn 0 1 0
vn 0 -1 0
vn 0 -1 0
vn 0 -1 0
vn 0 -1 0
vn 0 0 0.9999999
vn 0 0 0.9999999
vn 0 0 0.9999999
vn 0 0 0.9999999
vn -1 0 0
vn -1 0 0
vn -1 0 0
vn -1 0 0
vn 0 0 -0.9999999
vn 0 0 -0.9999999
vn 0 0 -0.9999999
vn 0 0 -0.9999999
vn 1 0 0
vn 1 0 0
vn 1 0 0
vn 1 0 0
vn 0 1 0
vn 0 1 0
vn 0 1 0
vn 0 1 0
vn 0 -1 0
vn 0 -1 0
vn 0 -1 0
vn 0 -1 0
vn 0 0 0.9999999
vn 0 0 0.9999999
vn 0 0 0.9999999
vn 0 0 0.9999999
vn -1 0 0
vn -1 0 0
vn -1 0 0
vn -1 0 0
vn 0 0 -0.9999999
vn 0 0 -0.9999999
vn 0 0 -0.9999999
vn 0 0 -0.9999999
vn 1 0 0
vn 1 0 0
vn 1 0 0
vn 1 0 0
vn 0 1 0
vn 0 1 0
vn 0 1 0
vn 0 1 0
vn 0 -1 0
vn 0 -1 0
vn 0 -1 0
vn 0 -1 0
vn 0 0 0.9999999
vn 0 0 0.9999999
vn 0 0 0.9999999
vn 0 0 0.9999999
vn -1 0 0
vn -1 0 0
vn -1 0 0
vn -1 0 0
vn 0 0 -0.9999999
vn 0 0 -0.9999999
vn 0 0 -0.9999999
vn 0 0 -0.9999999
vn 1 0 0
vn 1 0 0
vn 1 0 0
vn 1 0 0
vn 0 1 0
vn 0 1 0
vn 0 1 0
vn 0 1 0
vn 0 -1 0
vn 0 -1 0
vn 0 -1 0
vn 0 -1 0
vn 0 0 0.9999999
vn 0 0 0.9999999
vn 0 0 0.9999999
vn 0 0 0.9999999
vn -1 0 0
vn -1 0 0
vn -1 0 0
vn -1 0 0
vn 0 0 -0.9999999
vn 0 0 -0.9999999
vn 0 0 -0.9999999
vn 0 0 -0.9999999
vn 1 0 0
vn 1 0 0
vn 1 0 0
vn 1 0 0
vn 0 1 0
vn 0 1 0
vn 0 1 0
vn 0 1 0
vn 0 -1 0
vn 0 -1 0
vn 0 -1 0
vn 0 -1 0
vn 0 0 1
vn 0 0 1
vn 0 0 1
vn 0 0 1
vn 0 -1 0
vn 0 -1 0
vn 0 -1 0
vn 0 -1 0
vn -1 0 0
vn -1 0 0
vn -1 0 0
vn -1 0 0
vn 0 0 -1
vn 0 0 -1
vn 0 0 -1
vn 0 0 -1
vn -1 0 0
vn -1 0 0
vn -1 0 0
vn -1 0 0
vn -1 0 0
vn -1 0 0
vn -1 0 0
vn -1 0 0
vn -1 0 0
vn -1 0 0
vn -1 0 0
vn -1 0 0
vn 0 0 1
vn 0 0 1
vn 0 0 1
vn 0 0 1
vn -1 0 0
vn -1 0 0
vn -1 0 0
vn -1 0 0
vn 0 0 -1
vn 0 0 -1
vn 0 0 -1
vn 0 0 -1
vn 0 1 0
vn 0 1 0
vn 0 1 0
vn 0 1 0
vn -1 0 0
vn -1 0 0
vn -1 0 0
vn -1 0 0
vn 1 0 0
vn 1 0 0
vn 1 0 0
vn 1 0 0
vn 1 0 0
vn 1 0 0
vn 1 0 0
vn 1 0 0
vn 0 0 1
vn 0 0 1
vn 0 0 1
vn 0 0 1
vn 0 0 -1
vn 0 0 -1
vn 0 0 -1
vn 0 0 -1
vn 0 1 0
vn 0 1 0
vn 0 1 0
vn 0 1 0
vn 0 1 0
vn 0 1 0
vn 0 1 0
vn 0 1 0
vn 0 -1 0
vn 0 -1 0
vn 0 -1 0
vn 0 -1 0
vn 0 0 -1
vn 0 0 -1
vn 0 0 -1
vn 0 0 -1
vn 0 0 1
vn 0 0 1
vn 0 0 1
vn 0 0 1
vn 1 0 0
vn 1 0 0
vn 1 0 0
vn 1 0 0
vn 1 0 0
vn 1 0 0
vn 1 0 0
vn 1 0 0
vn 1 0 0
vn 1 0 0
vn 1 0 0
vn 1 0 0
vn 1 0 0
vn 1 0 0
vn 1 0 0
vn 1 0 0
vn 1 0 0
vn 1 0 0
vn -1 0 0
vn -1 0 0
vn -1 0 0
vn -1 0 0
vn 0 0 1
vn 0 0 1
vn 0 0 1
vn 0 0 1
vn 0 -1 0
vn 0 -1 0
vn 0 -1 0
vn 0 -1 0
vn 0 0 -1
vn 0 0 -1
vn 0 0 -1
vn 0 0 -1
vn 0 0 1
vn 0 0 1
vn 0 0 1
vn 0 0 1
vn 0 0 1
vn 0 0 1
vn 0 0 1
vn 0 0 1
vn 0 0 1
vn 0 0 1
vn 0 0 -1
vn 0 0 -1
vn 0 0 -1
vn 0 0 -1
vn 0 0 -1
vn 0 0 -1
vn 0 0 -1
vn 0 0 -1
vn 0 0 -1
vn 0 0 -1
vn 0 0 -1
vn 0 0 -1
vn 0 0 -1
vn 0 0 -1
vn 0 0 1
vn 0 0 1
vn 0 0 1
vn 0 0 1
vn 0 0 1
vn 0 0 1
vn 0 0 1
vn 0 0 1
vn 0 0 1
vn 0 0 1
vn 0 0 1
vn 0 0 1
vn 0 0 1
vn 0 0 1
vn 0 0 -1
vn 0 0 -1
vn 0 0 -1
vn 0 0 -1
vn 0 0 -1
vn 1 0 0
vn 1 0 0
vn 1 0 0
vn 1 0 0
vn 0 0 -1
vn 0 0 -1
vn 0 0 -1
vn 0 0 -1
vn 0 0 -1
vn -1 0 0
vn -1 0 0
vn -1 0 0
vn -1 0 0
vn 0 0 -1
vn 0 0 -1
vn 0 0 -1
vn 0 0 -1
vn 1 0 0
vn 1 0 0
vn 1 0 0
vn 1 0 0
vn 0 0 -1
vn 0 0 -1
vn 0 0 -1
vn 0 0 -1
vn -1 0 0
vn -1 0 0
vn -1 0 0
vn -1 0 0
vn -1 0 0
vn -1 0 0
vn -1 0 0
vn -1 0 0
vn -1 0 0
vn -1 0 0
vn -1 0 0
vn -1 0 0
vn -1 0 0
vn -1 0 0
vn 0 -1 0
vn 0 -1 0
vn 0 -1 0
vn 0 -1 0
vn 0 1 0
vn 0 1 0
vn 0 1 0
vn 0 1 0
vn 0 0 1
vn 0 0 1
vn 0 0 1
vn 0 0 1
vn 0 0 -1
vn 0 0 -1
vn 0 0 -1
vn 0 0 -1
vn 1 0 0
vn 1 0 0
vn 1 0 0
vn 1 0 0
vn 0 0 -1
vn 0 0 -1
vn 0 0 -1
vn 0 0 -1
vn -1 0 0
vn -1 0 0
vn -1 0 0
vn -1 0 0
vn 0 0 1
vn 0 0 1
vn 0 0 1
vn 0 0 1
vn 0 0 1
vn 0 0 1
vn 0 0 1
vn 0 0 1
vn -1 0 0
vn -1 0 0
vn -1 0 0
vn -1 0 0
vn -1 0 0
vn -1 0 0
vn -1 0 0
vn -1 0 0
vn -1 0 0
vn -1 0 0
vn -1 0 0
vn -1 0 0
vn -1 0 0
vn -1 0 0
vn -1 0 0
vn -1 0 0
vn -1 0 0
vn -1 0 0
vn 0 0 -1
vn 0 0 -1
vn 0 0 -1
vn 0 0 -1
vn 0 0 1
vn 0 0 1
vn 0 0 1
vn 0 0 1
vn 1 0 0
vn 1 0 0
vn 1 0 0
vn 1 0 0
vn -1 0 0
vn -1 0 0
vn -1 0 0
vn -1 0 0
vn 0 0 1
vn 0 0 1
vn 0 0 1
vn 0 0 1
vn 0 -1 0
vn 0 -1 0
vn 0 -1 0
vn 0 -1 0
vn 0 0 1
vn 0 0 1
vn 0 0 1
vn 0 0 1
vn 0 0 1
vn -1 0 0
vn -1 0 0
vn -1 0 0
vn -1 0 0
vn 0 0 1
vn 0 0 1
vn 0 0 1
vn 0 0 1
vn 0 0 1
vn 0 1 0
vn 0 1 0
vn 0 1 0
vn 0 1 0
vn -1 0 0
vn -1 0 0
vn -1 0 0
vn -1 0 0
vn 0 1 0
vn 0 1 0
vn 0 1 0
vn 0 1 0
vn -1 0 0
vn -1 0 0
vn -1 0 0
vn -1 0 0
vn 0 1 0
vn 0 1 0
vn 0 1 0
vn 0 1 0
vn -1 0 0
vn -1 0 0
vn -1 0 0
vn -1 0 0
vn 0 1 0
vn 0 1 0
vn 0 1 0
vn 0 1 0
vn -1 0 0
vn -1 0 0
vn -1 0 0
vn -1 0 0
vn 0 1 0
vn 0 1 0
vn 0 1 0
vn 0 1 0
vn -1 0 0
vn -1 0 0
vn -1 0 0
vn -1 0 0
vn 0 0 -1
vn 0 0 -1
vn 0 0 -0.9999999
vn 0 0 -1
vn 0 0 -1
vn 0 0 -0.9999999
vn 0 0 -1
vn 0 0 -0.9999999
vn 0 0 -1
vn 0 0 -0.9999999
vn 0 0 -1
vn 0 0 -1
vn 0 0 0.9999999
vn 0 0 1
vn 0 0 1
vn 0 0 1
vn 0 0 0.9999999
vn 0 0 1
vn 0 0 0.9999999
vn 0 0 1
vn 0 0 0.9999999
vn 0 0 1
vn 0 0 1
vn 0 0 1
vn 0 0 1
vn 0 0 1
vn 0 0 1
vn 0 0 1
vn 1 0 0
vn 1 0 0
vn 1 0 0
vn 1 0 0
vn 0 0 1
vn 0 0 1
vn 0 0 1
vn 0 0 1
vn 1 0 0
vn 1 0 0
vn 1 0 0
vn 1 0 0
vn 0 0 1
vn 0 0 1
vn 0 0 1
vn 0 0 1
vn 0 -1 0
vn 0 -1 0
vn 0 -1 0
vn 0 -1 0
vn 1 0 0
vn 1 0 0
vn 1 0 0
vn 1 0 0
vn 0 0 -1
vn 0 0 -1
vn 0 0 -1
vn 0 0 -1
vn -1 0 0
vn -1 0 0
vn -1 0 0
vn -1 0 0
vn 1 0 0
vn 1 0 0
vn 1 0 0
vn 1 0 0
vn 0 0 -1
vn 0 0 -1
vn 0 0 -1
vn 0 0 -1
vn -1 0 0
vn -1 0 0
vn -1 0 0
vn -1 0 0
vn -1 0 0
vn -1 0 0
vn -1 0 0
vn -1 0 0
vn 0 0 1
vn 0 0 1
vn 0 0 1
vn 0 0 1
vn 1 0 0
vn 1 0 0
vn 1 0 0
vn 1 0 0
vn 0 -1 0
vn 0 -1 0
vn 0 -1 0
vn 0 -1 0
vn 0 -1 0
vn 0 -1 0
vn 0 -1 0
vn 0 -1 0
vn 0 0 1
vn 0 0 1
vn 0 0 1
vn 0 0 1
vn 0 -1 0
vn 0 -1 0
vn 0 -1 0
vn 0 -1 0
vn 0 0 -1
vn 0 0 -1
vn 0 0 -1
vn 0 0 -1
vn 1 0 0
vn 1 0 0
vn 1 0 0
vn 1 0 0
vn -1 0 0
vn -1 0 0
vn -1 0 0
vn -1 0 0
vn 0 0 1
vn 0 0 1
vn 0 0 1
vn 0 0 1
vn -1 0 0
vn -1 0 0
vn -1 0 0
vn -1 0 0
vn 0 0 1
vn 0 0 1
vn 0 0 1
vn 0 0 1
vn 0 -1 0
vn 0 -1 0
vn 0 -1 0
vn 0 -1 0
vn 0 0 1
vn 0 0 1
vn 0 0 1
vn 0 0 1
vn 1 0 0
vn 1 0 0
vn 1 0 0
vn 1 0 0
vn 0 0 1
vn 0 0 1
vn 0 0 1
vn 0 0 1
vn 1 0 0
vn 1 0 0
vn 1 0 0
vn 1 0 0
vn 0 0 0.9999999
vn 0 0 0.9999999
vn 0 0 0.9999999
vn 0 0 0.9999999
vn 0.9999999 0 0
vn 0.9999999 0 0
vn 0.9999999 0 0
vn 0.9999999 0 0
vn 1 0 0
vn 1 0 0
vn 1 0 0
vn 1 0 0
vn 0 0 -1
vn 0 0 -1
vn 0 0 -1
vn 0 0 -1
vn 0 0 -1
vn 0 0 -1
vn 0 0 -1
vn 0 0 -1
vn 0 -1 0
vn 0 -1 0
vn 0 -1 0
vn 0 -1 0
vn 0 -1 0
vn 0 -1 0
vn 0 -1 0
vn 0 -1 0
vn 0 -1 0
vn 0 -1 0
vn 0 -1 0
vn 0 -1 0
vn 0 -1 0
vn 0 -1 0
vn 0 -1 0
vn 0 -1 0
vn 0 -1 0
vn -0.9999999 0 0
vn -0.9999999 0 0
vn -0.9999999 0 0
vn -0.9999999 0 0
vn 0 0 -1
vn 0 0 -1
vn 0 0 -1
vn 0 0 -1
vn 1 0 0
vn 1 0 0
vn 1 0 0
vn 1 0 0
vn 0 0 -1
vn 0 0 -1
vn 0 0 -1
vn 0 0 -1
vn -1 0 0
vn -1 0 0
vn -1 0 0
vn -1 0 0
vn 0 0 1
vn 0 0 1
vn 0 0 1
vn 0 0 1
vn 0 0 1
vn 0 0 1
vn 0 0 1
vn 0 0 1
vn 0 0 1
vn 0 0 1
vn 0 0 1
vn 0 0 1
vn 0 0 1
vn -1 0 0
vn -1 0 0
vn -1 0 0
vn -1 0 0
vn 0 0 1
vn 0 0 1
vn 0 0 1
vn 0 0 1
vn 0 0 1
vn -1 0 0
vn -1 0 0
vn -1 0 0
vn -1 0 0
vn -1 0 0
vn -1 0 0
vn -1 0 0
vn -1 0 0
vn 1 0 0
vn 1 0 0
vn 1 0 0
vn 1 0 0
vn 0 0 1
vn 0 0 1
vn 0 0 1
vn 0 0 1
vn 0 -1 0
vn 0 -1 0
vn 0 -1 0
vn 0 -1 0
vn 0 0 -1
vn 0 0 -1
vn 0 0 -1
vn 0 0 -1
vn 0 0 -1
vn 0 0 -1
vn 0 0 -1
vn 0 0 -1
vn 0 0 -1
vn -1 0 0
vn -1 0 0
vn -1 0 0
vn -1 0 0
vn -1 0 0
vn 1 0 0
vn 1 0 0
vn 1 0 0
vn 1 0 0
vn 1 0 0
vn 1 0 0
vn 1 0 0
vn 1 0 0
vn 1 0 0
vn 1 0 0
vn 1 0 0
vn 1 0 0
vn 1 0 0
vn 1 0 0
vn 1 0 0
vn 1 0 0
vn 1 0 0
vn 1 0 0
vn 1 0 0
vn 1 0 0
vn 1 0 0
vn 1 0 0
vn 1 0 0
vn 1 0 0
vn 1 0 0
vn 1 0 0
vn 1 0 0
vn 1 0 0
vn 1 0 0
vn 1 0 0
vn 1 0 0
vn 1 0 0
vn 1 0 0
vn 1 0 0
vn 1 0 0
vn -1 0 0
vn -1 0 0
vn -1 0 0
vn -1 0 0
vn 0 0 -1
vn 0 0 -1
vn 0 0 -1
vn 0 0 -1
vn 0 -1 0
vn 0 -1 0
vn 0 -1 0
vn 0 -1 0
vn 0 0 -1
vn 0 0 -1
vn 0 0 -1
vn 0 0 -1
vn 0 0 -1
vn 1 0 0
vn 1 0 0
vn 1 0 0
vn 1 0 0
vn 0 0 -1
vn 0 0 -1
vn 0 0 -1
vn 0 0 -1
vn 0 0 -1
vn 0 0 -1
vn 0 0 -1
vn 0 0 -1
vn 0 0 -1
vn -1 0 0
vn -1 0 0
vn -1 0 0
vn -1 0 0
vn 0 0 -1
vn 0 0 -1
vn 0 0 -1
vn 0 0 -1
vn -1 0 0
vn -1 0 0
vn -1 0 0
vn -1 0 0
vn 1 0 0
vn 1 0 0
vn 1 0 0
vn 1 0 0
vn 0 0 1
vn 0 0 1
vn 0 0 1
vn 0 0 1
vn 0 -1 0
vn 0 -1 0
vn 0 -1 0
vn 0 -1 0
vn 0 0 1
vn 0 0 1
vn 0 0 1
vn 0 0 1
vn 1 0 0
vn 1 0 0
vn 1 0 0
vn 1 0 0
vn 1 0 0
vn 1 0 0
vn 1 0 0
vn 1 0 0
vn 0 0 1
vn 0 0 1
vn 0 0 1
vn 0 0 1
vn -1 0 0
vn -1 0 0
vn -1 0 0
vn -1 0 0
vn 0 1 0
vn 0 1 0
vn 0 1 0
vn 0 1 0
vn 1 0 0
vn 1 0 0
vn 1 0 0
vn 1 0 0
vn 0 0 1
vn 0 0 1
vn 0 0 1
vn 0 0 1
vn 0 0 -1
vn 0 0 -1
vn 0 0 -1
vn 0 0 -1
vn -1 0 0
vn -1 0 0
vn -1 0 0
vn -1 0 0
vn 0 0 -1
vn 0 0 -1
vn 0 0 -1
vn 0 0 -1
vn 0 1 0
vn 0 1 0
vn 0 1 0
vn 0 1 0
vn 0 1 0
vn 0 1 0
vn 0 1 0
vn 0 1 0
vn 0 0 1
vn 0 0 1
vn 0 0 1
vn 0 0 1
vn -1 0 0
vn -1 0 0
vn -1 0 0
vn -1 0 0
vn 0 0 1
vn 0 0 1
vn 0 0 1
vn 0 0 1
vn 1 0 0
vn 1 0 0
vn 1 0 0
vn 1 0 0
vn 0 0 1
vn 0 0 1
vn 0 0 1
vn 0 0 1
vn 1 0 0
vn 1 0 0
vn 1 0 0
vn 1 0 0
vn 0 0 -1
vn 0 0 -1
vn 0 0 -1
vn 0 0 -1
vn 1 0 0
vn 1 0 0
vn 1 0 0
vn 1 0 0
vn 0 0 -1
vn 0 0 -1
vn 0 0 -1
vn 0 0 -1
vn 1 0 0
vn 1 0 0
vn 1 0 0
vn 1 0 0
vn 1 0 0
vn 1 0 0
vn 1 0 0
vn 1 0 0
vn 1 0 0
vn 1 0 0
vn 1 0 0
vn 1 0 0
vn -1 0 0
vn -1 0 0
vn -1 0 0
vn -1 0 0
vn 0 0 1
vn 0 0 1
vn 0 0 1
vn 0 0 1
vn -1 0 0
vn -1 0 0
vn -1 0 0
vn -1 0 0
vn 0 -1 0
vn 0 -1 0
vn 0 -1 0
vn 0 -1 0
vn 0 -1 0
vn 0 -1 0
vn 0 -1 0
vn 0 -1 0
vn 0 -1 0
vn 0 -1 0
vn 0 0 -1
vn 0 0 -1
vn 0 0 -1
vn 0 0 -1
vn 1 0 0
vn 1 0 0
vn 1 0 0
vn 1 0 0
vn 0 0 -1
vn 0 0 -1
vn 0 0 -1
vn 0 0 -1
vn 1 0 0
vn 1 0 0
vn 1 0 0
vn 1 0 0
vn -1 0 0
vn -1 0 0
vn -1 0 0
vn -1 0 0
vn 0 0 -1
vn 0 0 -1
vn 0 0 -1
vn 0 0 -1
vn 1 0 0
vn 1 0 0
vn 1 0 0
vn 1 0 0
vn 0 1 0
vn 0 1 0
vn 0 1 0
vn 0 1 0
vn 1 0 0
vn 1 0 0
vn 1 0 0
vn 1 0 0
vn 0 0 -1
vn 0 0 -1
vn 0 0 -1
vn 0 0 -1
vn -1 0 0
vn -1 0 0
vn -1 0 0
vn -0.9999999 0 0
vn 0 0 1
vn 0 0 1
vn 0 0 1
vn 0 0 1
vn 1 0 0
vn 1 0 0
vn 1 0 0
vn 1 0 0
vn -1 0 0
vn -1 0 0
vn -1 0 0
vn 1 0 0
vn 1 0 0
vn 1 0 0
vn 1 0 0
vn 1 0 0
vn 0 0 -0.9999999
vn 0 0 -1
vn 0 0 -1
vn 0 0 -1
vn 0 0 -1
vn 0 0 -1
vn -1 0 0
vn -1 0 0
vn -1 0 0
vn -1 0 0
vn 0 0 -1
vn 0 0 -1
vn 0 0 -1
vn 0 0 -1
vn 0 0 -1
vn 0 0 -1
vn 0 0 -1
vn 0 0 -1
vn 0 0 -1
vn 0 0 -1
vn 0 0 -1
vn 0 0 -1
vn 0 0 -1
vn 0 0 -1
vn 0 0 -1
vn 0 0 -1
vn 0 0 -1
vn 1 0 0
vn 1 0 0
vn 1 0 0
vn 1 0 0
vn 0 0 -1
vn 0 0 -1
vn 0 0 -1
vn 0 0 -1
vn 0 0 -1
vn -1 0 0
vn -1 0 0
vn -1 0 0
vn -1 0 0
vn 1 0 0
vn 1 0 0
vn 1 0 0
vn 1 0 0
vn 0 0 -1
vn 0 0 -1
vn 0 0 -1
vn 0 0 -1
vn 0 0 -1
vn 0 0 -1
vn 0 0 -1
vn 0 0 -1
vn -0.9999999 0 0
vn -0.9999999 0 0
vn -0.9999999 0 0
vn -0.9999999 0 0
vn 0 -1 0
vn 0 -1 0
vn 0 -1 0
vn 0 -1 0
vn 1 0 0
vn 1 0 0
vn 1 0 0
vn 1 0 0
vn -1 0 0
vn -1 0 0
vn -1 0 0
vn -1 0 0
vn 0 0 1
vn 0 0 1
vn 0 0 1
vn 0 0 1
vn 0 0 -1
vn 0 0 -1
vn 0 0 -1
vn 0 0 -1
vn -1 0 0
vn -1 0 0
vn -1 0 0
vn -1 0 0
vn 1 0 0
vn 1 0 0
vn 1 0 0
vn 1 0 0
vn 0 1 0
vn 0 1 0
vn 0 1 0
vn 0 1 0
vn 0 1 0
vn 0 1 0
vn 0 1 0
vn 0 1 0
vn 0 1 0
vn 0 1 0
vn 0 1 0
vn 0 1 0
vn -1 0 0
vn -1 0 0
vn -1 0 0
vn -1 0 0
vn -1 0 0
vn -1 0 0
vn -1 0 0
vn -1 0 0
vn 1.192093E-07 0 1
vn 1.192093E-07 0 1
vn 1.192093E-07 0 1
vn 1.192093E-07 0 1
vn -1 0 0
vn -1 0 0
vn -1 0 0
vn -1 0 0
vn 1.192093E-07 0 -1
vn 1.192093E-07 0 -1
vn 1.192093E-07 0 -1
vn 1.192093E-07 0 -1
vn 1 0 8.742278E-08
vn 1 0 8.742278E-08
vn 1 0 8.742278E-08
vn 1 0 8.742278E-08
vn 1.192093E-07 0 1
vn 1.192093E-07 0 1
vn 1.192093E-07 0 1
vn 1.192093E-07 0 1
vn 1.192093E-07 0 -1
vn 1.192093E-07 0 -1
vn 1.192093E-07 0 -1
vn 1.192093E-07 0 -1

vt 2 0
vt 0 0
vt 2 2
vt 0 2
vt 2 0
vt 0 0
vt 2 2
vt 0 2
vt 2 0
vt 0 0
vt 2 2
vt 0 2
vt 2 0
vt 0 0
vt 2 2
vt 0 2
vt 0 2
vt 2 2
vt 0 0
vt 2 0
vt 2 0
vt 0 0
vt 2 2
vt 0 2
vt 2 0
vt 0 0
vt 2 2
vt 0 2
vt 3 0
vt 0 0
vt 3 2
vt 0 2
vt 2 0
vt 0 0
vt 2 2
vt 0 2
vt 3 0
vt 0 0
vt 3 2
vt 0 2
vt 0 3
vt 2 3
vt 0 0
vt 2 0
vt 2 0
vt 0 0
vt 2 3
vt 0 3
vt 2 0
vt 0 0
vt 2 2
vt 0 2
vt 2 0
vt 0 0
vt 2 2
vt 0 2
vt 2 0
vt 0 0
vt 2 2
vt 0 2
vt 2 0
vt 0 0
vt 2 2
vt 0 2
vt 0 2
vt 2 2
vt 0 0
vt 2 0
vt 2 0
vt 0 0
vt 2 2
vt 0 2
vt 2 0
vt 0 0
vt 2 2
vt 0 2
vt 2 0
vt 0 0
vt 2 2
vt 0 2
vt 2 0
vt 0 0
vt 2 2
vt 0 2
vt 2 0
vt 0 0
vt 2 2
vt 0 2
vt 0 2
vt 2 2
vt 0 0
vt 2 0
vt 2 0
vt 0 0
vt 2 2
vt 0 2
vt 2 0
vt 0 0
vt 2 3
vt 0 3
vt 1 0
vt 0 0
vt 1 3
vt 0 3
vt 2 0
vt 0 0
vt 2 3
vt 0 3
vt 1 0
vt 0 0
vt 1 3
vt 0 3
vt 0 1
vt 2 1
vt 0 0
vt 2 0
vt 2 0
vt 0 0
vt 2 1
vt 0 1
vt 2 0
vt 0 0
vt 2 2
vt 0 2
vt 2 0
vt 0 0
vt 2 2
vt 0 2
vt 2 0
vt 0 0
vt 2 2
vt 0 2
vt 2 0
vt 0 0
vt 2 2
vt 0 2
vt 0 2
vt 2 2
vt 0 0
vt 2 0
vt 2 0
vt 0 0
vt 2 2
vt 0 2
vt 2 0
vt 0 0
vt 2 2
vt 0 2
vt 2 0
vt 0 0
vt 2 2
vt 0 2
vt 2 0
vt 0 0
vt 2 2
vt 0 2
vt 2 0
vt 0 0
vt 2 2
vt 0 2
vt 0 2
vt 2 2
vt 0 0
vt 2 0
vt 2 0
vt 0 0
vt 2 2
vt 0 2
vt 2 0
vt 0 0
vt 2 2
vt 0 2
vt 2 0
vt 0 0
vt 2 2
vt 0 2
vt 2 0
vt 0 0
vt 2 2
vt 0 2
vt 2 0
vt 0 0
vt 2 2
vt 0 2
vt 0 2
vt 2 2
vt 0 0
vt 2 0
vt 2 0
vt 0 0
vt 2 2
vt 0 2
vt 2 0
vt 0 0
vt 2 1
vt 0 1
vt 2 0
vt 0 0
vt 2 1
vt 0 1
vt 2 0
vt 0 0
vt 2 1
vt 0 1
vt 2 0
vt 0 0
vt 2 1
vt 0 1
vt 0 2
vt 2 2
vt 0 0
vt 2 0
vt 2 0
vt 0 0
vt 2 2
vt 0 2
vt 2 0
vt 0 0
vt 2 3
vt 0 3
vt 2 0
vt 0 0
vt 2 3
vt 0 3
vt 2 0
vt 0 0
vt 2 3
vt 0 3
vt 0 2
vt 2 2
vt 0 0
vt 2 0
vt 1 0
vt 0 0
vt 1 1
vt 0 1
vt 1 0
vt 0 0
vt 1 1
vt 0 1
vt 0 1
vt 1 1
vt 0 0
vt 1 0
vt 1 0
vt 0 0
vt 1 1
vt 0 1
vt 0 0
vt 0 1
vt 1 0
vt 1 1
vt 1 1
vt 1 0
vt 0 0
vt 0 1
vt 1 1
vt 1 0
vt 0 1
vt 0 0
vt 2 0
vt 0 1
vt 2 1
vt 1 0
vt 0 0
vt 1 1
vt 1 0
vt 0 2
vt 1 0
vt 0 0
vt 1 1
vt 0 1
vt 0 2
vt 1 2
vt 0 0
vt 1 0
vt 2 0
vt 0 0
vt 2 2
vt 0 2
vt 2 0
vt 0 0
vt 2 2
vt 0 2
vt 2 0
vt 0 0
vt 2 2
vt 0 2
vt 0 2
vt 2 2
vt 0 0
vt 2 0
vt 2 0
vt 0 0
vt 2 2
vt 0 2
vt 2 0
vt 0 0
vt 2 2
vt 0 2
vt 2 0
vt 0 0
vt 2 2
vt 0 2
vt 0 2
vt 2 2
vt 0 0
vt 2 0
vt 2 0
vt 0 0
vt 2 1
vt 0 1
vt 1 0
vt 0 0
vt 1 1
vt 0 1
vt 2 0
vt 0 0
vt 2 1
vt 0 1
vt 0 1
vt 2 1
vt 0 0
vt 2 0
vt 1 0
vt 0 0
vt 1 1
vt 0 1
vt 1 0
vt 0 0
vt 1 1
vt 0 1
vt 0 1
vt 1 1
vt 0 0
vt 1 0
vt 2 0
vt 0 0
vt 2 2
vt 0 2
vt 3 0
vt 0 0
vt 3 2
vt 0 2
vt 2 0
vt 0 0
vt 2 2
vt 0 2
vt 0 3
vt 2 3
vt 0 0
vt 2 0
vt 1 0
vt 0 0
vt 1 1
vt 0 1
vt 1 0
vt 0 0
vt 1 1
vt 0 1
vt 0 1
vt 1 1
vt 0 0
vt 1 0
vt 2 0
vt 0 0
vt 2 2
vt 0 2
vt 2 0
vt 0 0
vt 2 2
vt 0 2
vt 2 0
vt 0 0
vt 2 2
vt 0 2
vt 0 2
vt 2 2
vt 0 0
vt 2 0
vt 2 0
vt 0 0
vt 2 1
vt 0 1
vt 1 0
vt 0 0
vt 1 1
vt 0 1
vt 2 0
vt 0 0
vt 2 1
vt 0 1
vt 1 0
vt 0 0
vt 1 1
vt 0 1
vt 0 1
vt 2 1
vt 0 0
vt 2 0
vt 2 0
vt 0 0
vt 2 1
vt 0 1
vt 2 0
vt 0 0
vt 2 2
vt 0 2
vt 2 0
vt 0 0
vt 2 2
vt 0 2
vt 2 0
vt 0 0
vt 2 2
vt 0 2
vt 2 0
vt 0 0
vt 2 2
vt 0 2
vt 0 2
vt 2 2
vt 0 0
vt 2 0
vt 2 0
vt 0 0
vt 2 2
vt 0 2
vt 2 0
vt 0 0
vt 2 2
vt 0 2
vt 2 0
vt 0 0
vt 2 2
vt 0 2
vt 1 2
vt 1 0
vt 0 0
vt 0 2
vt 0 2
vt 2 2
vt 0 1
vt 2 0
vt 0 0
vt 1 1
vt 1 0
vt 0 1
vt 0 0
vt 1 2
vt 1 0
vt 0 2
vt 0 0
vt 2 0
vt 0 0
vt 2 1
vt 0 1
vt 2 0
vt 0 0
vt 2 1
vt 0 1
vt 2 0
vt 0 0
vt 2 1
vt 0 1
vt 2 0
vt 0 0
vt 2 1
vt 0 1
vt 0 2
vt 2 2
vt 0 0
vt 2 0
vt 2 0
vt 0 0
vt 2 2
vt 0 2
vt 2 0
vt 0 0
vt 2 2
vt 0 2
vt 2 0
vt 0 0
vt 2 2
vt 0 2
vt 2 0
vt 0 0
vt 2 2
vt 0 2
vt 2 0
vt 0 0
vt 2 2
vt 0 2
vt 0 2
vt 2 2
vt 0 0
vt 2 0
vt 2 0
vt 0 0
vt 2 2
vt 0 2
vt 2 0
vt 0 0
vt 2 2
vt 0 2
vt 2 0
vt 0 0
vt 2 2
vt 0 2
vt 2 0
vt 0 0
vt 2 2
vt 0 2
vt 2 0
vt 0 0
vt 2 2
vt 0 2
vt 0 2
vt 2 2
vt 0 0
vt 2 0
vt 2 0
vt 0 0
vt 2 2
vt 0 2
vt 2 0
vt 0 0
vt 2 2
vt 0 2
vt 2 0
vt 0 0
vt 2 2
vt 0 2
vt 2 0
vt 0 0
vt 2 2
vt 0 2
vt 2 0
vt 0 0
vt 2 2
vt 0 2
vt 0 2
vt 2 2
vt 0 0
vt 2 0
vt 2 0
vt 0 0
vt 2 2
vt 0 2
vt 3 0
vt -3.576279E-07 2
vt 3.576279E-07 0
vt 3 2
vt 0 0
vt 0 3
vt 5 0
vt 5 3
vt 0 20
vt 15 20
vt 0 10
vt 15 10
vt 9 10
vt 14 10
vt 9 9
vt 14 9
vt 10 9
vt 13 9
vt 10 0
vt 13 0
vt 4 30
vt 7 30
vt 4 20
vt 7 20
vt 15 11
vt 15 16
vt 18 11
vt 18 16
vt 18 14
vt 18 16
vt 22 14
vt 22 16
vt 0 0
vt 0 3
vt 3 0
vt 3 3
vt 14 0
vt 0 0
vt 14 5
vt 0 5
vt 0 1.5
vt 0 4.5
vt 2 4.5
vt 2 0
vt 3 5
vt 3 0
vt 0 0
vt 0 5
vt 0 3
vt 4 3
vt 4 0
vt 18 0
vt 0 0
vt 18 22
vt 0 22
vt 13 5
vt 13 0
vt 8 0
vt 8 5
vt 13 1
vt 13 0
vt 8 0
vt 8 1
vt 0 0
vt 0 1
vt 5 0
vt 5 1
vt 8 4.94136
vt 8 3
vt 5 4.94136
vt 5 3
vt 0 0
vt 0 5
vt 5 5
vt 5 0
vt 3 0
vt 0 3
vt 3 3
vt 0 0
vt 5 0
vt 0 1
vt 5 1
vt 2 0
vt 3 0
vt 0 1
vt 5 1
vt 0 0
vt 0 0
vt 0 11
vt 7 0
vt 7 11
vt 0 5
vt 6 5
vt 0 0
vt 6 0
vt 0.9982998 0.0008635521
vt 7.001699 9.998791
vt 6.9983 -0.001208305
vt 0.001700163 10.00121
vt 6 0
vt 0 0
vt 6 20
vt 0 20
vt 6 0
vt 0 0
vt 6 14
vt 0 14
vt 6 0
vt 0 0
vt 6 11
vt 0 11
vt 0 0
vt 0 11
vt 7 0
vt 7 11
vt 0 14
vt 6 14
vt 0 0
vt 6 0
vt 18 4
vt 18 0
vt 4 4
vt 0 0
vt 0 25
vt 4 25
vt 0 6
vt 6 6
vt 0 1
vt 6 0
vt 0 3
vt 6 2
vt 0 0
vt 6 0
vt 0 13
vt 6 13
vt 0 0
vt 6 0
vt 0 2
vt 5 2
vt 0 0
vt 5 0
vt 0 16
vt 15 16
vt 0 0
vt 15 0
vt 0 5
vt 0 8
vt 5 8
vt 5 0
vt 0 1
vt 0 0
vt 14 0
vt 9 0
vt 14 5
vt 0 0
vt 0 5
vt 3 0
vt 0 0
vt 3 8
vt 0 8
vt 4 0
vt 9 12
vt 8 0
vt 3 12
vt 13 5
vt 9 0
vt 13 12
vt 13 0
vt 7 6
vt 7 0
vt 0 6
vt 0 0
vt 0 7
vt 5 7
vt 0 0
vt 5 1
vt 0 0
vt 0 14
vt 24 14
vt 24 0
vt 0 0
vt 17.99913 7
vt 17.99913 0
vt 0 7
vt 1.907349E-06 10
vt 7 0
vt 0 0
vt 7.000002 10
vt 0 16
vt 4 0
vt 0 0
vt 4 16
vt 6 0
vt 0 11
vt 6 11
vt 0 0
vt 13 0
vt 0 0
vt 13 6
vt 0 6
vt 17 6
vt 18 6
vt 18 0
vt 4 6
vt 0 0
vt 0 6
vt 0 6
vt 18.01563 6
vt 0 0
vt 18.01563 0
vt 6 0
vt 0 0
vt 6 6
vt 0 6
vt 6 0
vt 0 0
vt 6 2
vt 0 2
vt 6 -4.768372E-07
vt 0 -4.768372E-07
vt 6 9
vt 4.768372E-07 9
vt 6 0
vt 0 0
vt 6 7
vt 0 7
vt 7 7
vt 7 0
vt 0 7
vt 0 0
vt 7 1
vt 0 0
vt 0 1
vt 7 0
vt 0 13
vt 6 13
vt 0 7
vt 6 6
vt 6 0
vt 0 0
vt 13.92839 13
vt 0 16
vt 13.92839 16
vt 0 0
vt 13.92839 7
vt 13.92839 0
vt 8 0
vt 0 0
vt 8 1
vt 0 1
vt 5 9
vt 0 9
vt 5 15
vt 0 15
vt 8 0
vt 0 0
vt 8 9
vt 0 9
vt 0 0
vt 0 1
vt 9 0
vt 9 1
vt 0 24
vt 7 0
vt 0 0
vt 7 24
vt 8 11
vt 0 0
vt 0 11
vt 8 0
vt 7 5
vt 13 0
vt 0 5
vt 0 0
vt 3 5
vt 3 0
vt 0 5
vt 0 0
vt 0 15
vt 3 15
vt 0 0
vt 3 0
vt 12 9
vt 12 0
vt 0 9
vt 0 0
vt 6 9
vt 6 0
vt 0 9
vt 0 0
vt 0 13
vt 6 13
vt 0 0
vt 6 0
vt 0 3
vt 3 3
vt 0 0
vt 3 0
vt 3 0
vt 0 0
vt 3 2
vt 0 2
vt 0 0
vt 3 2
vt 3 0
vt 0 10
vt 3 0
vt 0 7
vt 3 10
vt 3 7
vt 6 0
vt 0 5
vt 0 7
vt 6 0
vt 0 0
vt 6 10
vt 0 9
vt 0 10
vt 0.3999977 0
vt 0 0
vt 0.3999977 0.09999943
vt 0 0.09999943
vt 0.3999996 0
vt 0 0
vt 0.3999996 0.09999943
vt 0 0.09999943
vt 0.3999977 0
vt 0 0
vt 0.3999977 0.09999943
vt 0 0.09999943
vt 0.3999996 0
vt 0 0
vt 0.3999996 0.09999943
vt 0 0.09999943
vt 0 0.3999996
vt 0.3999977 0.3999996
vt 0 0
vt 0.3999977 0
vt 0.3999977 0
vt 0 0
vt 0.3999977 0.3999996
vt 0 0.3999996
vt 0.3999977 0
vt 0 0
vt 0.3999977 0.09999943
vt 0 0.09999943
vt 0.3999996 0
vt 0 0
vt 0.3999996 0.09999943
vt 0 0.09999943
vt 0.3999977 0
vt 0 0
vt 0.3999977 0.09999943
vt 0 0.09999943
vt 0.3999996 0
vt 0 0
vt 0.3999996 0.09999943
vt 0 0.09999943
vt 0 0.3999996
vt 0.3999977 0.3999996
vt 0 0
vt 0.3999977 0
vt 0.3999977 0
vt 0 0
vt 0.3999977 0.3999996
vt 0 0.3999996
vt 0.3999977 0
vt 0 0
vt 0.3999977 0.09999943
vt 0 0.09999943
vt 0.3999996 0
vt 0 0
vt 0.3999996 0.09999943
vt 0 0.09999943
vt 0.3999977 0
vt 0 0
vt 0.3999977 0.09999943
vt 0 0.09999943
vt 0.3999996 0
vt 0 0
vt 0.3999996 0.09999943
vt 0 0.09999943
vt 0 0.3999996
vt 0.3999977 0.3999996
vt 0 0
vt 0.3999977 0
vt 0.3999977 0
vt 0 0
vt 0.3999977 0.3999996
vt 0 0.3999996
vt 0.3999977 0
vt 0 0
vt 0.3999977 0.09999943
vt 0 0.09999943
vt 0.3999996 0
vt 0 0
vt 0.3999996 0.09999943
vt 0 0.09999943
vt 0.3999977 0
vt 0 0
vt 0.3999977 0.09999943
vt 0 0.09999943
vt 0.3999996 0
vt 0 0
vt 0.3999996 0.09999943
vt 0 0.09999943
vt 0 0.3999996
vt 0.3999977 0.3999996
vt 0 0
vt 0.3999977 0
vt 0.3999977 0
vt 0 0
vt 0.3999977 0.3999996
vt 0 0.3999996
vt 0.3999977 0
vt 0 0
vt 0.3999977 0.09999943
vt 0 0.09999943
vt 0.3999996 0
vt 0 0
vt 0.3999996 0.09999943
vt 0 0.09999943
vt 0.3999977 0
vt 0 0
vt 0.3999977 0.09999943
vt 0 0.09999943
vt 0.3999996 0
vt 0 0
vt 0.3999996 0.09999943
vt 0 0.09999943
vt 0 0.3999996
vt 0.3999977 0.3999996
vt 0 0
vt 0.3999977 0
vt 0.3999977 0
vt 0 0
vt 0.3999977 0.3999996
vt 0 0.3999996
vt 0.3999977 0
vt 0 0
vt 0.3999977 0.09999943
vt 0 0.09999943
vt 0.3999996 0
vt 0 0
vt 0.3999996 0.09999943
vt 0 0.09999943
vt 0.3999977 0
vt 0 0
vt 0.3999977 0.09999943
vt 0 0.09999943
vt 0.3999996 0
vt 0 0
vt 0.3999996 0.09999943
vt 0 0.09999943
vt 0 0.3999996
vt 0.3999977 0.3999996
vt 0 0
vt 0.3999977 0
vt 0.3999977 0
vt 0 0
vt 0.3999977 0.3999996
vt 0 0.3999996
vt 1 0
vt 0 0
vt 1 10
vt 0 10
vt 1 0
vt 0 0
vt 1 4
vt 0 4
vt 0 0
vt 0 4
vt 4 0
vt 4 4
vt 1 0
vt 0 0
vt 1 10
vt 0 10
vt 7 8
vt 7 0
vt 0 10
vt 0 0
vt 7 10
vt 7 14
vt 0 14
vt 2.002417 13.99965
vt 2.001036 9.999655
vt 0.002416909 14.00035
vt 1.997583 -0.0003447533
vt -0.002416849 0.0003457069
vt 3 0
vt 0 0
vt 3 3
vt 0 3
vt 1 0
vt 0 0
vt 1 3
vt 0 3
vt 3 0
vt 0 0
vt 3 3
vt 0 3
vt 0 1
vt 3 1
vt 0 0
vt 3 0
vt 10 0
vt 0 0
vt 10 3
vt 0 3
vt 9 0
vt 0 0
vt 9 3
vt 0 3
vt 0 0
vt 0 3
vt 1 0
vt 1 3
vt 0 0
vt 0 3
vt 2 0
vt 2 3
vt 3 3
vt 3 0
vt 0 3
vt 0 0
vt 0.0001727343 1.000518
vt 2.999827 -0.0005178452
vt -0.0001724958 0.0005179346
vt 2.000173 0.9998273
vt -0.001953065 1.000245
vt 1.002441 9.999756
vt 0.9975585 -0.0002436638
vt 0.002441466 10.00024
vt 4 6
vt -4.768372E-07 2.384186E-07
vt 4.768372E-07 6
vt 4 -2.384186E-07
vt 4.000863 0.0006902218
vt -0.0008625984 4.99931
vt 3.999137 5.00069
vt 0.0008627176 -0.0006899834
vt 4.000863 0.0006902218
vt -0.0008625984 4.99931
vt 3.999137 5.00069
vt 0.0008627176 -0.0006899834
vt -0.001553535 0.001036167
vt 6.001554 8.998964
vt 5.998446 -0.00103569
vt 0.001553774 9.001036
vt 7 0
vt 0 0
vt 0 14
vt 7 5
vt 7 14
vt 5 0
vt 0 0
vt 5 14
vt 0 5
vt 0 14
vt 1 0
vt 0 0
vt 1 5
vt 0 5
vt 1 0
vt 0 0
vt 1 5
vt 0 5
vt 4 9
vt 4 0
vt 0 9
vt 0 0
vt 4 1
vt 4 0
vt 0 1
vt 0 0
vt 0 0
vt 0 9
vt 4 0
vt 4 9
vt 1.221895E-06 14
vt 1.000001 14
vt -1.251698E-06 0
vt 0.9999996 5
vt 0.9999988 0
vt -1.251698E-06 0
vt -3.576279E-07 5
vt 0.9999988 0
vt 1.221895E-06 14
vt 1.000001 14
vt 0.9999988 0
vt -1.251698E-06 0
vt 1.000001 14
vt -3.576279E-07 5
vt 1.221895E-06 14
vt 1.000001 14
vt 0.9999996 5
vt 1.221895E-06 14
vt 0.9999988 0
vt -1.251698E-06 0
vt 0 0
vt 0 4
vt 4 0
vt 4 4
vt 4 4
vt 4 0
vt 0 4
vt 0 0
vt 6.854534E-07 8
vt 1.000001 8
vt -7.152557E-07 0
vt 1 4
vt 0.9999993 0
vt 6.854534E-07 8
vt 1.000001 8
vt 0 4
vt 0.9999993 0
vt -7.152557E-07 0
vt 6.854534E-07 8
vt 1.000001 8
vt 0 4
vt 0.9999993 0
vt -7.152557E-07 0
vt -0.001379967 7.99793
vt 11.99862 8.002069
vt 0.001380444 -0.00206995
vt 12.00138 0.002070665
vt 6.854534E-07 8
vt 1.000001 8
vt -7.152557E-07 0
vt 1 4
vt 0.9999993 0
vt 0.001380444 -0.00206995
vt -0.001379967 7.99793
vt 12.00138 0.002070665
vt 11.99862 8.002069
vt 0 0
vt 19 14
vt 19 0
vt 0 14
vt -0.00241673 0.000518322
vt 3.002417 13.99948
vt 2.997583 -0.0005173683
vt 0.002416968 14.00052
vt -0.00241673 0.000518322
vt 3.002417 13.99948
vt 2.997583 -0.0005173683
vt 0.002416968 14.00052
vt 2 0
vt 0 0
vt 2 8
vt 0 8
vt 0 4
vt 2 4
vt 2 0
vt 0 0
vt 0.0003452897 8.000173
vt 0.9975831 -0.0001721382
vt -0.002416849 0.0001730919
vt 1.002417 13.99983
vt 0.001035839 10.00017
vt 0.002416909 14.00017
vt 1 2
vt 0 0
vt 0 2
vt 1 0
vt 0 0
vt 1 2
vt 1 0
vt 0 2
vt 0 2
vt 1 0
vt 0 0
vt 1 2
vt 0 2
vt 1 0
vt 0 0
vt 1 2
vt 7 0
vt 0 0
vt 7 8
vt 0 8
vt 14.00138 7.997583
vt -0.001380444 0.002417088
vt 0.001381397 8.002417
vt 13.99862 -0.002416611
vt 20.99862 8.003623
vt 0.00138092 -0.003623009
vt -0.001379967 7.996377
vt 21.00138 0.003623247
vt 14.00138 7.997583
vt -0.001380444 0.002417088
vt 0.001381397 8.002417
vt 13.99862 -0.002416611
vt 4.000001 14
vt -1.192093E-06 4.768372E-07
vt 1.192093E-06 14
vt 3.999999 -4.768372E-07
vt 8.000002 14
vt -1.430511E-06 4.768372E-07
vt 1.192093E-06 14
vt 7.999999 -4.768372E-07
vt 3.000001 9
vt -8.34465E-07 4.768372E-07
vt 8.34465E-07 9
vt 2.999999 -4.768372E-07
vt 5.999999 -4.768372E-07
vt -1.192093E-06 4.768372E-07
vt 6.000001 14
vt -2.384186E-07 5
vt 1.192093E-06 14
vt 20 14
vt 20 4.999998
vt 9.536743E-07 14
vt 20 -1.907349E-06
vt -9.536743E-07 1.907349E-06
vt -0.00241673 0.000518322
vt 0.002416968 14.00052
vt 3.002417 13.99948
vt 2.997583 -0.0005173683
vt -7.152557E-07 4.768372E-07
vt 6.000001 8
vt 5.999999 -4.768372E-07
vt 7.152557E-07 8
vt 1 0
vt 0 0
vt 1 4
vt 0 4
vt 1 0
vt 0 0
vt 1 4
vt 0 4
vt 4 4
vt 4 0
vt 0 4
vt 0 0
vt 4 1
vt 4 0
vt 0 1
vt 0 0
vt 2.001381 7.999655
vt 2 3.999655
vt 0.001381099 8.000345
vt 1.998619 -0.0003452301
vt -0.00138104 0.0003454685
vt 13.99862 -0.002416611
vt -0.001380444 0.002417088
vt 14.00138 7.997583
vt 0.001381397 8.002417
vt 0.9999993 0
vt -7.152557E-07 0
vt 1.000001 8
vt 0 4
vt 6.854534E-07 8
vt 0 1
vt 3 1
vt 0 0
vt 3 0
vt 1 0
vt 0 1
vt 1 1
vt 0 0
vt 4 1
vt 0 0
vt 0 1
vt 4 0
vt 1 0
vt 0 1
vt 1 1
vt 0 0
vt 4 1
vt 0 0
vt 0 1
vt 4 0
vt 1 0
vt 0 1
vt 1 1
vt 0 0
vt 4 1
vt 0 0
vt 0 1
vt 4 0
vt 1 0
vt 0 1
vt 1 1
vt 0 0
vt 3 1
vt 0 0
vt 0 1
vt 3 0
vt 1 0
vt 0 7
vt 1 7
vt 0 0
vt 18 7
vt 18 0
vt 15 7
vt 0 0
vt 15 8
vt 11 8
vt 11 9
vt 7 9
vt 7 10
vt 3 10
vt 0 11
vt 3 11
vt 15 10
vt 15 11
vt 18 11
vt 18 0
vt 11 9
vt 11 10
vt 7 8
vt 7 9
vt 3 7
vt 3 8
vt 0 0
vt 0 7
vt 10 14
vt 0 0
vt 0 14
vt 10 0
vt 14.00242 13.99758
vt -0.002416611 0.002417088
vt 0.002417088 14.00242
vt 13.99758 -0.002416611
vt 9.000002 14
vt -1.430511E-06 9.536743E-07
vt 1.430511E-06 14
vt 8.999998 -9.536743E-07
vt 1.000001 14
vt -1.251698E-06 0
vt 1.221895E-06 14
vt 0.9999988 0
vt 45.00241 13.99223
vt -0.002414703 0.007769108
vt 0.002418518 14.00777
vt 44.99758 -0.007768154
vt 1.000518 0.0001726151
vt -0.0005175471 2.999827
vt 0.9994824 3.000173
vt 0.0005176067 -0.0001724958
vt 0 0
vt 66 14
vt 66 0
vt 0 14
vt -1.430511E-06 9.536743E-07
vt 13 14
vt 13 -9.536743E-07
vt 1.430511E-06 14
vt -1.430511E-06 4.768372E-07
vt 8.000002 14
vt 7.999999 -4.768372E-07
vt 1.192093E-06 14
vt 6 0
vt 0 0
vt 6 7
vt 0 7
vt 0 0
vt 13 7
vt 13 0
vt 0 7
vt 0.001207829 -0.001034975
vt 5.998792 7.001035
vt 6.001207 0.001035452
vt -0.00120759 6.998964
vt 0.0003452301 -0.001035094
vt 5.999655 2.001035
vt 6.000345 0.001035213
vt -0.0003449917 1.998965
vt 0 0
vt 13 7
vt 13 0
vt 0 7
vt 5.999655 2.001035
vt 0.0003452301 -0.001035094
vt -0.0003449917 1.998965
vt 6.000345 0.001035213
vt 12.99896 6.002243
vt 0.00103569 -0.002242565
vt -0.001034737 5.997757
vt 13.00103 0.002243042
vt 0.001036167 6.002244
vt 12.99896 -0.002243996
vt -0.001035213 0.002244473
vt 13.00104 5.997756
vt 19 14
vt 0 0
vt 0 14
vt 19 0
vt 1.001465 5.999756
vt -0.001464784 0.000244379
vt 0.001464903 6.000244
vt 0.9985351 -0.0002436638
vt 1.002197 8.999756
vt -0.002197206 0.0002446175
vt 0.001220763 7.000244
vt 0.9978027 -0.0002436638
vt 9 0
vt 0 11
vt 9 11
vt 0 0
vt 9 0
vt 0 11
vt 9 11
vt 0 0
vt 1 11
vt 0 0
vt 0 11
vt 1 0
vt 1 11
vt 0 0
vt 0 11
vt 1 0
vt 9 11
vt 0 0
vt 0 11
vt 9 0
vt 3 9
vt 0 0
vt 0 9
vt 3 0
vt 0 0
vt 1 11
vt 1 0
vt 0 11
vt 0 0
vt 1 11
vt 1 0
vt 0 11
vt 0 0
vt 1 11
vt 1 0
vt 0 11
vt 0 0
vt 1 11
vt 1 0
vt 0 11
vt 0 0
vt 10 11
vt 10 0
vt 0 11
vt 0 0
vt 5 11
vt 5 0
vt 0 11
vt 4 5
vt 0 0
vt 0 5
vt 4 0
vt 3 5
vt 3 0
vt 0 5
vt 0 0
vt 0 0
vt 0 5
vt 7 5
vt 7 0
vt 10 0
vt 0 0
vt 3 5
vt 0 5
vt 10 5
vt 2 0
vt 1 1
vt 0 11
vt 1 0
vt 0 1
vt 5 0
vt 8 11
vt 6 1
vt 6 0
vt 11 11
vt 15 11
vt 15 1
vt 10 11
vt 10 0
vt 0 11
vt 0 0
vt 0 0
vt 10 8
vt 10 0
vt 0 8
vt -7.152557E-07 4.768372E-07
vt 6.000001 8
vt 5.999999 -4.768372E-07
vt 7.152557E-07 8
vt -0.00138092 0.0008633137
vt 5.001381 7.999137
vt 4.998619 -0.0008630753
vt 0.001381159 8.000863
vt 0 0
vt 15 8
vt 15 0
vt 0 8
vt 0 0
vt 3 3
vt 3 0
vt 0 3
vt 0 0
vt 7 8
vt 7 0
vt 0 8
vt 3.001381 7.999482
vt 3.000345 4.999482
vt 0.001381159 8.000518
vt 2.998619 -0.0005178452
vt -0.00138092 0.0005180836
vt 3.999999 -4.768372E-07
vt -7.152557E-07 2.384186E-07
vt 4.000001 8
vt 7.152557E-07 8
vt 1.998619 -0.0003452301
vt -0.00138104 0.0003454685
vt 2.001381 7.999655
vt 0.0003453493 5.000345
vt 0.001381099 8.000345
vt 11 8
vt 11 0
vt 0 8
vt 0 0
vt 21 0
vt 0 0
vt 21 7
vt 0 7
vt 21 0
vt 0 0
vt 21 7
vt 0 7
vt 4 1
vt 4 0
vt 0 1
vt 0 0
vt 4 21
vt 4 0
vt 0 21
vt 0 0
vt 0 0
vt 0 1
vt 4 0
vt 4 1
vt 13.99862 -0.002416611
vt -0.001380444 0.002417088
vt 14.00138 7.997583
vt 0.001036167 7.002417
vt 0.001381397 8.002417
vt 9.75 8
vt 9.75 7
vt 3.75 8
vt 9.75 0
vt 3.75 0
vt 4 4
vt 4 0
vt 0 4
vt 0 0
vt 2 0
vt 0 0
vt 0 8
vt 2 8
vt -0.002416849 0.0001730919
vt 1.000345 7.999827
vt 0.9975831 -0.0001721382
vt 0.002416909 14.00017
vt 1.001036 9.999827
vt 1.002417 13.99983
vt 10 0
vt 0 0
vt 10 6
vt 0 10
vt 0 14
vt 10 14
vt 0 14
vt 7 14
vt 0 10
vt 7 10
vt 7 0
vt 0 0
vt 0 8
vt 0 4
vt 2 4
vt 2 0
vt 0 0
vt 1 0
vt 0 0
vt 1 4
vt 0 4
vt 1 0
vt 0 0
vt 1 4
vt 0 4
vt 0 0
vt 0 4
vt 4 0
vt 4 4
vt 4 1
vt 4 0
vt 0 1
vt 0 0
vt 0.9999993 0
vt -7.152557E-07 0
vt 1.000001 8
vt 0 4
vt 6.854534E-07 8
vt 16 0
vt 0 0
vt 0 8
vt 16 8
vt 1.000001 8
vt 1 4
vt 6.854534E-07 8
vt 0.9999993 0
vt -7.152557E-07 0
vt -7.152557E-07 2.384186E-07
vt 7.152557E-07 8
vt 4.000001 8
vt 3.999999 -4.768372E-07
vt 11 14
vt 0 0
vt 0 14
vt 11 0
vt 14.00242 13.99758
vt -0.002416611 0.002417088
vt 0.002417088 14.00242
vt 13.99758 -0.002416611
vt 20 14
vt -9.536743E-07 1.907349E-06
vt 9.536743E-07 14
vt 20 -1.907349E-06
vt -0.00241673 0.000518322
vt 3.002417 13.99948
vt 2.997583 -0.0005173683
vt 0.002416968 14.00052
vt -7.152557E-07 7.152557E-07
vt 7.000001 7.999999
vt 6.999999 -4.768372E-07
vt 7.152557E-07 8
vt 7 -5.960464E-07
vt 2.384186E-07 3
vt 7 3
vt -2.384186E-07 5.960464E-07
vt 7.001035 0.001207829
vt -0.001034975 5.998792
vt 6.998964 6.001207
vt 0.001035452 -0.00120759
vt 0 0
vt 3 6
vt 3 0
vt 0 6
vt 0 0
vt 11 7
vt 11 0
vt 0 7
vt -0.001208425 0.0001728535
vt 1.001208 6.999827
vt 0.9987916 -0.0001723766
vt 0.001208454 7.000173
vt 0 0
vt 14 7
vt 14 0
vt 0 7
vt 1 14
vt 0 3
vt 0 14
vt 1 0
vt 9 0
vt 0 0
vt 9 6
vt 0 6
vt 0 0
vt 12 6
vt 12 0
vt 0 6
vt 1.001465 5.999756
vt -0.001464784 0.000244379
vt 0.001464903 6.000244
vt 0.9985351 -0.0002436638
vt 8 5.999999
vt -4.768372E-07 7.152557E-07
vt 4.768372E-07 6.000001
vt 8 -7.152557E-07
vt 10.99896 6.001898
vt 0.00103569 -0.001897573
vt -0.001034737 5.998102
vt 11.00103 0.00189805
vt 1.001208 7.999827
vt -0.001553655 0.0001730919
vt 0.001553744 9.000172
vt 0.9984462 -0.0001721382
vt 12 0
vt 0 1
vt 12 1
vt 1 0
vt 0 0
vt 16 14
vt 16 0
vt 0 14
vt -0.002416611 0.0008635521
vt 5.002417 13.99914
vt 4.997583 -0.0008625984
vt 0.002417088 14.00086
vt 8 0
vt 0 0
vt 8 6
vt 0 6
vt -4.172325E-07 0
vt 1 5
vt 0.9999995 0
vt 4.470348E-07 5
vt -4.172325E-07 0
vt 1 5
vt 0.9999995 0
vt 4.470348E-07 5
vt 2.001036 5.999655
vt -0.00103569 0.0003454685
vt 0.001035869 6.000345
vt 1.998964 -0.0003449917
vt 12.99896 -0.002243996
vt 0.001036167 6.002244
vt 13.00104 5.997756
vt -0.001035213 0.002244473
vt 1 5
vt -4.172325E-07 0
vt 4.470348E-07 5
vt 0.9999995 0
vt 1 5
vt -4.172325E-07 0
vt 4.470348E-07 5
vt 0.9999995 0
vt 0.0001726747 1.000173
vt 0.9998273 -0.0001726151
vt -0.0001726151 0.0001726747
vt 1.000173 0.9998273
vt 0.0001726747 1.000173
vt 0.9998273 -0.0001726151
vt -0.0001726151 0.0001726747
vt 1.000173 0.9998273
vt 0.0001726151 -0.0005175471
vt 2.999827 1.000518
vt 3.000173 0.0005176067
vt -0.0001724958 0.9994824
vt 0 0
vt 5 6
vt 5 0
vt 0 6
vt -0.00103569 0.0003454685
vt 2.001036 5.999655
vt 1.998964 -0.0003449917
vt 0.001035869 6.000345
vt -0.00103569 0.0003454685
vt 2.001036 5.999655
vt 1.998964 -0.0003449917
vt 0.001035869 6.000345
vt 3 2
vt 0 0
vt 0 2
vt 3 0
vt -0.0007314682 1.003174
vt 13.00122 4.996826
vt 12.99878 -0.00317359
vt 0.0007333755 4.003174
vt -0.001219749 0.003174067
vt 0.001221657 5.003174
vt 11.99758 14.00207
vt 0.002415657 -0.00206995
vt -0.00241518 13.99793
vt 12.00241 0.002070904
vt 8.000002 14
vt -1.430511E-06 4.768372E-07
vt 1.192093E-06 14
vt 7.999999 -4.768372E-07
vt 1.000001 14
vt -1.251698E-06 0
vt 1.221895E-06 14
vt 0.9999988 0
vt -9.536743E-07 1.907349E-06
vt 9.536743E-07 14
vt 23 -1.907349E-06
vt 23 14
vt 20 0
vt 0 0
vt 20 7
vt 0 7
vt 1 0
vt 0 0
vt 1 7
vt 0 7
vt 20 0
vt 0 0
vt 20 7
vt 0 7
vt 0 20
vt 1 20
vt 0 0
vt 1 0
vt 16 14
vt 0 0
vt 0 14
vt 16 0
vt 0 0
vt 18 14
vt 18 0
vt 0 14
vt 9 0
vt 27 7
vt 27 0
vt 0 7
vt 13 14
vt 0 0
vt 0 14
vt 13 0
vt 22 14
vt 0 0
vt 0 14
vt 22 0
vt 0 9
vt 9 2
vt 0 0
vt 5 14
vt 5 7
vt 0 14
vt 5 0
vt 0 0
vt 11 0
vt 0 0
vt 11 5
vt 0 7
vt 0 14
vt 11 14
vt 36.99758 14.00638
vt 0.002416611 -0.006382942
vt -0.002414703 13.99362
vt 37.00241 0.006383896
vt 1.000001 14
vt -1.251698E-06 0
vt 1.221895E-06 14
vt 0.9999988 0
vt 3 3
vt 0 0
vt 0 3
vt 3 0
vt 4.000001 14
vt -1.192093E-06 4.768372E-07
vt 1.192093E-06 14
vt 3.999999 -4.768372E-07
vt 4.997583 -0.0008625984
vt -0.002416611 0.0008635521
vt 5.002417 13.99914
vt 0.001381159 11.00086
vt 0.002417088 14.00086
vt 4.997583 -0.0008625984
vt -0.002416611 0.0008635521
vt 0.002417088 14.00086
vt 5.002417 13.99914
vt 5.002417 13.99914
vt 5.001381 10.99914
vt 0.002417088 14.00086
vt 4.997583 -0.0008625984
vt -0.002416611 0.0008635521
vt -0.002416611 0.0008635521
vt 0.002417088 14.00086
vt 5.002417 13.99914
vt 4.997583 -0.0008625984
vt 10 0
vt 0 0
vt 10 5
vt 0 5
vt 8 4.999999
vt -4.768372E-07 7.152557E-07
vt 4.768372E-07 5.000001
vt 8 -7.152557E-07
vt 4 11
vt 0 0
vt 0 11
vt 4 0
vt 10 11
vt 0 0
vt 0 11
vt 10 0
vt -0.00172627 0.000518322
vt 3.001726 9.999481
vt 2.998274 -0.0005173683
vt 0.001726389 10.00052
vt 9.999999 -9.536743E-07
vt 9.536743E-07 9.000001
vt 10 8.999999
vt -9.536743E-07 9.536743E-07
vt 11 -9.536743E-07
vt 9.536743E-07 9.000001
vt 11 8.999999
vt -9.536743E-07 9.536743E-07
vt 18 9
vt 0 0
vt 0 9
vt 18 0
vt 0 0
vt 18 9
vt 18 0
vt 0 9
vt 0 0
vt 6 4
vt 6 0
vt 0 4
vt 7 2
vt 0 0
vt 0 2
vt 7 0
vt 1.001221 5.999756
vt -0.001708925 0.0002446175
vt 0.001709044 7.000244
vt 0.998291 -0.0002436638
vt 0 1
vt 1 11
vt 1 0
vt 0 11
vt 18 0.9999985
vt 1 1.490116E-06
vt 0 1.000002
vt 19 -1.66893E-06
vt 0 0
vt 0 1
vt 1 0
vt 1 1
vt 0 0
vt 0 1
vt 1 0
vt 1 1
vt 0 0
vt 0 1
vt 1 0
vt 1 1
vt 0 0
vt 0 1
vt 1 0
vt 1 1
vt 0 0
vt 0 1
vt 1 0
vt 1 1
vt 0 0
vt 0 1
vt 1 0
vt 1 1
vt 0 0
vt 0 1
vt 1 0
vt 1 1
vt 0 0
vt 0 1
vt 1 0
vt 1 1

g Combined_Mesh_(root:_scene)
usemtl Combined_Mesh_(root:_scene)
usemap Combined_Mesh_(root:_scene)
f 1/1/1 3/3/3 2/2/2
f 2/2/2 3/3/3 4/4/4
f 5/5/5 7/7/7 6/6/6
f 6/6/6 7/7/7 8/8/8
f 9/9/9 11/11/11 10/10/10
f 10/10/10 11/11/11 12/12/12
f 13/13/13 15/15/15 14/14/14
f 14/14/14 15/15/15 16/16/16
f 17/17/17 19/19/19 18/18/18
f 18/18/18 19/19/19 20/20/20
f 21/21/21 23/23/23 22/22/22
f 22/22/22 23/23/23 24/24/24
g Combined_Mesh_(root:_scene)_1
usemtl Combined_Mesh_(root:_scene)_1
usemap Combined_Mesh_(root:_scene)_1
f 25/25/25 27/27/27 26/26/26
f 26/26/26 27/27/27 28/28/28
f 29/29/29 31/31/31 30/30/30
f 30/30/30 31/31/31 32/32/32
f 33/33/33 35/35/35 34/34/34
f 34/34/34 35/35/35 36/36/36
f 37/37/37 39/39/39 38/38/38
f 38/38/38 39/39/39 40/40/40
f 41/41/41 43/43/43 42/42/42
f 42/42/42 43/43/43 44/44/44
f 45/45/45 47/47/47 46/46/46
f 46/46/46 47/47/47 48/48/48
g Combined_Mesh_(root:_scene)_2
usemtl Combined_Mesh_(root:_scene)_2
usemap Combined_Mesh_(root:_scene)_2
f 49/49/49 51/51/51 50/50/50
f 50/50/50 51/51/51 52/52/52
f 53/53/53 55/55/55 54/54/54
f 54/54/54 55/55/55 56/56/56
f 57/57/57 59/59/59 58/58/58
f 58/58/58 59/59/59 60/60/60
f 61/61/61 63/63/63 62/62/62
f 62/62/62 63/63/63 64/64/64
f 65/65/65 67/67/67 66/66/66
f 66/66/66 67/67/67 68/68/68
f 69/69/69 71/71/71 70/70/70
f 70/70/70 71/71/71 72/72/72
g Combined_Mesh_(root:_scene)_3
usemtl Combined_Mesh_(root:_scene)_3
usemap Combined_Mesh_(root:_scene)_3
f 73/73/73 75/75/75 74/74/74
f 74/74/74 75/75/75 76/76/76
f 77/77/77 79/79/79 78/78/78
f 78/78/78 79/79/79 80/80/80
f 81/81/81 83/83/83 82/82/82
f 82/82/82 83/83/83 84/84/84
f 85/85/85 87/87/87 86/86/86
f 86/86/86 87/87/87 88/88/88
f 89/89/89 91/91/91 90/90/90
f 90/90/90 91/91/91 92/92/92
f 93/93/93 95/95/95 94/94/94
f 94/94/94 95/95/95 96/96/96
g Combined_Mesh_(root:_scene)_4
usemtl Combined_Mesh_(root:_scene)_4
usemap Combined_Mesh_(root:_scene)_4
f 97/97/97 99/99/99 98/98/98
f 98/98/98 99/99/99 100/100/100
f 101/101/101 103/103/103 102/102/102
f 102/102/102 103/103/103 104/104/104
f 105/105/105 107/107/107 106/106/106
f 106/106/106 107/107/107 108/108/108
f 109/109/109 111/111/111 110/110/110
f 110/110/110 111/111/111 112/112/112
f 113/113/113 115/115/115 114/114/114
f 114/114/114 115/115/115 116/116/116
f 117/117/117 119/119/119 118/118/118
f 118/118/118 119/119/119 120/120/120
g Combined_Mesh_(root:_scene)_5
usemtl Combined_Mesh_(root:_scene)_5
usemap Combined_Mesh_(root:_scene)_5
f 121/121/121 123/123/123 122/122/122
f 122/122/122 123/123/123 124/124/124
f 125/125/125 127/127/127 126/126/126
f 126/126/126 127/127/127 128/128/128
f 129/129/129 131/131/131 130/130/130
f 130/130/130 131/131/131 132/132/132
f 133/133/133 135/135/135 134/134/134
f 134/134/134 135/135/135 136/136/136
f 137/137/137 139/139/139 138/138/138
f 138/138/138 139/139/139 140/140/140
f 141/141/141 143/143/143 142/142/142
f 142/142/142 143/143/143 144/144/144
g Combined_Mesh_(root:_scene)_6
usemtl Combined_Mesh_(root:_scene)_6
usemap Combined_Mesh_(root:_scene)_6
f 145/145/145 147/147/147 146/146/146
f 146/146/146 147/147/147 148/148/148
f 149/149/149 151/151/151 150/150/150
f 150/150/150 151/151/151 152/152/152
f 153/153/153 155/155/155 154/154/154
f 154/154/154 155/155/155 156/156/156
f 157/157/157 159/159/159 158/158/158
f 158/158/158 159/159/159 160/160/160
f 161/161/161 163/163/163 162/162/162
f 162/162/162 163/163/163 164/164/164
f 165/165/165 167/167/167 166/166/166
f 166/166/166 167/167/167 168/168/168
g Combined_Mesh_(root:_scene)_7
usemtl Combined_Mesh_(root:_scene)_7
usemap Combined_Mesh_(root:_scene)_7
f 169/169/169 171/171/171 170/170/170
f 170/170/170 171/171/171 172/172/172
f 173/173/173 175/175/175 174/174/174
f 174/174/174 175/175/175 176/176/176
f 177/177/177 179/179/179 178/178/178
f 178/178/178 179/179/179 180/180/180
f 181/181/181 183/183/183 182/182/182
f 182/182/182 183/183/183 184/184/184
f 185/185/185 187/187/187 186/186/186
f 186/186/186 187/187/187 188/188/188
f 189/189/189 191/191/191 190/190/190
f 190/190/190 191/191/191 192/192/192
g Combined_Mesh_(root:_scene)_8
usemtl Combined_Mesh_(root:_scene)_8
usemap Combined_Mesh_(root:_scene)_8
f 193/193/193 195/195/195 194/194/194
f 194/194/194 195/195/195 196/196/196
f 197/197/197 199/199/199 198/198/198
f 198/198/198 199/199/199 200/200/200
f 201/201/201 203/203/203 202/202/202
f 202/202/202 203/203/203 204/204/204
f 205/205/205 207/207/207 206/206/206
f 206/206/206 207/207/207 208/208/208
f 209/209/209 211/211/211 210/210/210
f 210/210/210 211/211/211 212/212/212
f 213/213/213 215/215/215 214/214/214
f 214/214/214 215/215/215 216/216/216
g Combined_Mesh_(root:_scene)_9
usemtl Combined_Mesh_(root:_scene)_9
usemap Combined_Mesh_(root:_scene)_9
f 217/217/217 219/219/219 218/218/218
f 218/218/218 219/219/219 220/220/220
f 221/221/221 223/223/223 222/222/222
f 222/222/222 223/223/223 224/224/224
f 225/225/225 227/227/227 226/226/226
f 226/226/226 227/227/227 228/228/228
f 229/229/229 231/231/231 230/230/230
f 230/230/230 231/231/231 232/232/232
f 233/233/233 235/235/235 234/234/234
f 234/234/234 235/235/235 236/236/236
f 237/237/237 239/239/239 238/238/238
f 238/238/238 239/239/239 240/240/240
f 241/241/241 243/243/243 242/242/242
f 242/242/242 243/243/243 244/244/244
g Combined_Mesh_(root:_scene)_10
usemtl Combined_Mesh_(root:_scene)_10
usemap Combined_Mesh_(root:_scene)_10
f 245/245/245 247/247/247 246/246/246
f 246/246/246 247/247/247 248/248/248
f 249/249/249 251/251/251 250/250/250
f 250/250/250 251/251/251 252/252/252
f 253/253/253 255/255/255 254/254/254
f 256/256/256 255/255/255 253/253/253
f 257/257/257 259/259/259 258/258/258
f 258/258/258 259/259/259 260/260/260
f 261/261/261 263/263/263 262/262/262
f 261/261/261 262/262/262 264/264/264
f 265/265/265 267/267/267 266/266/266
f 265/265/265 266/266/266 268/268/268
g Combined_Mesh_(root:_scene)_11
usemtl Combined_Mesh_(root:_scene)_11
usemap Combined_Mesh_(root:_scene)_11
f 269/269/269 271/271/271 270/270/270
f 270/270/270 271/271/271 272/272/272
f 273/273/273 275/275/275 274/274/274
f 274/274/274 275/275/275 276/276/276
f 277/277/277 279/279/279 278/278/278
f 278/278/278 279/279/279 280/280/280
f 281/281/281 283/283/283 282/282/282
f 282/282/282 283/283/283 284/284/284
f 285/285/285 287/287/287 286/286/286
f 286/286/286 287/287/287 288/288/288
f 289/289/289 291/291/291 290/290/290
f 290/290/290 291/291/291 292/292/292
g Combined_Mesh_(root:_scene)_12
usemtl Combined_Mesh_(root:_scene)_12
usemap Combined_Mesh_(root:_scene)_12
f 293/293/293 295/295/295 294/294/294
f 294/294/294 295/295/295 296/296/296
f 297/297/297 299/299/299 298/298/298
f 298/298/298 299/299/299 300/300/300
f 301/301/301 303/303/303 302/302/302
f 302/302/302 303/303/303 304/304/304
f 305/305/305 307/307/307 306/306/306
f 306/306/306 307/307/307 308/308/308
f 309/309/309 311/311/311 310/310/310
f 310/310/310 311/311/311 312/312/312
f 313/313/313 315/315/315 314/314/314
f 314/314/314 315/315/315 316/316/316
f 317/317/317 319/319/319 318/318/318
f 318/318/318 319/319/319 320/320/320
f 321/321/321 323/323/323 322/322/322
f 322/322/322 323/323/323 324/324/324
g Combined_Mesh_(root:_scene)_13
usemtl Combined_Mesh_(root:_scene)_13
usemap Combined_Mesh_(root:_scene)_13
f 325/325/325 327/327/327 326/326/326
f 326/326/326 327/327/327 328/328/328
f 329/329/329 331/331/331 330/330/330
f 330/330/330 331/331/331 332/332/332
f 333/333/333 335/335/335 334/334/334
f 334/334/334 335/335/335 336/336/336
f 337/337/337 339/339/339 338/338/338
f 338/338/338 339/339/339 340/340/340
f 341/341/341 343/343/343 342/342/342
f 342/342/342 343/343/343 344/344/344
f 345/345/345 347/347/347 346/346/346
f 346/346/346 347/347/347 348/348/348
f 349/349/349 351/351/351 350/350/350
f 350/350/350 351/351/351 352/352/352
g Combined_Mesh_(root:_scene)_14
usemtl Combined_Mesh_(root:_scene)_14
usemap Combined_Mesh_(root:_scene)_14
f 353/353/353 355/355/355 354/354/354
f 354/354/354 355/355/355 356/356/356
f 357/357/357 359/359/359 358/358/358
f 358/358/358 359/359/359 360/360/360
f 361/361/361 363/363/363 362/362/362
f 362/362/362 363/363/363 364/364/364
f 365/365/365 367/367/367 366/366/366
f 366/366/366 367/367/367 368/368/368
f 369/369/369 371/371/371 370/370/370
f 370/370/370 371/371/371 372/372/372
f 373/373/373 375/375/375 374/374/374
f 374/374/374 375/375/375 376/376/376
f 377/377/377 379/379/379 378/378/378
f 378/378/378 379/379/379 380/380/380
g Combined_Mesh_(root:_scene)_15
usemtl Combined_Mesh_(root:_scene)_15
usemap Combined_Mesh_(root:_scene)_15
f 381/381/381 383/383/383 382/382/382
f 382/382/382 383/383/383 384/384/384
f 385/385/385 387/387/387 386/386/386
f 386/386/386 387/387/387 388/388/388
f 389/389/389 391/391/391 390/390/390
f 390/390/390 391/391/391 392/392/392
f 393/393/393 395/395/395 394/394/394
f 394/394/394 395/395/395 396/396/396
f 397/397/397 399/399/399 398/398/398
f 398/398/398 399/399/399 400/400/400
f 401/401/401 403/403/403 402/402/402
f 402/402/402 403/403/403 404/404/404
g Combined_Mesh_(root:_scene)_16
usemtl Combined_Mesh_(root:_scene)_16
usemap Combined_Mesh_(root:_scene)_16
f 405/405/405 407/407/407 406/406/406
f 406/406/406 407/407/407 408/408/408
f 409/409/409 411/411/411 410/410/410
f 410/410/410 411/411/411 412/412/412
f 413/413/413 415/415/415 414/414/414
f 414/414/414 415/415/415 416/416/416
f 417/417/417 419/419/419 418/418/418
f 418/418/418 419/419/419 420/420/420
f 421/421/421 423/423/423 422/422/422
f 422/422/422 423/423/423 424/424/424
f 425/425/425 427/427/427 426/426/426
f 426/426/426 427/427/427 428/428/428
g Combined_Mesh_(root:_scene)_17
usemtl Combined_Mesh_(root:_scene)_17
usemap Combined_Mesh_(root:_scene)_17
f 429/429/429 431/431/431 430/430/430
f 430/430/430 431/431/431 432/432/432
f 433/433/433 435/435/435 434/434/434
f 434/434/434 435/435/435 436/436/436
f 437/437/437 439/439/439 438/438/438
f 440/440/440 439/439/439 437/437/437
f 441/441/441 443/443/443 442/442/442
f 442/442/442 443/443/443 444/444/444
f 444/444/444 443/443/443 445/445/445
f 446/446/446 448/448/448 447/447/447
f 447/447/447 448/448/448 449/449/449
f 450/450/450 452/452/452 451/451/451
f 451/451/451 452/452/452 453/453/453
g Combined_Mesh_(root:_scene)_18
usemtl Combined_Mesh_(root:_scene)_18
usemap Combined_Mesh_(root:_scene)_18
f 454/454/454 456/456/456 455/455/455
f 455/455/455 456/456/456 457/457/457
f 458/458/458 460/460/460 459/459/459
f 459/459/459 460/460/460 461/461/461
f 462/462/462 464/464/464 463/463/463
f 463/463/463 464/464/464 465/465/465
f 466/466/466 468/468/468 467/467/467
f 467/467/467 468/468/468 469/469/469
f 470/470/470 472/472/472 471/471/471
f 471/471/471 472/472/472 473/473/473
f 474/474/474 476/476/476 475/475/475
f 475/475/475 476/476/476 477/477/477
g Combined_Mesh_(root:_scene)_19
usemtl Combined_Mesh_(root:_scene)_19
usemap Combined_Mesh_(root:_scene)_19
f 478/478/478 480/480/480 479/479/479
f 479/479/479 480/480/480 481/481/481
f 482/482/482 484/484/484 483/483/483
f 483/483/483 484/484/484 485/485/485
f 486/486/486 488/488/488 487/487/487
f 487/487/487 488/488/488 489/489/489
f 490/490/490 492/492/492 491/491/491
f 491/491/491 492/492/492 493/493/493
f 494/494/494 496/496/496 495/495/495
f 495/495/495 496/496/496 497/497/497
f 498/498/498 500/500/500 499/499/499
f 499/499/499 500/500/500 501/501/501
g Combined_Mesh_(root:_scene)_20
usemtl Combined_Mesh_(root:_scene)_20
usemap Combined_Mesh_(root:_scene)_20
f 502/502/502 504/504/504 503/503/503
f 503/503/503 504/504/504 505/505/505
f 506/506/506 508/508/508 507/507/507
f 507/507/507 508/508/508 509/509/509
f 510/510/510 512/512/512 511/511/511
f 511/511/511 512/512/512 513/513/513
f 514/514/514 516/516/516 515/515/515
f 515/515/515 516/516/516 517/517/517
f 518/518/518 520/520/520 519/519/519
f 519/519/519 520/520/520 521/521/521
f 522/522/522 524/524/524 523/523/523
f 523/523/523 524/524/524 525/525/525
g Combined_Mesh_(root:_scene)_21
usemtl Combined_Mesh_(root:_scene)_21
usemap Combined_Mesh_(root:_scene)_21
f 526/526/526 528/528/528 527/527/527
f 527/527/527 528/528/528 529/529/529
f 530/530/530 532/532/532 531/531/531
f 531/531/531 532/532/532 533/533/533
f 534/534/534 536/536/536 535/535/535
f 535/535/535 536/536/536 537/537/537
f 538/538/538 540/540/540 539/539/539
f 539/539/539 540/540/540 541/541/541
f 542/542/542 544/544/544 543/543/543
f 543/543/543 544/544/544 545/545/545
f 546/546/546 548/548/548 547/547/547
f 547/547/547 548/548/548 549/549/549
g Combined_Mesh_(root:_scene)_22
usemtl Combined_Mesh_(root:_scene)_22
usemap Combined_Mesh_(root:_scene)_22
f 550/550/550 552/552/552 551/551/551
f 550/550/550 551/551/551 553/553/553
f 554/554/554 556/556/556 555/555/555
f 555/555/555 556/556/556 557/557/557
f 558/558/558 560/560/560 559/559/559
f 559/559/559 560/560/560 561/561/561
f 562/562/562 564/564/564 563/563/563
f 563/563/563 564/564/564 565/565/565
f 566/566/566 568/568/568 567/567/567
f 567/567/567 568/568/568 569/569/569
f 570/570/570 572/572/572 571/571/571
f 571/571/571 572/572/572 573/573/573
f 574/574/574 576/576/576 575/575/575
f 575/575/575 576/576/576 577/577/577
f 578/578/578 580/580/580 579/579/579
f 579/579/579 580/580/580 581/581/581
f 582/582/582 584/584/584 583/583/583
f 583/583/583 584/584/584 585/585/585
f 586/586/586 588/588/588 587/587/587
f 587/587/587 588/588/588 589/589/589
f 590/590/590 592/592/592 591/591/591
f 590/590/590 593/593/593 592/592/592
f 594/594/594 596/596/596 595/595/595
f 597/597/597 596/596/596 594/594/594
f 598/598/598 600/600/600 599/599/599
g Combined_Mesh_(root:_scene)_23
usemtl Combined_Mesh_(root:_scene)_23
usemap Combined_Mesh_(root:_scene)_23
f 601/601/601 603/603/603 602/602/602
f 602/602/602 603/603/603 604/604/604
g Combined_Mesh_(root:_scene)_24
usemtl Combined_Mesh_(root:_scene)_24
usemap Combined_Mesh_(root:_scene)_24
f 605/605/605 607/607/607 606/606/606
f 608/608/608 607/607/607 605/605/605
f 609/609/609 611/611/611 610/610/610
f 612/612/612 611/611/611 609/609/609
f 613/613/613 615/615/615 614/614/614
f 615/615/615 616/616/616 614/614/614
f 617/617/617 619/619/619 618/618/618
f 618/618/618 619/619/619 620/620/620
f 621/621/621 623/623/623 622/622/622
f 624/624/624 623/623/623 621/621/621
f 625/625/625 627/627/627 626/626/626
f 625/625/625 626/626/626 628/628/628
f 629/629/629 631/631/631 630/630/630
f 629/629/629 630/630/630 632/632/632
f 633/633/633 635/635/635 634/634/634
f 633/633/633 634/634/634 636/636/636
g Combined_Mesh_(root:_scene)_25
usemtl Combined_Mesh_(root:_scene)_25
usemap Combined_Mesh_(root:_scene)_25
f 637/637/637 639/639/639 638/638/638
f 638/638/638 639/639/639 640/640/640
f 641/641/641 643/643/643 642/642/642
f 642/642/642 643/643/643 644/644/644
f 645/645/645 647/647/647 646/646/646
f 645/645/645 646/646/646 648/648/648
f 649/649/649 651/651/651 650/650/650
f 650/650/650 651/651/651 652/652/652
g Combined_Mesh_(root:_scene)_26
usemtl Combined_Mesh_(root:_scene)_26
usemap Combined_Mesh_(root:_scene)_26
f 653/653/653 655/655/655 654/654/654
f 654/654/654 655/655/655 656/656/656
f 657/657/657 659/659/659 658/658/658
f 658/658/658 659/659/659 660/660/660
f 661/661/661 663/663/663 662/662/662
f 662/662/662 663/663/663 664/664/664
f 665/665/665 667/667/667 666/666/666
f 666/666/666 667/667/667 668/668/668
g Combined_Mesh_(root:_scene)_27
usemtl Combined_Mesh_(root:_scene)_27
usemap Combined_Mesh_(root:_scene)_27
f 669/669/669 671/671/671 670/670/670
f 670/670/670 671/671/671 672/672/672
f 673/673/673 672/672/672 674/674/674
f 674/674/674 672/672/672 671/671/671
f 675/675/675 677/677/677 676/676/676
f 676/676/676 677/677/677 678/678/678
f 679/679/679 681/681/681 680/680/680
f 680/680/680 681/681/681 682/682/682
f 683/683/683 685/685/685 684/684/684
f 684/684/684 685/685/685 686/686/686
f 687/687/687 689/689/689 688/688/688
f 688/688/688 689/689/689 690/690/690
f 691/691/691 693/693/693 692/692/692
f 692/692/692 693/693/693 694/694/694
f 695/695/695 697/697/697 696/696/696
f 695/695/695 698/698/698 697/697/697
f 699/699/699 698/698/698 695/695/695
f 700/700/700 698/698/698 699/699/699
f 701/701/701 703/703/703 702/702/702
f 704/704/704 702/702/702 705/705/705
f 705/705/705 702/702/702 703/703/703
f 706/706/706 708/708/708 707/707/707
f 707/707/707 708/708/708 709/709/709
f 710/710/710 708/708/708 706/706/706
f 710/710/710 711/711/711 708/708/708
f 712/712/712 711/711/711 710/710/710
f 708/708/708 711/711/711 713/713/713
f 714/714/714 711/711/711 715/715/715
f 715/715/715 711/711/711 712/712/712
f 716/716/716 711/711/711 714/714/714
f 717/717/717 714/714/714 715/715/715
g Combined_Mesh_(root:_scene)_28
usemtl Combined_Mesh_(root:_scene)_28
usemap Combined_Mesh_(root:_scene)_28
f 718/718/718 720/720/720 719/719/719
f 719/719/719 720/720/720 721/721/721
f 722/722/722 724/724/724 723/723/723
f 723/723/723 724/724/724 725/725/725
f 726/726/726 728/728/728 727/727/727
f 729/729/729 728/728/728 726/726/726
f 730/730/730 732/732/732 731/731/731
f 730/730/730 731/731/731 733/733/733
f 734/734/734 736/736/736 735/735/735
f 734/734/734 735/735/735 737/737/737
g Combined_Mesh_(root:_scene)_29
usemtl Combined_Mesh_(root:_scene)_29
usemap Combined_Mesh_(root:_scene)_29
f 738/738/738 740/740/740 739/739/739
f 738/738/738 739/739/739 741/741/741
f 742/742/742 744/744/744 743/743/743
f 742/742/742 743/743/743 745/745/745
f 746/746/746 748/748/748 747/747/747
f 747/747/747 748/748/748 749/749/749
f 750/750/750 752/752/752 751/751/751
f 750/750/750 753/753/753 752/752/752
f 752/752/752 753/753/753 754/754/754
f 754/754/754 753/753/753 755/755/755
f 756/756/756 758/758/758 757/757/757
f 757/757/757 758/758/758 759/759/759
f 760/760/760 762/762/762 761/761/761
f 761/761/761 762/762/762 763/763/763
f 764/764/764 766/766/766 765/765/765
f 765/765/765 766/766/766 767/767/767
f 768/768/768 770/770/770 769/769/769
f 769/769/769 770/770/770 771/771/771
f 772/772/772 774/774/774 773/773/773
f 773/773/773 774/774/774 775/775/775
f 776/776/776 778/778/778 777/777/777
f 777/777/777 778/778/778 779/779/779
f 780/780/780 782/782/782 781/781/781
f 780/780/780 781/781/781 783/783/783
f 784/784/784 786/786/786 785/785/785
f 785/785/785 786/786/786 787/787/787
f 788/788/788 786/786/786 789/789/789
f 787/787/787 786/786/786 788/788/788
f 790/790/790 792/792/792 791/791/791
f 793/793/793 794/794/794 791/791/791
f 791/791/791 794/794/794 790/790/790
f 795/795/795 794/794/794 793/793/793
g Combined_Mesh_(root:_scene)_30
usemtl Combined_Mesh_(root:_scene)_30
usemap Combined_Mesh_(root:_scene)_30
f 796/796/796 798/798/798 797/797/797
f 797/797/797 798/798/798 799/799/799
f 800/800/800 802/802/802 801/801/801
f 801/801/801 802/802/802 803/803/803
f 804/804/804 806/806/806 805/805/805
f 805/805/805 806/806/806 807/807/807
g Combined_Mesh_(root:_scene)_31
usemtl Combined_Mesh_(root:_scene)_31
usemap Combined_Mesh_(root:_scene)_31
f 808/808/808 810/810/810 809/809/809
f 809/809/809 810/810/810 811/811/811
f 812/812/812 814/814/814 813/813/813
f 812/812/812 813/813/813 815/815/815
f 816/816/816 818/818/818 817/817/817
f 816/816/816 817/817/817 819/819/819
g Combined_Mesh_(root:_scene)_32
usemtl Combined_Mesh_(root:_scene)_32
usemap Combined_Mesh_(root:_scene)_32
f 820/820/820 822/822/822 821/821/821
f 821/821/821 822/822/822 823/823/823
f 824/824/824 826/826/826 825/825/825
f 825/825/825 826/826/826 827/827/827
f 828/828/828 830/830/830 829/829/829
f 829/829/829 830/830/830 831/831/831
f 832/832/832 834/834/834 833/833/833
f 833/833/833 834/834/834 835/835/835
f 836/836/836 838/838/838 837/837/837
f 837/837/837 838/838/838 839/839/839
f 840/840/840 842/842/842 841/841/841
f 841/841/841 842/842/842 843/843/843
f 844/844/844 846/846/846 845/845/845
f 845/845/845 846/846/846 847/847/847
f 848/848/848 850/850/850 849/849/849
f 849/849/849 850/850/850 851/851/851
f 852/852/852 854/854/854 853/853/853
f 855/855/855 857/857/857 856/856/856
f 855/855/855 856/856/856 858/858/858
f 859/859/859 861/861/861 860/860/860
f 862/862/862 861/861/861 859/859/859
f 863/863/863 865/865/865 864/864/864
f 864/864/864 865/865/865 866/866/866
f 866/866/866 865/865/865 867/867/867
g Combined_Mesh_(root:_scene)_33
usemtl Combined_Mesh_(root:_scene)_33
usemap Combined_Mesh_(root:_scene)_33
f 868/868/868 870/870/870 869/869/869
f 869/869/869 870/870/870 871/871/871
f 872/872/872 874/874/874 873/873/873
f 873/873/873 874/874/874 875/875/875
f 876/876/876 878/878/878 877/877/877
f 877/877/877 878/878/878 879/879/879
f 880/880/880 882/882/882 881/881/881
f 881/881/881 882/882/882 883/883/883
f 884/884/884 886/886/886 885/885/885
f 885/885/885 886/886/886 887/887/887
f 888/888/888 890/890/890 889/889/889
f 889/889/889 890/890/890 891/891/891
g Combined_Mesh_(root:_scene)_34
usemtl Combined_Mesh_(root:_scene)_34
usemap Combined_Mesh_(root:_scene)_34
f 892/892/892 894/894/894 893/893/893
f 893/893/893 894/894/894 895/895/895
f 896/896/896 898/898/898 897/897/897
f 897/897/897 898/898/898 899/899/899
f 900/900/900 902/902/902 901/901/901
f 901/901/901 902/902/902 903/903/903
f 904/904/904 906/906/906 905/905/905
f 905/905/905 906/906/906 907/907/907
f 908/908/908 910/910/910 909/909/909
f 909/909/909 910/910/910 911/911/911
f 912/912/912 914/914/914 913/913/913
f 913/913/913 914/914/914 915/915/915
g Combined_Mesh_(root:_scene)_35
usemtl Combined_Mesh_(root:_scene)_35
usemap Combined_Mesh_(root:_scene)_35
f 916/916/916 918/918/918 917/917/917
f 917/917/917 918/918/918 919/919/919
f 920/920/920 922/922/922 921/921/921
f 921/921/921 922/922/922 923/923/923
f 924/924/924 926/926/926 925/925/925
f 925/925/925 926/926/926 927/927/927
f 928/928/928 930/930/930 929/929/929
f 929/929/929 930/930/930 931/931/931
f 932/932/932 934/934/934 933/933/933
f 933/933/933 934/934/934 935/935/935
f 936/936/936 938/938/938 937/937/937
f 937/937/937 938/938/938 939/939/939
g Combined_Mesh_(root:_scene)_36
usemtl Combined_Mesh_(root:_scene)_36
usemap Combined_Mesh_(root:_scene)_36
f 940/940/940 942/942/942 941/941/941
f 941/941/941 942/942/942 943/943/943
f 944/944/944 946/946/946 945/945/945
f 945/945/945 946/946/946 947/947/947
f 948/948/948 950/950/950 949/949/949
f 949/949/949 950/950/950 951/951/951
f 952/952/952 954/954/954 953/953/953
f 953/953/953 954/954/954 955/955/955
f 956/956/956 958/958/958 957/957/957
f 957/957/957 958/958/958 959/959/959
f 960/960/960 962/962/962 961/961/961
f 961/961/961 962/962/962 963/963/963
g Combined_Mesh_(root:_scene)_37
usemtl Combined_Mesh_(root:_scene)_37
usemap Combined_Mesh_(root:_scene)_37
f 964/964/964 966/966/966 965/965/965
f 965/965/965 966/966/966 967/967/967
f 968/968/968 970/970/970 969/969/969
f 969/969/969 970/970/970 971/971/971
f 972/972/972 974/974/974 973/973/973
f 973/973/973 974/974/974 975/975/975
f 976/976/976 978/978/978 977/977/977
f 977/977/977 978/978/978 979/979/979
f 980/980/980 982/982/982 981/981/981
f 981/981/981 982/982/982 983/983/983
f 984/984/984 986/986/986 985/985/985
f 985/985/985 986/986/986 987/987/987
g Combined_Mesh_(root:_scene)_38
usemtl Combined_Mesh_(root:_scene)_38
usemap Combined_Mesh_(root:_scene)_38
f 988/988/988 990/990/990 989/989/989
f 989/989/989 990/990/990 991/991/991
f 992/992/992 994/994/994 993/993/993
f 993/993/993 994/994/994 995/995/995
f 996/996/996 998/998/998 997/997/997
f 997/997/997 998/998/998 999/999/999
f 1000/1000/1000 1002/1002/1002 1001/1001/1001
f 1001/1001/1001 1002/1002/1002 1003/1003/1003
f 1004/1004/1004 1006/1006/1006 1005/1005/1005
f 1005/1005/1005 1006/1006/1006 1007/1007/1007
f 1008/1008/1008 1010/1010/1010 1009/1009/1009
f 1009/1009/1009 1010/1010/1010 1011/1011/1011
g Combined_Mesh_(root:_scene)_39
usemtl Combined_Mesh_(root:_scene)_39
usemap Combined_Mesh_(root:_scene)_39
f 1012/1012/1012 1014/1014/1014 1013/1013/1013
f 1013/1013/1013 1014/1014/1014 1015/1015/1015
f 1016/1016/1016 1018/1018/1018 1017/1017/1017
f 1017/1017/1017 1018/1018/1018 1019/1019/1019
f 1020/1020/1020 1022/1022/1022 1021/1021/1021
f 1021/1021/1021 1022/1022/1022 1023/1023/1023
f 1024/1024/1024 1026/1026/1026 1025/1025/1025
f 1025/1025/1025 1026/1026/1026 1027/1027/1027
f 1028/1028/1028 1030/1030/1030 1029/1029/1029
f 1029/1029/1029 1030/1030/1030 1031/1031/1031
f 1032/1032/1032 1030/1030/1030 1028/1028/1028
f 1032/1032/1032 1033/1033/1033 1030/1030/1030
f 1030/1030/1030 1033/1033/1033 1034/1034/1034
f 1035/1035/1035 1037/1037/1037 1036/1036/1036
f 1038/1038/1038 1037/1037/1037 1039/1039/1039
f 1036/1036/1036 1037/1037/1037 1038/1038/1038
g Combined_Mesh_(root:_scene)_40
usemtl Combined_Mesh_(root:_scene)_40
usemap Combined_Mesh_(root:_scene)_40
f 1040/1040/1040 1042/1042/1042 1041/1041/1041
f 1041/1041/1041 1042/1042/1042 1043/1043/1043
f 1044/1044/1044 1046/1046/1046 1045/1045/1045
f 1045/1045/1045 1046/1046/1046 1047/1047/1047
f 1048/1048/1048 1050/1050/1050 1049/1049/1049
f 1049/1049/1049 1050/1050/1050 1051/1051/1051
f 1052/1052/1052 1054/1054/1054 1053/1053/1053
f 1053/1053/1053 1054/1054/1054 1055/1055/1055
f 1056/1056/1056 1058/1058/1058 1057/1057/1057
f 1057/1057/1057 1058/1058/1058 1059/1059/1059
f 1060/1060/1060 1062/1062/1062 1061/1061/1061
f 1061/1061/1061 1062/1062/1062 1063/1063/1063
f 1064/1064/1064 1066/1066/1066 1065/1065/1065
f 1065/1065/1065 1066/1066/1066 1067/1067/1067
f 1068/1068/1068 1070/1070/1070 1069/1069/1069
f 1069/1069/1069 1070/1070/1070 1071/1071/1071
f 1072/1072/1072 1074/1074/1074 1073/1073/1073
f 1073/1073/1073 1074/1074/1074 1075/1075/1075
f 1076/1076/1076 1078/1078/1078 1077/1077/1077
f 1076/1076/1076 1077/1077/1077 1079/1079/1079
f 1080/1080/1080 1082/1082/1082 1081/1081/1081
f 1080/1080/1080 1081/1081/1081 1083/1083/1083
g Combined_Mesh_(root:_scene)_41
usemtl Combined_Mesh_(root:_scene)_41
usemap Combined_Mesh_(root:_scene)_41
f 1084/1084/1084 1086/1086/1086 1085/1085/1085
f 1084/1084/1084 1085/1085/1085 1087/1087/1087
f 1088/1088/1088 1090/1090/1090 1089/1089/1089
f 1088/1088/1088 1089/1089/1089 1091/1091/1091
f 1092/1092/1092 1094/1094/1094 1093/1093/1093
f 1092/1092/1092 1093/1093/1093 1095/1095/1095
f 1096/1096/1096 1098/1098/1098 1097/1097/1097
f 1096/1096/1096 1097/1097/1097 1099/1099/1099
f 1100/1100/1100 1102/1102/1102 1101/1101/1101
f 1100/1100/1100 1103/1103/1103 1102/1102/1102
f 1102/1102/1102 1103/1103/1103 1104/1104/1104
f 1105/1105/1105 1107/1107/1107 1106/1106/1106
f 1106/1106/1106 1107/1107/1107 1108/1108/1108
f 1108/1108/1108 1107/1107/1107 1109/1109/1109
g Combined_Mesh_(root:_scene)_42
usemtl Combined_Mesh_(root:_scene)_42
usemap Combined_Mesh_(root:_scene)_42
f 1110/1110/1110 1112/1112/1112 1111/1111/1111
f 1111/1111/1111 1112/1112/1112 1113/1113/1113
f 1114/1114/1114 1116/1116/1116 1115/1115/1115
f 1115/1115/1115 1116/1116/1116 1117/1117/1117
f 1118/1118/1118 1120/1120/1120 1119/1119/1119
f 1119/1119/1119 1120/1120/1120 1121/1121/1121
f 1122/1122/1122 1124/1124/1124 1123/1123/1123
f 1123/1123/1123 1124/1124/1124 1125/1125/1125
f 1126/1126/1126 1128/1128/1128 1127/1127/1127
f 1127/1127/1127 1128/1128/1128 1129/1129/1129
f 1130/1130/1130 1132/1132/1132 1131/1131/1131
f 1131/1131/1131 1132/1132/1132 1133/1133/1133
f 1133/1133/1133 1132/1132/1132 1134/1134/1134
f 1135/1135/1135 1137/1137/1137 1136/1136/1136
f 1138/1138/1138 1137/1137/1137 1139/1139/1139
f 1136/1136/1136 1137/1137/1137 1138/1138/1138
f 1140/1140/1140 1142/1142/1142 1141/1141/1141
f 1141/1141/1141 1142/1142/1142 1143/1143/1143
f 1143/1143/1143 1142/1142/1142 1144/1144/1144
f 1145/1145/1145 1147/1147/1147 1146/1146/1146
f 1148/1148/1148 1147/1147/1147 1149/1149/1149
f 1146/1146/1146 1147/1147/1147 1148/1148/1148
g Combined_Mesh_(root:_scene)_43
usemtl Combined_Mesh_(root:_scene)_43
usemap Combined_Mesh_(root:_scene)_43
f 1150/1150/1150 1152/1152/1152 1151/1151/1151
f 1151/1151/1151 1152/1152/1152 1153/1153/1153
f 1154/1154/1154 1156/1156/1156 1155/1155/1155
f 1155/1155/1155 1156/1156/1156 1157/1157/1157
f 1158/1158/1158 1160/1160/1160 1159/1159/1159
f 1159/1159/1159 1160/1160/1160 1161/1161/1161
f 1161/1161/1161 1160/1160/1160 1162/1162/1162
f 1163/1163/1163 1165/1165/1165 1164/1164/1164
f 1164/1164/1164 1165/1165/1165 1166/1166/1166
f 1166/1166/1166 1165/1165/1165 1167/1167/1167
f 1168/1168/1168 1170/1170/1170 1169/1169/1169
f 1169/1169/1169 1170/1170/1170 1171/1171/1171
f 1171/1171/1171 1170/1170/1170 1172/1172/1172
f 1173/1173/1173 1175/1175/1175 1174/1174/1174
f 1174/1174/1174 1175/1175/1175 1176/1176/1176
f 1177/1177/1177 1179/1179/1179 1178/1178/1178
f 1178/1178/1178 1179/1179/1179 1180/1180/1180
f 1180/1180/1180 1179/1179/1179 1181/1181/1181
f 1182/1182/1182 1184/1184/1184 1183/1183/1183
f 1183/1183/1183 1184/1184/1184 1185/1185/1185
g Combined_Mesh_(root:_scene)_44
usemtl Combined_Mesh_(root:_scene)_44
usemap Combined_Mesh_(root:_scene)_44
f 1186/1186/1186 1188/1188/1188 1187/1187/1187
f 1186/1186/1186 1187/1187/1187 1189/1189/1189
f 1190/1190/1190 1192/1192/1192 1191/1191/1191
f 1190/1190/1190 1191/1191/1191 1193/1193/1193
f 1194/1194/1194 1196/1196/1196 1195/1195/1195
f 1194/1194/1194 1195/1195/1195 1197/1197/1197
f 1198/1198/1198 1200/1200/1200 1199/1199/1199
f 1199/1199/1199 1200/1200/1200 1201/1201/1201
f 1202/1202/1202 1204/1204/1204 1203/1203/1203
f 1205/1205/1205 1204/1204/1204 1202/1202/1202
f 1206/1206/1206 1208/1208/1208 1207/1207/1207
f 1209/1209/1209 1210/1210/1210 1207/1207/1207
f 1207/1207/1207 1210/1210/1210 1206/1206/1206
f 1211/1211/1211 1210/1210/1210 1209/1209/1209
f 1212/1212/1212 1214/1214/1214 1213/1213/1213
f 1212/1212/1212 1213/1213/1213 1215/1215/1215
f 1216/1216/1216 1218/1218/1218 1217/1217/1217
f 1216/1216/1216 1217/1217/1217 1219/1219/1219
f 1220/1220/1220 1222/1222/1222 1221/1221/1221
f 1220/1220/1220 1221/1221/1221 1223/1223/1223
f 1224/1224/1224 1226/1226/1226 1225/1225/1225
f 1224/1224/1224 1225/1225/1225 1227/1227/1227
g Combined_Mesh_(root:_scene)_45
usemtl Combined_Mesh_(root:_scene)_45
usemap Combined_Mesh_(root:_scene)_45
f 1228/1228/1228 1230/1230/1230 1229/1229/1229
f 1229/1229/1229 1230/1230/1230 1231/1231/1231
f 1232/1232/1232 1234/1234/1234 1233/1233/1233
f 1232/1232/1232 1233/1233/1233 1235/1235/1235
f 1236/1236/1236 1238/1238/1238 1237/1237/1237
f 1236/1236/1236 1237/1237/1237 1239/1239/1239
f 1240/1240/1240 1242/1242/1242 1241/1241/1241
f 1240/1240/1240 1241/1241/1241 1243/1243/1243
g Combined_Mesh_(root:_scene)_46
usemtl Combined_Mesh_(root:_scene)_46
usemap Combined_Mesh_(root:_scene)_46
f 1244/1244/1244 1246/1246/1246 1245/1245/1245
f 1244/1244/1244 1245/1245/1245 1247/1247/1247
f 1248/1248/1248 1250/1250/1250 1249/1249/1249
f 1248/1248/1248 1249/1249/1249 1251/1251/1251
f 1252/1252/1252 1254/1254/1254 1253/1253/1253
f 1252/1252/1252 1253/1253/1253 1255/1255/1255
f 1256/1256/1256 1258/1258/1258 1257/1257/1257
f 1257/1257/1257 1258/1258/1258 1259/1259/1259
f 1259/1259/1259 1258/1258/1258 1260/1260/1260
f 1261/1261/1261 1263/1263/1263 1262/1262/1262
f 1264/1264/1264 1263/1263/1263 1265/1265/1265
f 1262/1262/1262 1263/1263/1263 1264/1264/1264
f 1266/1266/1266 1268/1268/1268 1267/1267/1267
f 1269/1269/1269 1268/1268/1268 1266/1266/1266
g Combined_Mesh_(root:_scene)_47
usemtl Combined_Mesh_(root:_scene)_47
usemap Combined_Mesh_(root:_scene)_47
f 1270/1270/1270 1272/1272/1272 1271/1271/1271
f 1270/1270/1270 1271/1271/1271 1273/1273/1273
f 1274/1274/1274 1276/1276/1276 1275/1275/1275
f 1275/1275/1275 1276/1276/1276 1277/1277/1277
f 1278/1278/1278 1280/1280/1280 1279/1279/1279
f 1279/1279/1279 1280/1280/1280 1281/1281/1281
f 1282/1282/1282 1284/1284/1284 1283/1283/1283
f 1283/1283/1283 1284/1284/1284 1285/1285/1285
f 1286/1286/1286 1288/1288/1288 1287/1287/1287
f 1287/1287/1287 1288/1288/1288 1289/1289/1289
f 1290/1290/1290 1292/1292/1292 1291/1291/1291
f 1293/1293/1293 1292/1292/1292 1294/1294/1294
f 1291/1291/1291 1292/1292/1292 1293/1293/1293
f 1295/1295/1295 1297/1297/1297 1296/1296/1296
f 1296/1296/1296 1297/1297/1297 1298/1298/1298
f 1299/1299/1299 1301/1301/1301 1300/1300/1300
f 1300/1300/1300 1301/1301/1301 1302/1302/1302
f 1302/1302/1302 1301/1301/1301 1303/1303/1303
g Combined_Mesh_(root:_scene)_48
usemtl Combined_Mesh_(root:_scene)_48
usemap Combined_Mesh_(root:_scene)_48
f 1304/1304/1304 1306/1306/1306 1305/1305/1305
f 1305/1305/1305 1306/1306/1306 1307/1307/1307
f 1308/1308/1308 1310/1310/1310 1309/1309/1309
f 1308/1308/1308 1309/1309/1309 1311/1311/1311
f 1312/1312/1312 1314/1314/1314 1313/1313/1313
f 1312/1312/1312 1313/1313/1313 1315/1315/1315
f 1316/1316/1316 1318/1318/1318 1317/1317/1317
f 1316/1316/1316 1317/1317/1317 1319/1319/1319
f 1320/1320/1320 1322/1322/1322 1321/1321/1321
f 1320/1320/1320 1321/1321/1321 1323/1323/1323
f 1324/1324/1324 1326/1326/1326 1325/1325/1325
f 1324/1324/1324 1325/1325/1325 1327/1327/1327
f 1328/1328/1328 1330/1330/1330 1329/1329/1329
f 1328/1328/1328 1329/1329/1329 1331/1331/1331
f 1332/1332/1332 1334/1334/1334 1333/1333/1333
f 1332/1332/1332 1333/1333/1333 1335/1335/1335
f 1336/1336/1336 1338/1338/1338 1337/1337/1337
f 1336/1336/1336 1337/1337/1337 1339/1339/1339
f 1340/1340/1340 1342/1342/1342 1341/1341/1341
f 1340/1340/1340 1341/1341/1341 1343/1343/1343
f 1344/1344/1344 1346/1346/1346 1345/1345/1345
f 1346/1346/1346 1347/1347/1347 1345/1345/1345
f 1348/1348/1348 1349/1349/1349 1346/1346/1346
f 1349/1349/1349 1347/1347/1347 1346/1346/1346
f 1350/1350/1350 1351/1351/1351 1349/1349/1349
f 1351/1351/1351 1347/1347/1347 1349/1349/1349
f 1352/1352/1352 1353/1353/1353 1351/1351/1351
f 1351/1351/1351 1353/1353/1353 1347/1347/1347
f 1347/1347/1347 1353/1353/1353 1354/1354/1354
f 1354/1354/1354 1353/1353/1353 1355/1355/1355
f 1356/1356/1356 1358/1358/1358 1357/1357/1357
f 1356/1356/1356 1359/1359/1359 1358/1358/1358
f 1356/1356/1356 1360/1360/1360 1359/1359/1359
f 1356/1356/1356 1361/1361/1361 1360/1360/1360
f 1359/1359/1359 1360/1360/1360 1362/1362/1362
f 1360/1360/1360 1363/1363/1363 1362/1362/1362
f 1359/1359/1359 1362/1362/1362 1364/1364/1364
f 1362/1362/1362 1365/1365/1365 1364/1364/1364
f 1359/1359/1359 1364/1364/1364 1366/1366/1366
f 1364/1364/1364 1367/1367/1367 1366/1366/1366
g Combined_Mesh_(root:_scene)_49
usemtl Combined_Mesh_(root:_scene)_49
usemap Combined_Mesh_(root:_scene)_49
f 1368/1368/1368 1370/1370/1370 1369/1369/1369
f 1368/1368/1368 1369/1369/1369 1371/1371/1371
f 1372/1372/1372 1374/1374/1374 1373/1373/1373
f 1372/1372/1372 1373/1373/1373 1375/1375/1375
f 1376/1376/1376 1378/1378/1378 1377/1377/1377
f 1376/1376/1376 1377/1377/1377 1379/1379/1379
f 1380/1380/1380 1382/1382/1382 1381/1381/1381
f 1380/1380/1380 1381/1381/1381 1383/1383/1383
f 1384/1384/1384 1386/1386/1386 1385/1385/1385
f 1384/1384/1384 1385/1385/1385 1387/1387/1387
g Combined_Mesh_(root:_scene)_50
usemtl Combined_Mesh_(root:_scene)_50
usemap Combined_Mesh_(root:_scene)_50
f 1388/1388/1388 1390/1390/1390 1389/1389/1389
f 1388/1388/1388 1389/1389/1389 1391/1391/1391
g Combined_Mesh_(root:_scene)_51
usemtl Combined_Mesh_(root:_scene)_51
usemap Combined_Mesh_(root:_scene)_51
f 1392/1392/1392 1394/1394/1394 1393/1393/1393
f 1392/1392/1392 1393/1393/1393 1395/1395/1395
f 1396/1396/1396 1398/1398/1398 1397/1397/1397
f 1396/1396/1396 1397/1397/1397 1399/1399/1399
f 1400/1400/1400 1402/1402/1402 1401/1401/1401
f 1400/1400/1400 1401/1401/1401 1403/1403/1403
g Combined_Mesh_(root:_scene)_52
usemtl Combined_Mesh_(root:_scene)_52
usemap Combined_Mesh_(root:_scene)_52
f 1404/1404/1404 1406/1406/1406 1405/1405/1405
f 1405/1405/1405 1406/1406/1406 1407/1407/1407
f 1408/1408/1408 1410/1410/1410 1409/1409/1409
f 1408/1408/1408 1409/1409/1409 1411/1411/1411
f 1412/1412/1412 1414/1414/1414 1413/1413/1413
f 1412/1412/1412 1413/1413/1413 1415/1415/1415
f 1416/1416/1416 1418/1418/1418 1417/1417/1417
f 1416/1416/1416 1417/1417/1417 1419/1419/1419
f 1420/1420/1420 1422/1422/1422 1421/1421/1421
f 1420/1420/1420 1421/1421/1421 1423/1423/1423
f 1424/1424/1424 1426/1426/1426 1425/1425/1425
f 1424/1424/1424 1425/1425/1425 1427/1427/1427
f 1428/1428/1428 1430/1430/1430 1429/1429/1429
f 1428/1428/1428 1429/1429/1429 1431/1431/1431
f 1432/1432/1432 1434/1434/1434 1433/1433/1433
f 1432/1432/1432 1433/1433/1433 1435/1435/1435
f 1436/1436/1436 1438/1438/1438 1437/1437/1437
f 1436/1436/1436 1437/1437/1437 1439/1439/1439
f 1440/1440/1440 1442/1442/1442 1441/1441/1441
f 1440/1440/1440 1441/1441/1441 1443/1443/1443
f 1444/1444/1444 1446/1446/1446 1445/1445/1445
f 1444/1444/1444 1445/1445/1445 1447/1447/1447
g Combined_Mesh_(root:_scene)_53
usemtl Combined_Mesh_(root:_scene)_53
usemap Combined_Mesh_(root:_scene)_53
f 1448/1448/1448 1450/1450/1450 1449/1449/1449
f 1448/1448/1448 1449/1449/1449 1451/1451/1451
f 1452/1452/1452 1454/1454/1454 1453/1453/1453
f 1452/1452/1452 1453/1453/1453 1455/1455/1455
f 1456/1456/1456 1458/1458/1458 1457/1457/1457
f 1456/1456/1456 1457/1457/1457 1459/1459/1459
f 1460/1460/1460 1462/1462/1462 1461/1461/1461
f 1460/1460/1460 1461/1461/1461 1463/1463/1463
f 1464/1464/1464 1466/1466/1466 1465/1465/1465
f 1464/1464/1464 1465/1465/1465 1467/1467/1467
f 1468/1468/1468 1470/1470/1470 1469/1469/1469
f 1468/1468/1468 1469/1469/1469 1471/1471/1471
f 1472/1472/1472 1474/1474/1474 1473/1473/1473
f 1472/1472/1472 1473/1473/1473 1475/1475/1475
f 1476/1476/1476 1478/1478/1478 1477/1477/1477
f 1476/1476/1476 1477/1477/1477 1479/1479/1479
f 1480/1480/1480 1482/1482/1482 1481/1481/1481
f 1480/1480/1480 1481/1481/1481 1483/1483/1483
f 1484/1484/1484 1486/1486/1486 1485/1485/1485
f 1484/1484/1484 1485/1485/1485 1487/1487/1487
f 1488/1488/1488 1490/1490/1490 1489/1489/1489
f 1488/1488/1488 1489/1489/1489 1491/1491/1491
f 1492/1492/1492 1494/1494/1494 1493/1493/1493
f 1492/1492/1492 1493/1493/1493 1495/1495/1495
f 1496/1496/1496 1498/1498/1498 1497/1497/1497
f 1496/1496/1496 1497/1497/1497 1499/1499/1499
f 1500/1500/1500 1502/1502/1502 1501/1501/1501
f 1501/1501/1501 1502/1502/1502 1503/1503/1503
f 1504/1504/1504 1506/1506/1506 1505/1505/1505
f 1507/1507/1507 1506/1506/1506 1504/1504/1504
f 1508/1508/1508 1510/1510/1510 1509/1509/1509
f 1509/1509/1509 1510/1510/1510 1511/1511/1511
f 1512/1512/1512 1510/1510/1510 1508/1508/1508
f 1513/1513/1513 1515/1515/1515 1514/1514/1514
f 1514/1514/1514 1516/1516/1516 1513/1513/1513
f 1514/1514/1514 1515/1515/1515 1517/1517/1517
f 1518/1518/1518 1515/1515/1515 1513/1513/1513
f 1518/1518/1518 1520/1520/1520 1519/1519/1519
f 1518/1518/1518 1519/1519/1519 1515/1515/1515
f 1520/1520/1520 1518/1518/1518 1521/1521/1521
f 1520/1520/1520 1522/1522/1522 1519/1519/1519
f 1520/1520/1520 1524/1524/1524 1523/1523/1523
f 1520/1520/1520 1523/1523/1523 1522/1522/1522
f 1525/1525/1525 1527/1527/1527 1526/1526/1526
f 1527/1527/1527 1528/1528/1528 1526/1526/1526
g Combined_Mesh_(root:_scene)_54
usemtl Combined_Mesh_(root:_scene)_54
usemap Combined_Mesh_(root:_scene)_54
f 1529/1529/1529 1531/1531/1531 1530/1530/1530
f 1529/1529/1529 1530/1530/1530 1532/1532/1532
f 1533/1533/1533 1535/1535/1535 1534/1534/1534
f 1533/1533/1533 1534/1534/1534 1536/1536/1536
f 1537/1537/1537 1539/1539/1539 1538/1538/1538
f 1537/1537/1537 1538/1538/1538 1540/1540/1540
f 1541/1541/1541 1543/1543/1543 1542/1542/1542
f 1541/1541/1541 1542/1542/1542 1544/1544/1544
f 1545/1545/1545 1547/1547/1547 1546/1546/1546
f 1545/1545/1545 1546/1546/1546 1548/1548/1548
f 1549/1549/1549 1551/1551/1551 1550/1550/1550
f 1549/1549/1549 1550/1550/1550 1552/1552/1552
f 1553/1553/1553 1555/1555/1555 1554/1554/1554
f 1556/1556/1556 1555/1555/1555 1557/1557/1557
f 1554/1554/1554 1555/1555/1555 1556/1556/1556
f 1558/1558/1558 1560/1560/1560 1559/1559/1559
f 1559/1559/1559 1560/1560/1560 1561/1561/1561
f 1562/1562/1562 1564/1564/1564 1563/1563/1563
f 1563/1563/1563 1564/1564/1564 1565/1565/1565
f 1565/1565/1565 1564/1564/1564 1566/1566/1566
f 1567/1567/1567 1569/1569/1569 1568/1568/1568
f 1568/1568/1568 1569/1569/1569 1570/1570/1570
g Combined_Mesh_(root:_scene)_55
usemtl Combined_Mesh_(root:_scene)_55
usemap Combined_Mesh_(root:_scene)_55
f 1571/1571/1571 1573/1573/1573 1572/1572/1572
f 1572/1572/1572 1573/1573/1573 1574/1574/1574
f 1575/1575/1575 1577/1577/1577 1576/1576/1576
f 1576/1576/1576 1577/1577/1577 1578/1578/1578
f 1579/1579/1579 1581/1581/1581 1580/1580/1580
f 1580/1580/1580 1581/1581/1581 1582/1582/1582
f 1583/1583/1583 1585/1585/1585 1584/1584/1584
f 1584/1584/1584 1585/1585/1585 1586/1586/1586
f 1587/1587/1587 1589/1589/1589 1588/1588/1588
f 1588/1588/1588 1589/1589/1589 1590/1590/1590
f 1591/1591/1591 1593/1593/1593 1592/1592/1592
f 1592/1592/1592 1593/1593/1593 1594/1594/1594
f 1594/1594/1594 1593/1593/1593 1595/1595/1595
f 1596/1596/1596 1598/1598/1598 1597/1597/1597
f 1599/1599/1599 1598/1598/1598 1600/1600/1600
f 1597/1597/1597 1598/1598/1598 1599/1599/1599
g Combined_Mesh_(root:_scene)_56
usemtl Combined_Mesh_(root:_scene)_56
usemap Combined_Mesh_(root:_scene)_56
f 1601/1601/1601 1603/1603/1603 1602/1602/1602
f 1602/1602/1602 1603/1603/1603 1604/1604/1604
f 1605/1605/1605 1607/1607/1607 1606/1606/1606
f 1608/1608/1608 1607/1607/1607 1605/1605/1605
f 1609/1609/1609 1611/1611/1611 1610/1610/1610
f 1609/1609/1609 1613/1613/1613 1612/1612/1612
f 1610/1610/1610 1613/1613/1613 1609/1609/1609
f 1612/1612/1612 1613/1613/1613 1614/1614/1614
f 1615/1615/1615 1617/1617/1617 1616/1616/1616
f 1616/1616/1616 1617/1617/1617 1618/1618/1618
f 1619/1619/1619 1617/1617/1617 1620/1620/1620
f 1618/1618/1618 1617/1617/1617 1619/1619/1619
f 1621/1621/1621 1623/1623/1623 1622/1622/1622
f 1622/1622/1622 1623/1623/1623 1624/1624/1624
f 1625/1625/1625 1624/1624/1624 1626/1626/1626
f 1626/1626/1626 1624/1624/1624 1627/1627/1627
f 1627/1627/1627 1624/1624/1624 1623/1623/1623
f 1628/1628/1628 1630/1630/1630 1629/1629/1629
f 1631/1631/1631 1630/1630/1630 1628/1628/1628
g Combined_Mesh_(root:_scene)_57
usemtl Combined_Mesh_(root:_scene)_57
usemap Combined_Mesh_(root:_scene)_57
f 1632/1632/1632 1634/1634/1634 1633/1633/1633
f 1633/1633/1633 1634/1634/1634 1635/1635/1635
f 1636/1636/1636 1638/1638/1638 1637/1637/1637
f 1637/1637/1637 1638/1638/1638 1639/1639/1639
f 1640/1640/1640 1642/1642/1642 1641/1641/1641
f 1641/1641/1641 1642/1642/1642 1643/1643/1643
f 1644/1644/1644 1646/1646/1646 1645/1645/1645
f 1645/1645/1645 1646/1646/1646 1647/1647/1647
f 1648/1648/1648 1650/1650/1650 1649/1649/1649
f 1649/1649/1649 1650/1650/1650 1651/1651/1651
f 1651/1651/1651 1650/1650/1650 1652/1652/1652
f 1653/1653/1653 1655/1655/1655 1654/1654/1654
f 1656/1656/1656 1655/1655/1655 1653/1653/1653
f 1657/1657/1657 1659/1659/1659 1658/1658/1658
f 1660/1660/1660 1659/1659/1659 1661/1661/1661
f 1658/1658/1658 1659/1659/1659 1660/1660/1660
f 1662/1662/1662 1664/1664/1664 1663/1663/1663
f 1665/1665/1665 1664/1664/1664 1662/1662/1662
g Combined_Mesh_(root:_scene)_58
usemtl Combined_Mesh_(root:_scene)_58
usemap Combined_Mesh_(root:_scene)_58
f 1666/1666/1666 1668/1668/1668 1667/1667/1667
f 1666/1666/1666 1667/1667/1667 1669/1669/1669
f 1670/1670/1670 1672/1672/1672 1671/1671/1671
f 1670/1670/1670 1671/1671/1671 1673/1673/1673
f 1674/1674/1674 1676/1676/1676 1675/1675/1675
f 1674/1674/1674 1675/1675/1675 1677/1677/1677
g Combined_Mesh_(root:_scene)_59
usemtl Combined_Mesh_(root:_scene)_59
usemap Combined_Mesh_(root:_scene)_59
f 1678/1678/1678 1680/1680/1680 1679/1679/1679
f 1678/1678/1678 1679/1679/1679 1681/1681/1681
f 1682/1682/1682 1684/1684/1684 1683/1683/1683
f 1682/1682/1682 1683/1683/1683 1685/1685/1685
f 1686/1686/1686 1688/1688/1688 1687/1687/1687
f 1686/1686/1686 1687/1687/1687 1689/1689/1689
f 1690/1690/1690 1692/1692/1692 1691/1691/1691
f 1690/1690/1690 1691/1691/1691 1693/1693/1693
f 1694/1694/1694 1696/1696/1696 1695/1695/1695
f 1694/1694/1694 1695/1695/1695 1697/1697/1697
f 1698/1698/1698 1700/1700/1700 1699/1699/1699
f 1698/1698/1698 1699/1699/1699 1701/1701/1701
f 1702/1702/1702 1704/1704/1704 1703/1703/1703
f 1702/1702/1702 1703/1703/1703 1705/1705/1705
f 1706/1706/1706 1708/1708/1708 1707/1707/1707
f 1706/1706/1706 1707/1707/1707 1709/1709/1709
f 1710/1710/1710 1712/1712/1712 1711/1711/1711
f 1710/1710/1710 1711/1711/1711 1713/1713/1713
g Combined_Mesh_(root:_scene)_60
usemtl Combined_Mesh_(root:_scene)_60
usemap Combined_Mesh_(root:_scene)_60
f 1714/1714/1714 1716/1716/1716 1715/1715/1715
f 1715/1715/1715 1716/1716/1716 1717/1717/1717
f 1718/1718/1718 1720/1720/1720 1719/1719/1719
f 1718/1718/1718 1719/1719/1719 1721/1721/1721
f 1722/1722/1722 1724/1724/1724 1723/1723/1723
f 1722/1722/1722 1723/1723/1723 1725/1725/1725
f 1726/1726/1726 1728/1728/1728 1727/1727/1727
f 1726/1726/1726 1727/1727/1727 1729/1729/1729
f 1730/1730/1730 1732/1732/1732 1731/1731/1731
f 1730/1730/1730 1731/1731/1731 1733/1733/1733
f 1734/1734/1734 1736/1736/1736 1735/1735/1735
f 1734/1734/1734 1735/1735/1735 1737/1737/1737
f 1738/1738/1738 1740/1740/1740 1739/1739/1739
f 1738/1738/1738 1739/1739/1739 1741/1741/1741
g Combined_Mesh_(root:_scene)_61
usemtl Combined_Mesh_(root:_scene)_61
usemap Combined_Mesh_(root:_scene)_61
f 1742/1742/1742 1744/1744/1744 1743/1743/1743
f 1742/1742/1742 1743/1743/1743 1745/1745/1745
f 1746/1746/1746 1748/1748/1748 1747/1747/1747
f 1746/1746/1746 1747/1747/1747 1749/1749/1749
g Combined_Mesh_(root:_scene)_62
usemtl Combined_Mesh_(root:_scene)_62
usemap Combined_Mesh_(root:_scene)_62
f 1750/1750/1750 1752/1752/1752 1751/1751/1751
f 1751/1751/1751 1752/1752/1752 1753/1753/1753
f 1754/1754/1754 1756/1756/1756 1755/1755/1755
f 1754/1754/1754 1755/1755/1755 1757/1757/1757
f 1758/1758/1758 1760/1760/1760 1759/1759/1759
f 1758/1758/1758 1759/1759/1759 1761/1761/1761
f 1762/1762/1762 1764/1764/1764 1763/1763/1763
f 1762/1762/1762 1763/1763/1763 1765/1765/1765
f 1766/1766/1766 1768/1768/1768 1767/1767/1767
f 1766/1766/1766 1767/1767/1767 1769/1769/1769
f 1770/1770/1770 1772/1772/1772 1771/1771/1771
f 1770/1770/1770 1771/1771/1771 1773/1773/1773
f 1774/1774/1774 1776/1776/1776 1775/1775/1775
f 1774/1774/1774 1775/1775/1775 1777/1777/1777
f 1778/1778/1778 1780/1780/1780 1779/1779/1779
f 1778/1778/1778 1779/1779/1779 1781/1781/1781
f 1782/1782/1782 1784/1784/1784 1783/1783/1783
f 1782/1782/1782 1783/1783/1783 1785/1785/1785
f 1786/1786/1786 1788/1788/1788 1787/1787/1787
f 1786/1786/1786 1787/1787/1787 1789/1789/1789
f 1790/1790/1790 1792/1792/1792 1791/1791/1791
f 1790/1790/1790 1791/1791/1791 1793/1793/1793
f 1794/1794/1794 1796/1796/1796 1795/1795/1795
f 1794/1794/1794 1795/1795/1795 1797/1797/1797
f 1798/1798/1798 1800/1800/1800 1799/1799/1799
f 1798/1798/1798 1799/1799/1799 1801/1801/1801
f 1802/1802/1802 1804/1804/1804 1803/1803/1803
f 1802/1802/1802 1803/1803/1803 1805/1805/1805
f 1806/1806/1806 1808/1808/1808 1807/1807/1807
f 1806/1806/1806 1807/1807/1807 1809/1809/1809
f 1806/1806/1806 1810/1810/1810 1808/1808/1808
f 1811/1811/1811 1809/1809/1809 1807/1807/1807
g Combined_Mesh_(root:_scene)_63
usemtl Combined_Mesh_(root:_scene)_63
usemap Combined_Mesh_(root:_scene)_63
f 1812/1812/1812 1814/1814/1814 1813/1813/1813
f 1812/1812/1812 1813/1813/1813 1815/1815/1815
f 1816/1816/1816 1818/1818/1818 1817/1817/1817
f 1816/1816/1816 1817/1817/1817 1819/1819/1819
f 1820/1820/1820 1822/1822/1822 1821/1821/1821
f 1820/1820/1820 1821/1821/1821 1823/1823/1823
f 1824/1824/1824 1826/1826/1826 1825/1825/1825
f 1825/1825/1825 1826/1826/1826 1827/1827/1827
g Combined_Mesh_(root:_scene)_64
usemtl Combined_Mesh_(root:_scene)_64
usemap Combined_Mesh_(root:_scene)_64
f 1828/1828/1828 1830/1830/1830 1829/1829/1829
f 1829/1829/1829 1830/1830/1830 1831/1831/1831
f 1832/1832/1832 1834/1834/1834 1833/1833/1833
f 1833/1833/1833 1834/1834/1834 1835/1835/1835
f 1836/1836/1836 1838/1838/1838 1837/1837/1837
f 1837/1837/1837 1838/1838/1838 1839/1839/1839
f 1840/1840/1840 1842/1842/1842 1841/1841/1841
f 1841/1841/1841 1842/1842/1842 1843/1843/1843
f 1844/1844/1844 1846/1846/1846 1845/1845/1845
f 1844/1844/1844 1845/1845/1845 1847/1847/1847
f 1848/1848/1848 1850/1850/1850 1849/1849/1849
f 1848/1848/1848 1849/1849/1849 1851/1851/1851
f 1852/1852/1852 1854/1854/1854 1853/1853/1853
f 1852/1852/1852 1853/1853/1853 1855/1855/1855
f 1856/1856/1856 1858/1858/1858 1857/1857/1857
f 1856/1856/1856 1857/1857/1857 1859/1859/1859
f 1860/1860/1860 1862/1862/1862 1861/1861/1861
f 1860/1860/1860 1861/1861/1861 1863/1863/1863
f 1864/1864/1864 1866/1866/1866 1865/1865/1865
f 1867/1867/1867 1869/1869/1869 1868/1868/1868
f 1870/1870/1870 1869/1869/1869 1871/1871/1871
f 1868/1868/1868 1869/1869/1869 1870/1870/1870
f 1872/1872/1872 1874/1874/1874 1873/1873/1873
f 1874/1874/1874 1875/1875/1875 1873/1873/1873
f 1876/1876/1876 1875/1875/1875 1877/1877/1877
f 1877/1877/1877 1875/1875/1875 1874/1874/1874
g Combined_Mesh_(root:_scene)_65
usemtl Combined_Mesh_(root:_scene)_65
usemap Combined_Mesh_(root:_scene)_65
f 1878/1878/1878 1880/1880/1880 1879/1879/1879
f 1878/1878/1878 1879/1879/1879 1881/1881/1881
f 1882/1882/1882 1884/1884/1884 1883/1883/1883
f 1882/1882/1882 1883/1883/1883 1885/1885/1885
f 1886/1886/1886 1888/1888/1888 1887/1887/1887
f 1886/1886/1886 1887/1887/1887 1889/1889/1889
f 1890/1890/1890 1892/1892/1892 1891/1891/1891
f 1890/1890/1890 1891/1891/1891 1893/1893/1893
f 1894/1894/1894 1896/1896/1896 1895/1895/1895
f 1895/1895/1895 1896/1896/1896 1897/1897/1897
f 1897/1897/1897 1896/1896/1896 1898/1898/1898
f 1899/1899/1899 1901/1901/1901 1900/1900/1900
f 1902/1902/1902 1901/1901/1901 1899/1899/1899
f 1903/1903/1903 1905/1905/1905 1904/1904/1904
f 1906/1906/1906 1905/1905/1905 1907/1907/1907
f 1904/1904/1904 1905/1905/1905 1906/1906/1906
f 1908/1908/1908 1910/1910/1910 1909/1909/1909
f 1911/1911/1911 1910/1910/1910 1908/1908/1908
g Combined_Mesh_(root:_scene)_66
usemtl Combined_Mesh_(root:_scene)_66
usemap Combined_Mesh_(root:_scene)_66
f 1912/1912/1912 1914/1914/1914 1913/1913/1913
f 1913/1913/1913 1914/1914/1914 1915/1915/1915
f 1916/1916/1916 1918/1918/1918 1917/1917/1917
f 1916/1916/1916 1917/1917/1917 1919/1919/1919
f 1920/1920/1920 1922/1922/1922 1921/1921/1921
f 1920/1920/1920 1921/1921/1921 1923/1923/1923
f 1924/1924/1924 1926/1926/1926 1925/1925/1925
f 1924/1924/1924 1925/1925/1925 1927/1927/1927
f 1928/1928/1928 1930/1930/1930 1929/1929/1929
f 1928/1928/1928 1929/1929/1929 1931/1931/1931
g Combined_Mesh_(root:_scene)_67
usemtl Combined_Mesh_(root:_scene)_67
usemap Combined_Mesh_(root:_scene)_67
f 1932/1932/1932 1934/1934/1934 1933/1933/1933
f 1932/1932/1932 1933/1933/1933 1935/1935/1935
f 1936/1936/1936 1938/1938/1938 1937/1937/1937
f 1936/1936/1936 1937/1937/1937 1939/1939/1939
f 1940/1940/1940 1942/1942/1942 1941/1941/1941
f 1940/1940/1940 1941/1941/1941 1943/1943/1943
f 1944/1944/1944 1946/1946/1946 1945/1945/1945
f 1944/1944/1944 1945/1945/1945 1947/1947/1947
f 1948/1948/1948 1950/1950/1950 1949/1949/1949
f 1948/1948/1948 1949/1949/1949 1951/1951/1951
f 1952/1952/1952 1954/1954/1954 1953/1953/1953
f 1952/1952/1952 1953/1953/1953 1955/1955/1955
f 1956/1956/1956 1958/1958/1958 1957/1957/1957
f 1956/1956/1956 1957/1957/1957 1959/1959/1959
f 1960/1960/1960 1962/1962/1962 1961/1961/1961
f 1960/1960/1960 1961/1961/1961 1963/1963/1963
f 1964/1964/1964 1966/1966/1966 1965/1965/1965
f 1964/1964/1964 1965/1965/1965 1967/1967/1967
g Combined_Mesh_(root:_scene)_68
usemtl Combined_Mesh_(root:_scene)_68
usemap Combined_Mesh_(root:_scene)_68
f 1968/1968/1968 1970/1970/1970 1969/1969/1969
f 1969/1969/1969 1970/1970/1970 1971/1971/1971
g Combined_Mesh_(root:_scene)_69
usemtl Combined_Mesh_(root:_scene)_69
usemap Combined_Mesh_(root:_scene)_69
f 1972/1972/1972 1974/1974/1974 1973/1973/1973
f 1973/1973/1973 1974/1974/1974 1975/1975/1975
g Combined_Mesh_(root:_scene)_70
usemtl Combined_Mesh_(root:_scene)_70
usemap Combined_Mesh_(root:_scene)_70
f 1976/1976/1976 1978/1978/1978 1977/1977/1977
f 1977/1977/1977 1978/1978/1978 1979/1979/1979
g Combined_Mesh_(root:_scene)_71
usemtl Combined_Mesh_(root:_scene)_71
usemap Combined_Mesh_(root:_scene)_71
f 1980/1980/1980 1982/1982/1982 1981/1981/1981
f 1981/1981/1981 1982/1982/1982 1983/1983/1983
g Combined_Mesh_(root:_scene)_72
usemtl Combined_Mesh_(root:_scene)_72
usemap Combined_Mesh_(root:_scene)_72
f 1984/1984/1984 1986/1986/1986 1985/1985/1985
f 1985/1985/1985 1986/1986/1986 1987/1987/1987
g Combined_Mesh_(root:_scene)_73
usemtl Combined_Mesh_(root:_scene)_73
usemap Combined_Mesh_(root:_scene)_73
f 1988/1988/1988 1990/1990/1990 1989/1989/1989
f 1989/1989/1989 1990/1990/1990 1991/1991/1991
g Combined_Mesh_(root:_scene)_74
usemtl Combined_Mesh_(root:_scene)_74
usemap Combined_Mesh_(root:_scene)_74
f 1992/1992/1992 1994/1994/1994 1993/1993/1993
f 1993/1993/1993 1994/1994/1994 1995/1995/1995
g Combined_Mesh_(root:_scene)_75
usemtl Combined_Mesh_(root:_scene)_75
usemap Combined_Mesh_(root:_scene)_75
f 1996/1996/1996 1998/1998/1998 1997/1997/1997
f 1997/1997/1997 1998/1998/1998 1999/1999/1999
